id_cliente,tipo_cliente,documento,data_cadastro,cidade,uf,segmento,score_credito,renda_mensal,id_proposta,data_proposta,canal_origem,produto_credito,valor_solicitado,prazo_meses,taxa_mensal_solicitada,status_proposta,motivo_recusa,qtd_contratos,flag_tem_contrato,data_primeira_contratacao,data_ultima_contratacao,valor_liberado_total,taxa_mensal_final_media,prazo_final_meses_medio,status_contratos,canais_originacao,produtos_credito_finais,qtd_parcelas,primeiro_vencimento,ultimo_vencimento,valor_parcelas_total,valor_principal_total,valor_juros_total,status_parcelas,qtd_pagamentos,data_primeiro_pagamento,data_ultimo_pagamento,valor_pago_total,valor_multa_total,valor_juros_mora_total,valor_desconto_total,indice_liberado_sobre_solicitado,indice_credito_sobre_renda,dias_proposta_ate_contratacao,valor_mora_total
10101.0,PF,65137098593,2025-07-23,São Paulo,SP,Emergente,584.0,1400.00,200000,2025-07-31,App,Antecipação,5089.36,12,0.022800,APROVADA,,0,0,,,0.00,,,,,,0,,,0.00,0.00,0.00,,0,,,0.00,0.00,0.00,0.00,0.0000,0.0000,,0.00
10424.0,PF,81806356512,2024-08-30,Porto Alegre,RS,MEI,406.0,3016.32,200001,2025-10-02,WhatsApp,Capital de Giro,6614.55,6,0.027100,APROVADA,,1,1,2025-10-06,2025-10-06,8171.85,0.0470000000,9.0,LIQUIDADO,WhatsApp,Capital de Giro,9,2025-11-05,2026-07-03,8180.93,6946.11,1225.80,ABERTA | ATRASADA | PAGA,7,2025-11-07,2026-07-23,5335.24,4.14,29.50,6.71,1.2354,2.7092,4.0,33.64
10391.0,PF,43987801573,2024-07-28,Porto Alegre,RS,MEI,418.0,3191.70,200002,2025-10-22,Televendas,Parcelado,19102.14,9,0.106300,APROVADA,,1,1,2025-11-01,2025-11-01,4778.47,0.0824000000,18.0,ATIVO,Televendas,Parcelado,9,2025-12-01,2026-07-29,4710.13,4061.70,716.76,ABERTA | ATRASADA | PAGA,8,2025-12-01,2026-08-08,4133.56,4.05,4.09,0.00,0.2502,1.4972,10.0,8.14
10266.0,PF,71168457759,2025-03-17,Goiânia,GO,Premium,303.0,3988.66,200003,2025-10-03,WhatsApp,Parcelado,6981.35,18,0.064600,APROVADA,,1,1,2025-10-06,2025-10-06,1050.07,0.0477000000,24.0,LIQUIDADO,WhatsApp,Parcelado,12,2025-11-05,2026-10-01,1055.97,892.56,157.56,ABERTA | ATRASADA | PAGA,9,2025-11-25,2026-09-03,682.87,0.78,1.75,1.39,0.1504,0.2633,3.0,2.53
10213.0,PF,70568566246,2024-12-26,Florianópolis,SC,Emergente,353.0,3323.26,200004,2025-08-29,WhatsApp,Antecipação,1105.36,12,0.089900,PENDENTE,,0,0,,,0.00,,,,,,0,,,0.00,0.00,0.00,,0,,,0.00,0.00,0.00,0.00,0.0000,0.0000,,0.00
10178.0,PJ,45650609835841,2024-04-29,Fortaleza,CE,Mass Market,433.0,7386.61,200005,2025-06-14,App,Parcelado,24885.24,12,0.056300,APROVADA,,1,1,2025-06-24,2025-06-24,13871.22,0.0764000000,12.0,ATIVO,App,Parcelado,12,2025-07-24,2026-06-19,13672.99,11790.48,2080.68,ABERTA | ATRASADA | PAGA,8,2025-07-25,2026-04-21,8977.77,12.31,0.97,0.00,0.5574,1.8779,10.0,13.28
10087.0,PF,36057662702,2025-04-09,Belo Horizonte,MG,PME,524.0,5947.62,200006,2025-04-17,WhatsApp,Parcelado,11285.07,12,0.042200,APROVADA,,1,1,2025-04-22,2025-04-22,1098.27,0.0563000000,6.0,CANCELADO,WhatsApp,Parcelado,6,2025-05-22,2025-10-19,1086.28,933.54,164.76,ABERTA | ATRASADA,3,2025-05-24,2025-11-23,541.52,7.84,0.86,0.00,0.0973,0.1847,5.0,8.70
10040.0,PF,59514846564,2025-12-30,Porto Alegre,RS,MEI,593.0,4970.72,200007,2025-08-13,App,Parcelado,10934.05,18,0.051500,APROVADA,,1,1,2025-08-19,2025-08-19,9165.98,0.0354000000,12.0,ATIVO,App,Parcelado,12,2025-09-18,2026-08-14,9066.27,7791.12,1374.84,ABERTA | ATRASADA | PAGA,8,2025-10-20,2026-07-05,5137.61,31.00,15.43,0.00,0.8383,1.8440,6.0,46.43
10400.0,PF,81435368222,2024-03-15,Goiânia,GO,Emergente,466.0,1102.05,200008,2025-06-12,Loja Parceira,Capital de Giro,9423.13,9,0.098400,APROVADA,,1,1,2025-06-21,2025-06-21,27400.24,0.0861000000,3.0,ATIVO,Loja Parceira,Capital de Giro,3,2025-07-21,2025-09-19,26934.73,23290.20,4110.03,ATRASADA | PAGA,4,2025-08-10,2025-09-21,26761.28,247.05,122.78,0.00,2.9078,24.8630,9.0,369.83
10075.0,PF,94717464887,2025-01-24,Florianópolis,SC,PME,595.0,10385.79,200009,2025-03-16,Loja Parceira,Consignado,29273.51,18,0.080600,RECUSADA,Documentação,0,0,,,0.00,,,,,,0,,,0.00,0.00,0.00,,0,,,0.00,0.00,0.00,0.00,0.0000,0.0000,,0.00
10376.0,PJ,2726149331637,2024-03-25,Recife,PE,Mass Market,407.0,30536.42,200010,2025-11-16,App,Parcelado,5518.40,24,0.113500,APROVADA,,1,1,2025-11-26,2025-11-26,2247.09,0.0661000000,12.0,ATIVO,App,Parcelado,12,2025-12-26,2026-11-21,2227.41,1910.04,337.08,ABERTA | PAGA,9,2026-01-25,2026-11-23,1267.73,0.00,0.00,2.38,0.4072,0.0736,10.0,0.00
10045.0,PF,67632016328,2024-09-06,Florianópolis,SC,Premium,688.0,21780.51,200011,2025-04-20,App,Parcelado,26998.02,18,0.086400,APROVADA,,1,1,2025-04-30,2025-04-30,5237.79,0.0928000000,9.0,LIQUIDADO,App,Parcelado,9,2025-05-30,2026-01-25,5177.99,4452.12,785.70,ABERTA | PAGA,8,2025-05-30,2026-02-04,3971.42,0.00,0.00,0.00,0.1940,0.2405,10.0,0.00
10159.0,PF,56909275571,2024-12-04,Salvador,BA,Premium,453.0,7070.23,200012,2025-10-17,Indicação,Capital de Giro,23415.70,12,0.074900,RECUSADA,Score baixo,0,0,,,0.00,,,,,,0,,,0.00,0.00,0.00,,0,,,0.00,0.00,0.00,0.00,0.0000,0.0000,,0.00
10462.0,PF,89448463122,2025-02-09,São Paulo,SP,Premium,787.0,4337.69,200013,2025-09-05,App,Consignado,2756.16,12,0.079100,APROVADA,,1,1,2025-09-06,2025-09-06,5829.55,0.0397000000,12.0,ATIVO,App,Consignado,12,2025-10-06,2026-09-01,5846.07,4955.16,874.44,ABERTA | PAGA,6,2025-10-08,2026-08-03,2807.87,0.00,0.00,0.00,2.1151,1.3439,1.0,0.00
10079.0,PF,74680715451,2024-04-16,Salvador,BA,Mass Market,608.0,5295.38,200014,2025-12-01,App,Parcelado,29608.51,18,0.113900,APROVADA,,1,1,2025-12-06,2025-12-06,8681.73,0.0939000000,24.0,ATIVO,App,Parcelado,12,2026-01-05,2026-12-01,8710.52,7379.52,1302.24,ABERTA | ATRASADA | PAGA,9,2026-01-07,2026-12-01,6542.80,2.16,8.48,12.94,0.2932,1.6395,5.0,10.64
10309.0,PF,1039308705,2025-08-31,Recife,PE,Mass Market,341.0,1776.72,200015,2025-12-07,App,Parcelado,8505.30,12,0.097800,APROVADA,,1,1,2025-12-17,2025-12-17,27852.59,0.0796000000,9.0,ATIVO,App,Parcelado,9,2026-01-16,2026-09-13,31283.47,26305.20,4642.10,ABERTA | PAGA,6,2026-02-20,2026-09-23,14978.87,0.00,0.00,0.00,3.2747,15.6764,10.0,0.00
10085.0,PF,40449972787,2025-06-28,Belo Horizonte,MG,PME,340.0,2962.33,200016,2025-09-19,WhatsApp,Parcelado,3408.20,3,0.017500,APROVADA,,1,1,2025-10-01,2025-10-01,4263.26,0.0950000000,18.0,ATIVO,WhatsApp,Parcelado,9,2025-10-31,2026-06-28,4151.64,3623.76,639.45,ABERTA | ATRASADA | PAGA,7,2025-11-01,2026-07-18,2763.71,4.58,5.78,0.00,1.2509,1.4392,12.0,10.36
10091.0,PF,24005045562,2024-04-06,São Paulo,SP,MEI,518.0,8688.65,200017,2025-11-30,Loja Parceira,Antecipação,24964.77,6,0.071100,APROVADA,,1,1,2025-12-09,2025-12-09,17520.54,0.0407000000,12.0,ATIVO,Loja Parceira,Antecipação,12,2026-01-08,2026-12-04,17324.73,14892.48,2628.12,ABERTA | PAGA,7,2026-01-28,2026-11-05,8669.52,0.00,0.00,20.37,0.7018,2.0165,9.0,0.00
10147.0,PF,86143410369,2025-07-12,Recife,PE,Premium,516.0,10831.84,200018,2025-12-27,WhatsApp,Parcelado,21346.93,18,0.087300,APROVADA,,1,1,2026-01-05,2026-01-05,17485.66,0.0254000000,9.0,ATIVO,WhatsApp,Parcelado,9,2026-02-04,2026-10-02,17362.68,14862.78,2622.87,ABERTA | ATRASADA | PAGA,10,2026-02-04,2026-10-12,15226.39,45.04,61.31,20.51,0.8191,1.6143,9.0,106.35
10160.0,PF,92856543102,2025-04-16,Recife,PE,PME,345.0,4167.82,200019,2025-08-01,App,Parcelado,18707.95,9,0.093600,RECUSADA,Renda insuficiente,0,0,,,0.00,,,,,,0,,,0.00,0.00,0.00,,0,,,0.00,0.00,0.00,0.00,0.0000,0.0000,,0.00
10201.0,PF,91878519108,2025-12-02,Florianópolis,SC,MEI,620.0,7164.43,200020,2025-08-11,Loja Parceira,Capital de Giro,5101.44,18,0.037400,RECUSADA,Score baixo,0,0,,,0.00,,,,,,0,,,0.00,0.00,0.00,,0,,,0.00,0.00,0.00,0.00,0.0000,0.0000,,0.00
10423.0,PF,31498643009,2024-09-16,Goiânia,GO,PME,306.0,2284.28,200021,2025-07-05,App,Antecipação,14615.64,9,0.106100,APROVADA,,1,1,2025-07-15,2025-07-15,19950.18,0.0847000000,12.0,ATIVO,App,Antecipação,12,2025-08-14,2026-07-10,20149.82,16957.68,2992.56,ABERTA | ATRASADA | PAGA,8,2025-09-14,2026-07-15,13201.21,7.15,11.77,0.00,1.3650,8.7337,10.0,18.92
10415.0,PF,17773926030,2024-10-07,Curitiba,PR,Premium,564.0,10886.33,200022,2025-11-05,Televendas,Parcelado,23526.40,12,0.115400,APROVADA,,1,1,2025-11-09,2025-11-09,10165.82,0.0839000000,6.0,ATIVO,Televendas,Parcelado,6,2025-12-09,2026-05-08,10273.11,8640.96,1524.90,ABERTA | ATRASADA | PAGA,4,2025-12-09,2026-03-11,6708.23,9.48,5.07,26.61,0.4321,0.9338,4.0,14.55
10241.0,PJ,65965756924593,2025-02-14,Goiânia,GO,Mass Market,481.0,7616.61,200023,2025-11-07,Loja Parceira,Antecipação,9456.91,3,0.039900,APROVADA,,1,1,2025-11-17,2025-11-17,11124.78,0.0668000000,3.0,LIQUIDADO,Loja Parceira,Antecipação,3,2025-12-17,2026-02-15,11062.31,9456.06,1668.72,ABERTA | PAGA,4,2025-12-17,2026-02-20,10856.02,0.00,0.00,0.00,1.1764,1.4606,10.0,0.00
10352.0,PF,96666760083,2025-01-18,Porto Alegre,RS,PME,402.0,3881.37,200024,2025-01-23,App,Parcelado,9694.85,6,0.107700,APROVADA,,1,1,2025-02-04,2025-02-04,23607.85,0.0540000000,9.0,ATIVO,App,Parcelado,9,2025-03-06,2025-11-01,23609.48,20066.67,3541.14,ABERTA | PAGA,4,2025-03-11,2025-10-22,10236.11,0.00,0.00,0.00,2.4351,6.0823,12.0,0.00
10001.0,PJ,133890838637,2025-05-23,São Paulo,SP,Premium,410.0,13186.90,200025,2025-11-24,App,Capital de Giro,592.66,24,0.025200,APROVADA,,1,1,2025-11-24,2025-11-24,17108.88,0.0256000000,12.0,ATIVO,App,Capital de Giro,12,2025-12-24,2026-11-19,17025.34,14542.56,2566.32,ABERTA | ATRASADA | PAGA,7,2026-01-23,2026-10-22,8390.23,32.75,5.58,0.00,28.8680,1.2974,0.0,38.33
10224.0,PF,12038750997,2024-05-31,Recife,PE,PME,518.0,4763.15,200026,2025-12-19,App,Parcelado,5640.18,24,0.020800,PENDENTE,,0,0,,,0.00,,,,,,0,,,0.00,0.00,0.00,,0,,,0.00,0.00,0.00,0.00,0.0000,0.0000,,0.00
10288.0,PF,80238061744,2024-05-31,Rio de Janeiro,RJ,Premium,701.0,20396.06,200027,2025-01-01,App,Capital de Giro,26324.47,12,0.028600,RECUSADA,Política,0,0,,,0.00,,,,,,0,,,0.00,0.00,0.00,,0,,,0.00,0.00,0.00,0.00,0.0000,0.0000,,0.00
10232.0,PF,50163159996,2024-08-29,Porto Alegre,RS,PME,558.0,8116.12,200028,2025-07-23,App,Parcelado,13531.52,12,0.021100,PENDENTE,,0,0,,,0.00,,,,,,0,,,0.00,0.00,0.00,,0,,,0.00,0.00,0.00,0.00,0.0000,0.0000,,0.00
10460.0,PF,6493085368,2025-06-05,Recife,PE,Emergente,578.0,1268.18,200029,2025-12-23,Loja Parceira,Antecipação,29534.92,12,0.103700,RECUSADA,Fraude,0,0,,,0.00,,,,,,0,,,0.00,0.00,0.00,,0,,,0.00,0.00,0.00,0.00,0.0000,0.0000,,0.00
10413.0,PF,77908272318,2025-10-21,Fortaleza,CE,MEI,344.0,2470.22,200030,2025-02-09,Loja Parceira,Capital de Giro,12173.38,12,0.021200,APROVADA,,1,1,2025-02-21,2025-02-21,17793.14,0.0455000000,18.0,LIQUIDADO,Loja Parceira,Capital de Giro,9,2025-03-23,2025-11-18,17520.38,15124.14,2668.95,ABERTA | PAGA,9,2025-04-24,2025-11-18,11491.22,0.00,0.00,24.58,1.4616,7.2031,12.0,0.00
10416.0,PF,29922809202,2024-03-03,Fortaleza,CE,Mass Market,404.0,2464.40,200031,2025-04-13,App,Capital de Giro,21598.00,12,0.043500,APROVADA,,1,1,2025-04-15,2025-04-15,26209.46,0.0139000000,12.0,ATIVO,App,Capital de Giro,12,2025-05-15,2026-04-10,26416.75,22278.00,3931.44,ABERTA | PAGA,6,2025-06-19,2026-04-12,13028.41,0.00,0.00,0.00,1.2135,10.6352,2.0,0.00
10076.0,PJ,71906594013990,2025-06-09,Florianópolis,SC,Emergente,437.0,5028.15,200032,2025-01-12,App,Antecipação,8816.61,3,0.025900,APROVADA,,1,1,2025-01-18,2025-01-18,23567.60,0.0761000000,6.0,LIQUIDADO,App,Antecipação,6,2025-02-17,2025-07-17,23585.66,20032.44,3535.14,ABERTA | ATRASADA | PAGA,5,2025-02-22,2025-06-27,19539.81,88.82,69.94,1.95,2.6731,4.6871,6.0,158.76
10115.0,PJ,15280988516560,2024-06-11,Porto Alegre,RS,MEI,550.0,19731.67,200033,2025-06-07,App,Antecipação,11232.38,12,0.046000,APROVADA,,0,0,,,0.00,,,,,,0,,,0.00,0.00,0.00,,0,,,0.00,0.00,0.00,0.00,0.0000,0.0000,,0.00
10153.0,PF,30305486874,2024-07-27,São Paulo,SP,PME,398.0,2322.57,200034,2025-08-03,Televendas,Parcelado,6126.42,18,0.024500,PENDENTE,,0,0,,,0.00,,,,,,0,,,0.00,0.00,0.00,,0,,,0.00,0.00,0.00,0.00,0.0000,0.0000,,0.00
10405.0,PJ,57775478129142,2025-08-09,São Paulo,SP,Emergente,511.0,6724.90,200035,2025-08-16,App,Parcelado,10738.34,24,0.085100,APROVADA,,1,1,2025-08-17,2025-08-17,6866.23,0.0294000000,6.0,CANCELADO,App,Parcelado,6,2025-09-16,2026-02-13,6992.08,5836.32,1029.96,ABERTA,0,,,0.00,0.00,0.00,0.00,0.6394,1.0210,1.0,0.00
10102.0,PF,17461200471,2024-04-07,Goiânia,GO,PME,432.0,5248.70,200036,2025-09-17,WhatsApp,Consignado,16643.51,3,0.029000,RECUSADA,Fraude,0,0,,,0.00,,,,,,0,,,0.00,0.00,0.00,,0,,,0.00,0.00,0.00,0.00,0.0000,0.0000,,0.00
10193.0,PF,40193802620,2025-09-28,Porto Alegre,RS,PME,346.0,2655.75,200037,2025-05-28,Televendas,Parcelado,29757.30,18,0.104400,APROVADA,,1,1,2025-06-09,2025-06-09,13561.57,0.0927000000,12.0,ATIVO,Televendas,Parcelado,12,2025-07-09,2026-06-04,13672.76,11527.32,2034.24,ABERTA | ATRASADA | PAGA,13,2025-07-10,2026-06-04,12335.59,54.20,50.83,39.10,0.4557,5.1065,12.0,105.03
10165.0,PJ,29114678669125,2025-10-14,Salvador,BA,Mass Market,508.0,11027.46,200038,2025-06-08,Loja Parceira,Capital de Giro,20093.95,12,0.100800,RECUSADA,Política,0,0,,,0.00,,,,,,0,,,0.00,0.00,0.00,,0,,,0.00,0.00,0.00,0.00,0.0000,0.0000,,0.00
10358.0,PJ,167618472304,2025-01-04,Florianópolis,SC,Premium,428.0,14362.48,200039,2025-03-18,Televendas,Consignado,6377.76,12,0.016400,PENDENTE,,0,0,,,0.00,,,,,,0,,,0.00,0.00,0.00,,0,,,0.00,0.00,0.00,0.00,0.0000,0.0000,,0.00
10089.0,PF,45961586578,2024-04-20,Fortaleza,CE,Emergente,430.0,5764.20,200040,2025-03-05,App,Parcelado,1826.36,6,0.109100,RECUSADA,Política,0,0,,,0.00,,,,,,0,,,0.00,0.00,0.00,,0,,,0.00,0.00,0.00,0.00,0.0000,0.0000,,0.00
10173.0,PF,56258815371,2025-10-06,Fortaleza,CE,Mass Market,357.0,1185.07,200041,2025-02-20,Indicação,Capital de Giro,4227.52,12,0.018000,RECUSADA,Renda insuficiente,0,0,,,0.00,,,,,,0,,,0.00,0.00,0.00,,0,,,0.00,0.00,0.00,0.00,0.0000,0.0000,,0.00
10121.0,PJ,79764381561497,2024-11-16,Fortaleza,CE,Premium,426.0,13143.21,200042,2025-07-22,App,Parcelado,17095.38,9,0.040200,APROVADA,,1,1,2025-07-23,2025-07-23,1241.62,0.0146000000,18.0, LIQUIDADO ,App,Parcelado,9,2025-08-22,2026-04-19,1242.24,1055.34,186.21,ABERTA | ATRASADA | PAGA,9,2025-09-01,2026-04-29,1087.71,1.94,1.52,0.99,0.0726,0.0945,1.0,3.46
10497.0,PF,33521103924,2024-02-14,Recife,PE,PME,469.0,7875.60,200043,2025-11-03,App,Capital de Giro,23072.23,9,0.018400,RECUSADA,Fraude,0,0,,,0.00,,,,,,0,,,0.00,0.00,0.00,,0,,,0.00,0.00,0.00,0.00,0.0000,0.0000,,0.00
10142.0,PF,39240758181,2024-06-28,Fortaleza,CE,MEI,331.0,3172.02,200044,2025-05-12,WhatsApp,Parcelado,28242.37,18,0.050300,PENDENTE,,0,0,,,0.00,,,,,,0,,,0.00,0.00,0.00,,0,,,0.00,0.00,0.00,0.00,0.0000,0.0000,,0.00
10481.0,PF,86338392886,2025-06-23,Goiânia,GO,MEI,415.0,2139.96,200045,2025-06-01,Indicação,Parcelado,966.78,18,0.069000,RECUSADA,Renda insuficiente,0,0,,,0.00,,,,,,0,,,0.00,0.00,0.00,,0,,,0.00,0.00,0.00,0.00,0.0000,0.0000,,0.00
10105.0,PF,58506431713,2025-04-19,Recife,PE,Premium,731.0,22948.96,200046,2025-04-16,Televendas,Capital de Giro,15921.42,12,0.098600,RECUSADA,Renda insuficiente,0,0,,,0.00,,,,,,0,,,0.00,0.00,0.00,,0,,,0.00,0.00,0.00,0.00,0.0000,0.0000,,0.00
10374.0,PF,50375899757,2024-10-09,Goiânia,GO,PME,468.0,4235.21,200047,2025-11-14,App,Antecipação,14390.59,24,0.050500,RECUSADA,Política,0,0,,,0.00,,,,,,0,,,0.00,0.00,0.00,,0,,,0.00,0.00,0.00,0.00,0.0000,0.0000,,0.00
10427.0,PJ,49562137213865,2025-08-13,Belo Horizonte,MG,PME,302.0,20064.78,200048,2025-02-15,App,Antecipação,19853.62,9,0.089100,RECUSADA,Fraude,0,0,,,0.00,,,,,,0,,,0.00,0.00,0.00,,0,,,0.00,0.00,0.00,0.00,0.0000,0.0000,,0.00
10304.0,PF,26383806578,2024-10-16,Fortaleza,CE,Premium,384.0,4391.52,200049,2025-01-05,Indicação,Parcelado,17007.58,6,0.034700,APROVADA,,1,1,2025-01-11,2025-01-11,20880.18,0.0569000000,12.0,CANCELADO,Indicação,Parcelado,12,2025-02-10,2026-01-06,21018.66,17748.12,3132.00,ABERTA,1,2025-12-12,2025-12-12,1703.63,0.00,0.00,0.00,1.2277,4.7547,6.0,0.00
10304.0,PF,26383806578,2024-10-16,Fortaleza,CE,Premium,301.0,5333.30,200049,2025-01-05,Indicação,Parcelado,17007.58,6,0.034700,APROVADA,,1,1,2025-01-11,2025-01-11,20880.18,0.0569000000,12.0,CANCELADO,Indicação,Parcelado,12,2025-02-10,2026-01-06,21018.66,17748.12,3132.00,ABERTA,1,2025-12-12,2025-12-12,1703.63,0.00,0.00,0.00,1.2277,3.9151,6.0,0.00
10359.0,PF,61849926189,2025-08-06,Curitiba,PR,PME,533.0,8772.22,200050,2025-08-25,App,Parcelado,20767.65,12,0.093800,RECUSADA,Política,0,0,,,0.00,,,,,,0,,,0.00,0.00,0.00,,0,,,0.00,0.00,0.00,0.00,0.0000,0.0000,,0.00
10458.0,PF,83174564240,2025-01-05,Salvador,BA,Mass Market,444.0,1239.82,200051,2025-02-22,WhatsApp,Capital de Giro,19913.44,6,0.039800,APROVADA,,1,1,2025-03-02,2025-03-02,21626.39,0.0559000000,9.0,CANCELADO,WhatsApp,Capital de Giro,9,2025-04-01,2025-11-27,21607.88,18382.41,3243.96,ABERTA | ATRASADA,2,2025-08-29,2025-12-02,4653.21,66.27,31.76,0.00,1.0860,17.4432,8.0,98.03
10316.0,PF,67626765861,2024-12-02,São Paulo,SP,Premium,665.0,12011.83,200052,2025-11-19,Televendas,Parcelado,3951.85,9,0.030100,APROVADA,,1,1,2025-11-20,2025-11-20,29979.83,0.0689000000,3.0,ATIVO,Televendas,Parcelado,3,2025-12-20,2026-02-18,30386.49,25482.87,4496.97,ABERTA | PAGA,2,2026-01-24,2026-02-08,19191.37,0.00,0.00,0.00,7.5863,2.4959,1.0,0.00
10450.0,PJ,45587716947225,2024-12-21,São Paulo,SP,Premium,454.0,18182.76,200053,2025-08-28,Loja Parceira,Consignado,24091.68,6,0.034500,APROVADA,,1,1,2025-08-29,2025-08-29,27581.31,0.0479000000,24.0,ATIVO,Loja Parceira,Consignado,12,2025-09-28,2026-08-24,27126.17,23444.16,4137.24,ABERTA | ATRASADA | PAGA,10,2025-10-08,2026-08-24,20257.27,186.86,68.61,41.87,1.1448,1.5169,1.0,255.47
10122.0,PF,84036900343,2025-03-26,Rio de Janeiro,RJ,PME,393.0,4472.91,200054,2025-12-21,App,Antecipação,4135.36,3,0.034100,APROVADA,,1,1,2025-12-27,2025-12-27,14543.73,0.1095000000,18.0,LIQUIDADO,App,Antecipação,9,2026-01-26,2026-09-23,14442.51,12362.13,2181.60,ABERTA | ATRASADA | PAGA,6,2026-01-27,2026-07-15,7860.04,48.57,13.91,0.00,3.5169,3.2515,6.0,62.48
10389.0,PJ,90947985158328,2024-06-02,Goiânia,GO,PME,672.0,38131.37,200055,2025-02-19,Loja Parceira,Capital de Giro,21106.65,18,0.068900,APROVADA,,1,1,2025-03-01,2025-03-01,17205.74,0.0570000000,3.0,ATIVO,Loja Parceira,Capital de Giro,3,2025-03-31,2025-05-30,17351.22,14624.88,2580.87,ABERTA | PAGA,2,2025-05-05,2025-06-09,11623.03,0.00,0.00,43.75,0.8152,0.4512,10.0,0.00
10008.0,PF,76724238849,2025-10-28,Belo Horizonte,MG,MEI,420.0,3273.91,200056,2025-02-19,App,Consignado,12776.29,6,0.103700,APROVADA,,1,1,2025-02-23,2025-02-23,20092.51,0.0771000000,18.0,ATIVO,App,Consignado,9,2025-03-25,2025-11-20,20080.43,17078.67,3013.92,ABERTA | ATRASADA | PAGA,4,2025-04-04,2025-11-25,8840.93,67.57,26.31,41.15,1.5726,6.1372,4.0,93.88
10261.0,PJ,85807836134074,2025-02-21,Belo Horizonte,MG,MEI,557.0,22564.79,200057,2025-10-21,Televendas,Parcelado,15658.60,12,0.023400,APROVADA,,1,1,2025-10-25,2025-10-25,5301.89,0.0668000000,12.0,LIQUIDADO,Televendas,Parcelado,12,2025-11-24,2026-10-20,5364.14,4506.60,795.24,ABERTA | PAGA,12,2025-12-14,2026-10-22,4410.06,0.00,0.00,7.00,0.3386,0.2350,4.0,0.00
10072.0,PF,41232812067,2025-02-16,Fortaleza,CE,Mass Market,429.0,1751.93,200058,2025-11-10,Loja Parceira,Capital de Giro,27147.29,3,0.089200,APROVADA,,1,1,2025-11-22,2025-11-22,17680.83,0.1087000000,12.0,CANCELADO,Loja Parceira,Capital de Giro,12,2025-12-22,2026-11-17,17518.85,15028.68,2652.12,ABERTA | ATRASADA,4,2026-05-26,2026-09-18,5653.96,32.78,69.95,0.00,0.6513,10.0922,12.0,102.73
10358.0,PJ,167618472304,2025-01-04,Florianópolis,SC,Premium,428.0,14362.48,200059,2025-11-22,Televendas,Parcelado,26751.57,18,0.083700,APROVADA,,0,0,,,0.00,,,,,,0,,,0.00,0.00,0.00,,0,,,0.00,0.00,0.00,0.00,0.0000,0.0000,,0.00
,,,,,,,,,200060,2025-09-11,App,Consignado,24626.76,9,0.106600,RECUSADA,Fraude,0,0,,,0.00,,,,,,0,,,0.00,0.00,0.00,,0,,,0.00,0.00,0.00,0.00,0.0000,,,0.00
10415.0,PF,17773926030,2024-10-07,Curitiba,PR,Premium,564.0,10886.33,200061,2025-12-05,Indicação,Parcelado,15549.38,18,0.040600,PENDENTE,,0,0,,,0.00,,,,,,0,,,0.00,0.00,0.00,,0,,,0.00,0.00,0.00,0.00,0.0000,0.0000,,0.00
10040.0,PF,59514846564,2025-12-30,Porto Alegre,RS,MEI,593.0,4970.72,200062,2025-08-15,App,Capital de Giro,22219.07,12,0.062300,RECUSADA,Renda insuficiente,0,0,,,0.00,,,,,,0,,,0.00,0.00,0.00,,0,,,0.00,0.00,0.00,0.00,0.0000,0.0000,,0.00
10369.0,PF,37562890028,2025-12-18,Recife,PE,Emergente,729.0,800.00,200063,2025-06-15,App,Antecipação,15630.46,6,0.112200,PENDENTE,,0,0,,,0.00,,,,,,0,,,0.00,0.00,0.00,,0,,,0.00,0.00,0.00,0.00,0.0000,0.0000,,0.00
10203.0,PJ,97187072867908,2024-05-11,Curitiba,PR,Mass Market,365.0,8530.84,200064,2025-06-04,App,Parcelado,26153.38,12,0.084300,RECUSADA,Fraude,0,0,,,0.00,,,,,,0,,,0.00,0.00,0.00,,0,,,0.00,0.00,0.00,0.00,0.0000,0.0000,,0.00
10263.0,PF,92330958498,2025-01-21,Goiânia,GO,MEI,565.0,4602.69,200065,2025-10-26,WhatsApp,Parcelado,12381.89,6,0.055800,APROVADA,,1,1,2025-11-04,2025-11-04,13370.89,0.0773000000,6.0,ATIVO,WhatsApp,Parcelado,6,2025-12-04,2026-05-03,13248.57,11365.26,2005.62,ABERTA | PAGA,2,2026-01-05,2026-02-02,4341.92,0.00,0.00,0.00,1.0799,2.9050,9.0,0.00
10327.0,PF,89921722332,2024-01-14,Porto Alegre,RS,MEI,362.0,2411.53,200066,2025-05-21,WhatsApp,Antecipação,29121.94,12,0.028800,RECUSADA,Renda insuficiente,0,0,,,0.00,,,,,,0,,,0.00,0.00,0.00,,0,,,0.00,0.00,0.00,0.00,0.0000,0.0000,,0.00
10177.0,PF,4797480162,2025-06-03,Salvador,BA,PME,540.0,6368.24,200067,2025-03-24,Televendas,Parcelado,28003.52,9,0.042600,RECUSADA,Renda insuficiente,0,0,,,0.00,,,,,,0,,,0.00,0.00,0.00,,0,,,0.00,0.00,0.00,0.00,0.0000,0.0000,,0.00
10347.0,PF,48251353465,2024-03-04,Goiânia,GO,Mass Market,405.0,1189.91,200068,2025-06-04,App,Parcelado,22377.28,24,0.076000,APROVADA,,1,1,2025-06-07,2025-06-07,10585.04,0.0330000000,12.0,ATIVO,App,Parcelado,12,2025-07-07,2026-06-02,10501.99,8997.24,1587.72,ABERTA | ATRASADA | PAGA,11,2025-07-07,2026-05-23,8692.34,17.80,3.37,18.84,0.4730,8.8957,3.0,21.17
10317.0,PF,79327104054,2025-09-23,São Paulo,SP,Premium,489.0,6656.63,200069,2025-01-03,App,Parcelado,8742.77,3,0.090400,APROVADA,,1,1,2025-01-15,2025-01-15,18240.92,0.0164000000,6.0,ATIVO,App,Parcelado,6,2025-02-14,2025-07-14,18489.49,15504.78,2736.12,ABERTA | ATRASADA | PAGA,4,2025-02-14,2025-07-16,12358.91,106.88,52.34,0.00,2.0864,2.7403,12.0,159.22
10083.0,PF,27484677378,2025-12-02,Belo Horizonte,MG,PME,578.0,6673.50,200070,2025-07-01,Loja Parceira,Parcelado,4383.78,18,0.028100,RECUSADA,Fraude,0,0,,,0.00,,,,,,0,,,0.00,0.00,0.00,,0,,,0.00,0.00,0.00,0.00,0.0000,0.0000,,0.00
10317.0,PF,79327104054,2025-09-23,São Paulo,SP,Premium,489.0,6656.63,200071,2025-09-24,App,Antecipação,25713.75,6,0.078000,APROVADA,,1,1,2025-10-05,2025-10-05,10562.28,0.0334000000,12.0,ATIVO,App,Antecipação,12,2025-11-04,2026-09-30,10563.49,8977.92,1584.36,ABERTA | PAGA,8,2025-11-06,2026-09-20,6054.15,0.00,0.00,4.27,0.4108,1.5867,11.0,0.00
10110.0,PF,78390847007,2024-06-14,Belo Horizonte,MG,Emergente,714.0,800.00,200072,2025-09-17,Loja Parceira,Capital de Giro,5376.42,9,0.072800,RECUSADA,Score baixo,0,0,,,0.00,,,,,,0,,,0.00,0.00,0.00,,0,,,0.00,0.00,0.00,0.00,0.0000,0.0000,,0.00
10250.0,PF,1051238282,2025-07-07,São Paulo,SP,Emergente,561.0,4791.30,200073,2025-04-09,Indicação,Parcelado,25700.69,12,0.069000,APROVADA,,1,1,2025-04-09,2025-04-09,15143.77,0.0365000000,18.0,ATIVO,Indicação,Parcelado,9,2025-05-09,2026-01-04,14917.00,12872.16,2271.60,ABERTA | PAGA,8,2025-06-08,2026-01-06,11569.94,0.00,0.00,0.00,0.5892,3.1607,0.0,0.00
10382.0,PF,85158799684,2025-10-11,Curitiba,PR,Premium,783.0,10077.77,200074,2025-12-04,Indicação,Parcelado,14977.57,24,0.087500,RECUSADA,Documentação,0,0,,,0.00,,,,,,0,,,0.00,0.00,0.00,,0,,,0.00,0.00,0.00,0.00,0.0000,0.0000,,0.00
10006.0,PF,34192832764,2025-04-27,Rio de Janeiro,RJ,Premium,460.0,6717.46,200075,2025-07-29,Indicação,Parcelado,12493.43,6,0.102900,APROVADA,,1,1,2025-08-07,2025-08-07,29370.30,0.0889000000,9.0,ATIVO,Indicação,Parcelado,9,2025-09-06,2026-05-04,29914.51,24964.74,4405.50,ABERTA | ATRASADA | PAGA,4,2025-11-05,2026-04-04,13212.53,91.90,19.34,0.00,2.3509,4.3722,9.0,111.24
10458.0,PF,83174564240,2025-01-05,Salvador,BA,Mass Market,444.0,1239.82,200076,2025-01-13,WhatsApp,Parcelado,27144.13,6,0.048900,APROVADA,,1,1,2025-01-20,2025-01-20,24188.68,0.0591000000,12.0,CANCELADO,WhatsApp,Parcelado,12,2025-02-19,2026-01-15,24080.93,20560.32,3628.32,ABERTA | ATRASADA,5,2025-03-23,2025-12-16,9982.85,77.56,110.63,0.00,0.8911,19.5098,7.0,188.19
10083.0,PF,27484677378,2025-12-02,Belo Horizonte,MG,PME,578.0,6673.50,200077,2025-01-14,App,Parcelado,18313.60,9,0.108300,APROVADA,,1,1,2025-01-23,2025-01-23,29275.79,0.0823000000,12.0,ATIVO,App,Parcelado,12,2025-02-22,2026-01-18,29459.38,24884.40,4391.40,ABERTA | ATRASADA | PAGA,11,2025-02-24,2026-01-28,21822.46,176.61,112.95,0.00,1.5986,4.3869,9.0,289.56
10207.0,PF,28682300478,2025-07-12,Porto Alegre,RS,PME,417.0,3381.84,200078,2025-06-25,App,Parcelado,17510.11,6,0.031900,RECUSADA,Documentação,0,0,,,0.00,,,,,,0,,,0.00,0.00,0.00,,0,,,0.00,0.00,0.00,0.00,0.0000,0.0000,,0.00
10387.0,PF,47212281606,2025-07-07,Goiânia,GO,MEI,679.0,1504.21,200079,2025-05-15,Loja Parceira,Parcelado,16983.60,6,0.033200,RECUSADA,Política,0,0,,,0.00,,,,,,0,,,0.00,0.00,0.00,,0,,,0.00,0.00,0.00,0.00,0.0000,0.0000,,0.00
10389.0,PJ,90947985158328,2024-06-02,Goiânia,GO,PME,672.0,38131.37,200080,2025-07-31,Televendas,Capital de Giro,11449.50,12,0.043000,RECUSADA,Política,0,0,,,0.00,,,,,,0,,,0.00,0.00,0.00,,0,,,0.00,0.00,0.00,0.00,0.0000,0.0000,,0.00
10313.0,PJ,26442209690295,2024-01-26,Salvador,BA,Mass Market,367.0,6482.16,200081,2025-12-17,App,Parcelado,23676.47,3,0.027600,APROVADA,,1,1,2025-12-27,2025-12-27,13740.53,0.1022000000,18.0,CANCELADO,App,Parcelado,9,2026-01-26,2026-09-23,13843.34,11679.48,2061.09,ABERTA | ATRASADA,3,2026-03-07,2026-05-01,3106.64,33.83,22.69,0.00,0.5803,2.1197,10.0,56.52
10021.0,PF,73178108013,2024-05-25,São Paulo,SP,MEI,609.0,5946.14,200082,2025-01-30,App,Capital de Giro,7957.55,3,0.039200,RECUSADA,Documentação,0,0,,,0.00,,,,,,0,,,0.00,0.00,0.00,,0,,,0.00,0.00,0.00,0.00,0.0000,0.0000,,0.00
10409.0,PF,28272299275,2025-10-13,Recife,PE,Premium,517.0,10179.78,200083,2025-09-23,App,Capital de Giro,28197.40,18,0.026200,APROVADA,,1,1,2025-10-05,2025-10-05,8416.02,0.0312000000,18.0,LIQUIDADO,App,Capital de Giro,9,2025-11-04,2026-07-02,8468.87,7153.65,1262.43,ABERTA | ATRASADA | PAGA,7,2025-12-24,2026-07-07,6480.70,5.20,15.24,0.00,0.2985,0.8267,12.0,20.44
10382.0,PF,85158799684,2025-10-11,Curitiba,PR,Premium,783.0,10077.77,200084,2025-07-11,Loja Parceira,Capital de Giro,26872.56,9,0.101300,APROVADA,,1,1,2025-07-21,2025-07-21,29074.84,0.0208000000,12.0,ATIVO,Loja Parceira,Capital de Giro,11,2025-08-20,2026-07-16,26541.62,22654.17,3997.84,ABERTA | PAGA,6,2025-09-24,2026-07-21,11916.68,0.00,0.00,0.00,1.0820,2.8850,10.0,0.00
10002.0,PF,94026542351,2024-07-17,Fortaleza,CE,Premium,365.0,4090.51,200085,2025-11-09,Televendas,Capital de Giro,10455.67,6,0.029600,APROVADA,,1,1,2025-11-19,2025-11-19,5324.60,0.0231000000,12.0,ATIVO,Televendas,Capital de Giro,12,2025-12-19,2026-11-14,5397.52,4525.92,798.72,ABERTA | ATRASADA | PAGA,6,2025-12-19,2026-11-16,2714.12,3.68,3.45,0.00,0.5093,1.3017,10.0,7.13
10126.0,PJ,52975161369681,2024-11-08,Rio de Janeiro,RJ,Emergente,693.0,18194.79,200086,2025-10-01,WhatsApp,Parcelado,22019.18,6,0.093500,RECUSADA,Fraude,0,0,,,0.00,,,,,,0,,,0.00,0.00,0.00,,0,,,0.00,0.00,0.00,0.00,0.0000,0.0000,,0.00
10296.0,PJ,61853747411249,2025-05-18,Florianópolis,SC,Mass Market,370.0,6175.94,200087,2025-04-12,App,Antecipação,17410.08,12,0.020000,APROVADA,,1,1,2025-04-18,2025-04-18,23918.38,0.0514000000,18.0,ATIVO,App,Antecipação,9,2025-05-18,2026-01-13,26608.14,22589.60,3986.40,ABERTA | ATRASADA | PAGA,10,2025-06-19,2026-01-13,21142.61,18.85,36.41,0.00,1.3738,3.8728,6.0,55.26
10187.0,PF,27858549733,2025-03-22,Curitiba,PR,Premium,850.0,9628.57,200088,2025-07-08,Indicação,Capital de Giro,10460.65,9,0.114600,APROVADA,,1,1,2025-07-18,2025-07-18,8626.01,0.1016000000,6.0,LIQUIDADO,Indicação,Capital de Giro,6,2025-08-17,2026-01-14,8824.21,7332.12,1293.90,ABERTA | PAGA,5,2025-09-16,2026-01-15,7157.51,0.00,0.00,0.00,0.8246,0.8959,10.0,0.00
10361.0,PF,56420873753,2024-04-22,Rio de Janeiro,RJ,Mass Market,379.0,1977.22,200089,2025-07-10,WhatsApp,Parcelado,29661.39,12,0.089700,RECUSADA,Política,0,0,,,0.00,,,,,,0,,,0.00,0.00,0.00,,0,,,0.00,0.00,0.00,0.00,0.0000,0.0000,,0.00
10013.0,PF,57015430391,2024-10-09,Goiânia,GO,Emergente,441.0,1174.08,200090,2025-08-11,App,Antecipação,1244.50,6,0.015700,RECUSADA,Documentação,0,0,,,0.00,,,,,,0,,,0.00,0.00,0.00,,0,,,0.00,0.00,0.00,0.00,0.0000,0.0000,,0.00
10458.0,PF,83174564240,2025-01-05,Salvador,BA,Mass Market,444.0,1239.82,200091,2025-03-31,App,Capital de Giro,7953.06,12,0.095200,APROVADA,,1,1,2025-04-07,2025-04-07,14293.87,0.0132000000,24.0,ATIVO,App,Capital de Giro,12,2025-05-07,2026-04-02,14195.23,12149.76,2144.04,ABERTA | ATRASADA | PAGA,7,2025-07-08,2026-04-04,8107.88,39.89,51.45,0.00,1.7973,11.5290,7.0,91.34
10465.0,PF,7356475705,2024-12-02,Belo Horizonte,MG,Mass Market,451.0,1488.36,200092,2025-08-18,App,Parcelado,15842.18,9,0.069000,APROVADA,,1,1,2025-08-20,2025-08-20,4445.94,0.0845000000,12.0,ATIVO,App,Parcelado,12,2025-09-19,2026-08-15,4505.21,3779.04,666.84,ABERTA | PAGA,8,2025-10-29,2026-09-19,2255.06,0.00,0.00,2.97,0.2806,2.9871,2.0,0.00
10011.0,PJ,80184514627048,2024-08-01,Fortaleza,CE,PME,636.0,69901.42,200093,2025-08-30,App,Parcelado,15897.61,12,0.096800,APROVADA,,1,1,2025-09-09,2025-09-09,29096.16,0.0630000000,6.0,LIQUIDADO,App,Parcelado,6,2025-10-09,2026-03-08,29281.26,24731.76,4364.40,ATRASADA | PAGA,7,2025-10-10,2026-03-13,28932.13,186.12,82.25,0.00,1.8302,0.4162,10.0,268.37
10086.0,PF,55886753396,2025-08-22,Rio de Janeiro,RJ,Emergente,451.0,2909.38,200094,2025-09-01,Indicação,Parcelado,17873.53,18,0.069900,APROVADA,,1,1,2025-09-06,2025-09-06,5463.68,0.0745000000,6.0,ATIVO,Indicação,Parcelado,6,2025-10-06,2026-03-05,5444.32,4644.12,819.54,ABERTA | PAGA,4,2025-10-16,2026-02-05,3601.77,0.00,0.00,11.85,0.3057,1.8780,5.0,0.00
10011.0,PJ,80184514627048,2024-08-01,Fortaleza,CE,PME,636.0,69901.42,200095,2025-09-07,Loja Parceira,Antecipação,22674.45,12,0.082300,RECUSADA,Score baixo,0,0,,,0.00,,,,,,0,,,0.00,0.00,0.00,,0,,,0.00,0.00,0.00,0.00,0.0000,0.0000,,0.00
10396.0,PJ,93466766506180,2024-04-24,Salvador,BA,Premium,319.0,13159.23,200096,2025-07-16,Televendas,Capital de Giro,18892.60,9,0.097600,APROVADA,,1,1,2025-07-21,2025-07-21,11172.22,0.0622000000,24.0,ATIVO,Televendas,Capital de Giro,12,2025-08-20,2026-07-16,11207.04,9496.44,1675.80,ABERTA | ATRASADA | PAGA,8,2025-09-19,2026-07-26,6393.51,14.16,9.57,4.81,0.5914,0.8490,5.0,23.73
10024.0,PF,98050097882,2025-06-04,Florianópolis,SC,Mass Market,546.0,800.00,200097,2025-07-30,App,Consignado,18208.30,6,0.057500,RECUSADA,Renda insuficiente,0,0,,,0.00,,,,,,0,,,0.00,0.00,0.00,,0,,,0.00,0.00,0.00,0.00,0.0000,0.0000,,0.00
10300.0,PF,94101372151,2025-02-05,Goiânia,GO,Emergente,481.0,938.60,200098,2025-08-12,App,Capital de Giro,2078.68,9,0.015300,RECUSADA,Política,0,0,,,0.00,,,,,,0,,,0.00,0.00,0.00,,0,,,0.00,0.00,0.00,0.00,0.0000,0.0000,,0.00
10242.0,PJ,75265479356465,2025-12-06,Rio de Janeiro,RJ,Mass Market,321.0,5023.60,200099,2025-11-25,Loja Parceira,Parcelado,11607.64,6,0.104200,APROVADA,,1,1,2025-12-06,2025-12-06,7970.96,0.0789000000,6.0,ATIVO,Loja Parceira,Parcelado,6,2026-01-05,2026-06-04,7826.69,6775.32,1195.62,ABERTA | PAGA,4,2026-02-14,2026-05-05,5068.35,0.00,0.00,0.00,0.6867,1.5867,11.0,0.00
10121.0,PJ,79764381561497,2024-11-16,Fortaleza,CE,Premium,426.0,13143.21,200100,2025-07-14,App,Parcelado,7345.64,6,0.055000,PENDENTE,,0,0,,,0.00,,,,,,0,,,0.00,0.00,0.00,,0,,,0.00,0.00,0.00,0.00,0.0000,0.0000,,0.00
10146.0,PF,77901043289,2024-10-09,Porto Alegre,RS,MEI,560.0,5051.11,200101,2025-01-04,Loja Parceira,Capital de Giro,8328.42,18,0.067100,APROVADA,,1,1,2025-01-08,2025-01-08,4047.40,0.0265000000,9.0,CANCELADO,Loja Parceira,Capital de Giro,9,2025-02-07,2025-10-05,4051.32,3440.25,607.14,ABERTA | ATRASADA,3,2025-03-11,2025-11-09,1311.37,1.86,6.98,0.00,0.4860,0.8013,4.0,8.84
10054.0,PF,64641708053,2025-02-22,Rio de Janeiro,RJ,Mass Market,537.0,3851.11,200102,2025-06-15,Indicação,Capital de Giro,16852.96,9,0.015800,APROVADA,,1,1,2025-06-26,2025-06-26,24093.00,0.0810000000,24.0,ATIVO,Indicação,Capital de Giro,12,2025-07-26,2026-06-21,24227.69,20479.08,3613.92,ABERTA | PAGA,10,2025-08-25,2026-05-27,17639.93,0.00,0.00,0.00,1.4296,6.2561,11.0,0.00
10237.0,PF,1581995604,2024-07-26,Rio de Janeiro,RJ,Emergente,464.0,1141.14,200103,2025-11-26,Loja Parceira,Consignado,6385.41,12,0.066700,APROVADA,,1,1,2025-12-07,2025-12-07,8714.73,0.0265000000,3.0,ATIVO,Loja Parceira,Consignado,3,2026-01-06,2026-03-07,8635.33,7407.51,1307.22,ABERTA | ATRASADA | PAGA,3,2026-01-06,2026-04-11,8550.43,36.09,15.49,0.00,1.3648,7.6369,11.0,51.58
10355.0,PF,78985625753,2024-01-28,Curitiba,PR,Premium,698.0,14323.01,200104,2025-07-28,Loja Parceira,Parcelado,9171.50,12,0.118600,APROVADA,,1,1,2025-08-03,2025-08-03,14629.63,0.0643000000,18.0,ATIVO,Loja Parceira,Parcelado,9,2025-09-02,2026-04-30,14661.33,12435.21,2194.47,ABERTA | PAGA,6,2025-09-12,2026-06-04,7933.56,0.00,0.00,10.44,1.5951,1.0214,6.0,0.00
10172.0,PF,27677359255,2025-10-15,Rio de Janeiro,RJ,Emergente,591.0,1533.57,200105,2025-05-01,App,Parcelado,7494.00,12,0.044200,APROVADA,,1,1,2025-05-01,2025-05-01,29991.38,0.0244000000,9.0,LIQUIDADO,App,Parcelado,9,2025-05-31,2026-01-26,29802.55,25492.68,4498.74,ABERTA | ATRASADA | PAGA,5,2025-06-10,2026-01-26,16116.93,118.50,56.86,0.00,4.0021,19.5566,0.0,175.36
10391.0,PF,43987801573,2024-07-28,Porto Alegre,RS,MEI,418.0,3191.70,200106,2025-05-09,App,Capital de Giro,28480.84,3,0.056500,APROVADA,,1,1,2025-05-13,2025-05-13,755.74,0.0811000000,18.0,LIQUIDADO,App,Capital de Giro,9,2025-06-12,2026-02-07,749.33,642.42,113.40,ABERTA | ATRASADA | PAGA,7,2025-08-12,2026-02-09,484.07,2.25,1.12,0.50,0.0265,0.2368,4.0,3.37
10220.0,PF,56093204899,2025-10-05,Fortaleza,CE,MEI,656.0,6885.57,200107,2025-12-22,App,Capital de Giro,28367.64,18,0.087200,RECUSADA,Política,0,0,,,0.00,,,,,,0,,,0.00,0.00,0.00,,0,,,0.00,0.00,0.00,0.00,0.0000,0.0000,,0.00
10118.0,PJ,94024455022961,2024-05-29,Recife,PE,MEI,386.0,5418.39,200108,2025-04-18,Loja Parceira,Capital de Giro,18493.28,6,0.100600,PENDENTE,,0,0,,,0.00,,,,,,0,,,0.00,0.00,0.00,,0,,,0.00,0.00,0.00,0.00,0.0000,0.0000,,0.00
10308.0,PJ,59059929378427,2024-05-21,Salvador,BA,Premium,689.0,54515.33,200109,2025-03-02,App,Antecipação,27773.41,18,0.058800,RECUSADA,Score baixo,0,0,,,0.00,,,,,,0,,,0.00,0.00,0.00,,0,,,0.00,0.00,0.00,0.00,0.0000,0.0000,,0.00
10182.0,PJ,59526949588879,2025-04-07,Goiânia,GO,PME,639.0,42963.39,200110,2025-09-10,App,Parcelado,23681.47,18,0.047500,APROVADA,,1,1,2025-09-22,2025-09-22,13691.23,0.0811000000,6.0,ATIVO,App,Parcelado,6,2025-10-22,2026-03-21,13760.12,11637.54,2053.68,ABERTA | PAGA,3,2025-11-11,2026-03-26,6927.55,0.00,0.00,0.00,0.5781,0.3187,12.0,0.00
10287.0,PF,63536541951,2025-06-22,Rio de Janeiro,RJ,Emergente,318.0,1139.05,200111,2025-08-06,Loja Parceira,Capital de Giro,17903.46,18,0.113500,RECUSADA,Fraude,0,0,,,0.00,,,,,,0,,,0.00,0.00,0.00,,0,,,0.00,0.00,0.00,0.00,0.0000,0.0000,,0.00
10306.0,PF,7859321334,2025-12-01,Recife,PE,PME,597.0,4498.04,200112,2025-04-21,App,Capital de Giro,689.84,12,0.086100,RECUSADA,Política,0,0,,,0.00,,,,,,0,,,0.00,0.00,0.00,,0,,,0.00,0.00,0.00,0.00,0.0000,0.0000,,0.00
10299.0,PF,21003236519,2024-08-07,Rio de Janeiro,RJ,PME,525.0,10509.20,200113,2025-10-13,App,Antecipação,23289.23,3,0.027500,RECUSADA,Score baixo,0,0,,,0.00,,,,,,0,,,0.00,0.00,0.00,,0,,,0.00,0.00,0.00,0.00,0.0000,0.0000,,0.00
10081.0,PF,34824771093,2024-08-20,Belo Horizonte,MG,Emergente,575.0,1716.96,200114,2025-04-05,App,Antecipação,21223.41,9,0.022200,RECUSADA,Renda insuficiente,0,0,,,0.00,,,,,,0,,,0.00,0.00,0.00,,0,,,0.00,0.00,0.00,0.00,0.0000,0.0000,,0.00
10453.0,PJ,22023413261117,2024-12-15,Porto Alegre,RS,MEI,501.0,10101.69,200115,2025-08-18,Indicação,Parcelado,18649.98,12,0.065800,RECUSADA,Política,0,0,,,0.00,,,,,,0,,,0.00,0.00,0.00,,0,,,0.00,0.00,0.00,0.00,0.0000,0.0000,,0.00
10401.0,PJ,39431290878141,2025-01-31,Curitiba,PR,Mass Market,550.0,14853.20,200116,2025-07-30,WhatsApp,Parcelado,22932.52,9,0.038100,APROVADA,,1,1,2025-08-07,2025-08-07,1286.96,0.0644000000,12.0,ATIVO,WhatsApp,Parcelado,12,2025-09-06,2026-08-02,1288.68,1093.92,193.08,ABERTA | ATRASADA | PAGA,13,2025-10-26,2026-09-06,950.65,2.15,0.25,1.37,0.0561,0.0866,8.0,2.40
10210.0,PF,90306738302,2024-12-30,São Paulo,SP,Emergente,686.0,4606.41,200117,2025-07-28,Loja Parceira,Consignado,15631.20,24,0.041700,RECUSADA,Renda insuficiente,0,0,,,0.00,,,,,,0,,,0.00,0.00,0.00,,0,,,0.00,0.00,0.00,0.00,0.0000,0.0000,,0.00
10149.0,PF,46095396218,2024-05-18,Goiânia,GO,MEI,538.0,4646.76,200118,2025-08-27,App,Parcelado,21270.46,9,0.107200,APROVADA,,1,1,2025-09-08,2025-09-08,11016.06,0.0955000000,12.0,LIQUIDADO,App,Parcelado,12,2025-10-08,2026-09-03,10940.23,9363.60,1652.40,ABERTA | ATRASADA | PAGA,7,2025-10-13,2026-07-05,6283.23,8.85,12.31,9.72,0.5179,2.3707,12.0,21.16
10036.0,PF,43303654145,2024-07-20,Porto Alegre,RS,Emergente,456.0,4377.57,200119,2025-04-17,Indicação,Consignado,28087.58,9,0.024400,PENDENTE,,0,0,,,0.00,,,,,,0,,,0.00,0.00,0.00,,0,,,0.00,0.00,0.00,0.00,0.0000,0.0000,,0.00
10351.0,PJ,52500743292712,2024-08-08,Porto Alegre,RS,Mass Market,384.0,6895.12,200120,2025-09-26,WhatsApp,Parcelado,11586.25,9,0.090100,APROVADA,,1,1,2025-09-30,2025-09-30,26223.56,0.0128000000,24.0,ATIVO,WhatsApp,Parcelado,12,2025-10-30,2026-09-25,26387.16,22290.00,3933.48,ABERTA | ATRASADA | PAGA,10,2026-01-03,2026-08-27,17472.23,93.24,59.37,42.69,2.2633,3.8032,4.0,152.61
10311.0,PF,18515691545,2024-12-15,Porto Alegre,RS,MEI,455.0,2959.87,200121,2025-01-10,App,Capital de Giro,21389.59,9,0.043500,APROVADA,,1,1,2025-01-20,2025-01-20,29439.10,0.0489000000,6.0,ATIVO,App,Capital de Giro,6,2025-02-19,2025-07-19,29461.21,25023.24,4415.88,ABERTA | ATRASADA | PAGA,5,2025-02-19,2025-07-24,18865.75,88.62,43.72,0.00,1.3763,9.9461,10.0,132.34
10360.0,PF,14117393483,2025-10-22,Belo Horizonte,MG,Emergente,455.0,1128.59,200122,2025-06-26,Televendas,Antecipação,14532.79,12,0.094800,APROVADA,,1,1,2025-06-27,2025-06-27,9098.78,0.0216000000,6.0,LIQUIDADO,Televendas,Antecipação,6,2025-07-27,2025-12-24,9244.68,7733.94,1364.82,ABERTA | PAGA | paga,5,2025-07-29,2025-12-14,6082.32,0.00,0.00,0.00,0.6261,8.0621,1.0,0.00
10058.0,PF,91905865185,2024-11-23,Recife,PE,Emergente,332.0,902.80,200123,2025-02-16,App,Consignado,20394.79,18,0.090900,RECUSADA,Fraude,0,0,,,0.00,,,,,,0,,,0.00,0.00,0.00,,0,,,0.00,0.00,0.00,0.00,0.0000,0.0000,,0.00
10130.0,PF,17744905814,2025-06-09,Belo Horizonte,MG,Mass Market,667.0,3531.69,200124,2025-01-28,Loja Parceira,Parcelado,23005.35,12,0.015800,APROVADA,,1,1,2025-02-01,2025-02-01,14375.96,0.1018000000,18.0,ATIVO,Loja Parceira,Parcelado,9,2025-03-03,2025-10-29,14315.31,12219.57,2156.40,ABERTA | ATRASADA | PAGA,8,2025-03-04,2025-10-30,9462.57,38.53,4.37,24.18,0.6249,4.0706,4.0,42.90
10411.0,PJ,56770051844989,2024-02-07,Fortaleza,CE,MEI,445.0,4832.81,200125,2025-10-13,Loja Parceira,Capital de Giro,1840.85,18,0.068500,APROVADA,,1,1,2025-10-14,2025-10-14,24405.75,0.0647000000,6.0,ATIVO,Loja Parceira,Capital de Giro,6,2025-11-13,2026-04-12,24598.16,20744.88,3660.84,ABERTA | PAGA,3,2025-11-15,2026-03-13,11846.71,0.00,0.00,0.00,13.2579,5.0500,1.0,0.00
10201.0,PF,91878519108,2025-12-02,Florianópolis,SC,MEI,620.0,7164.43,200126,2025-04-02,App,Parcelado,19574.71,24,0.029600,PENDENTE,,0,0,,,0.00,,,,,,0,,,0.00,0.00,0.00,,0,,,0.00,0.00,0.00,0.00,0.0000,0.0000,,0.00
10242.0,PJ,75265479356465,2025-12-06,Rio de Janeiro,RJ,Mass Market,321.0,5023.60,200127,2025-08-13,Indicação,Parcelado,7188.86,18,0.106000,PENDENTE,,0,0,,,0.00,,,,,,0,,,0.00,0.00,0.00,,0,,,0.00,0.00,0.00,0.00,0.0000,0.0000,,0.00
10034.0,PJ,53315869232260,2025-12-28,Florianópolis,SC,PME,606.0,35646.41,200128,2025-04-11,WhatsApp,Capital de Giro,20265.96,3,0.106500,APROVADA,,1,1,2025-04-13,2025-04-13,1524.83,0.1033000000,3.0,ATIVO,WhatsApp,Capital de Giro,3,2025-05-13,2025-07-12,1550.24,1296.12,228.72,ABERTA | PAGA,2,2025-05-15,2025-06-12,1011.13,0.00,0.00,0.00,0.0752,0.0428,2.0,0.00
10444.0,PJ,59428434795527,2024-09-22,Florianópolis,SC,Premium,479.0,12157.55,200129,2025-04-04,Loja Parceira,Capital de Giro,14315.74,18,0.058900,APROVADA,,1,1,2025-04-10,2025-04-10,23912.16,0.0469000000,24.0,LIQUIDADO,Loja Parceira,Capital de Giro,12,2025-05-10,2026-04-05,23854.45,20325.36,3586.80,ABERTA | PAGA,13,2025-05-10,2026-04-15,19538.76,0.00,0.00,49.91,1.6703,1.9669,6.0,0.00
10092.0,PJ,38692221969379,2024-01-20,Recife,PE,Emergente,401.0,4614.35,200130,2025-09-27,App,Consignado,23319.81,6,0.061700,RECUSADA,Documentação,0,0,,,0.00,,,,,,0,,,0.00,0.00,0.00,,0,,,0.00,0.00,0.00,0.00,0.0000,0.0000,,0.00
10437.0,PJ,63356588043416,2025-04-15,Florianópolis,SC,Premium,677.0,75891.16,200131,2025-08-08,App,Parcelado,4140.32,6,0.046800,PENDENTE,,0,0,,,0.00,,,,,,0,,,0.00,0.00,0.00,,0,,,0.00,0.00,0.00,0.00,0.0000,0.0000,,0.00
10446.0,PJ,43866322702672,2025-10-31,Salvador,BA,Premium,453.0,15415.88,200132,2025-11-28,App,Parcelado,18976.51,12,0.090200,APROVADA,,1,1,2025-12-05,2025-12-05,12252.81,0.0352000000,6.0,ATIVO,App,Parcelado,6,2026-01-04,2026-06-03,12250.88,10414.86,1837.92,ABERTA | ATRASADA | PAGA,6,2026-01-05,2026-07-08,10104.38,19.44,22.05,27.75,0.6457,0.7948,7.0,41.49
10206.0,PF,65676618251,2024-01-03,Recife,PE,Mass Market,348.0,6555.35,200133,2025-09-26,WhatsApp,Parcelado,8714.89,9,0.052700,RECUSADA,Fraude,0,0,,,0.00,,,,,,0,,,0.00,0.00,0.00,,0,,,0.00,0.00,0.00,0.00,0.0000,0.0000,,0.00
10352.0,PF,96666760083,2025-01-18,Porto Alegre,RS,PME,402.0,3881.37,200134,2025-08-28,App,Parcelado,25662.97,3,0.043100,APROVADA,,1,1,2025-09-06,2025-09-06,19698.68,0.0635000000,18.0,LIQUIDADO,App,Parcelado,9,2025-10-06,2026-06-03,19848.07,16743.87,2954.79,ABERTA | ATRASADA | PAGA,8,2025-10-06,2026-07-08,15132.17,34.48,19.49,33.94,0.7676,5.0752,9.0,53.97
10390.0,PJ,18268861533555,2024-05-26,Fortaleza,CE,PME,587.0,14939.67,200135,2025-05-15,Loja Parceira,Parcelado,27887.31,6,0.060400,RECUSADA,Score baixo,0,0,,,0.00,,,,,,0,,,0.00,0.00,0.00,,0,,,0.00,0.00,0.00,0.00,0.0000,0.0000,,0.00
10331.0,PJ,91485646799702,2025-08-03,Recife,PE,Emergente,456.0,8739.45,200136,2025-03-05,WhatsApp,Antecipação,29893.75,3,0.024600,RECUSADA,Política,0,0,,,0.00,,,,,,0,,,0.00,0.00,0.00,,0,,,0.00,0.00,0.00,0.00,0.0000,0.0000,,0.00
10304.0,PF,26383806578,2024-10-16,Fortaleza,CE,Premium,384.0,4391.52,200137,2025-10-12,App,Parcelado,23982.22,24,0.093400,APROVADA,,1,1,2025-10-24,2025-10-24,22415.52,0.0381000000,9.0,ATIVO,App,Parcelado,9,2025-11-23,2026-07-21,22214.28,19053.18,3362.31,ABERTA | ATRASADA | PAGA,6,2025-12-25,2026-08-10,14469.18,50.29,12.25,0.00,0.9347,5.1043,12.0,62.54
10304.0,PF,26383806578,2024-10-16,Fortaleza,CE,Premium,301.0,5333.30,200137,2025-10-12,App,Parcelado,23982.22,24,0.093400,APROVADA,,1,1,2025-10-24,2025-10-24,22415.52,0.0381000000,9.0,ATIVO,App,Parcelado,9,2025-11-23,2026-07-21,22214.28,19053.18,3362.31,ABERTA | ATRASADA | PAGA,6,2025-12-25,2026-08-10,14469.18,50.29,12.25,0.00,0.9347,4.2029,12.0,62.54
10349.0,PF,17381684602,2024-09-28,Goiânia,GO,Premium,438.0,6724.91,200138,2025-03-27,WhatsApp,Consignado,22735.16,3,0.016300,APROVADA,,1,1,2025-03-28,2025-03-28,5396.62,0.0140000000,12.0,ATIVO,WhatsApp,Consignado,12,2025-04-27,2026-03-23,5341.46,4587.12,809.52,ABERTA | ATRASADA | PAGA,6,2025-08-30,2026-03-24,2575.57,9.77,6.86,0.00,0.2374,0.8025,1.0,16.63
10212.0,PF,83644089268,2025-03-19,Porto Alegre,RS,Emergente,695.0,3420.92,200139,2025-03-07,App,Consignado,6857.27,6,0.082700,PENDENTE,,0,0,,,0.00,,,,,,0,,,0.00,0.00,0.00,,0,,,0.00,0.00,0.00,0.00,0.0000,0.0000,,0.00
10158.0,PF,82029702135,2025-10-21,Goiânia,GO,MEI,478.0,2718.83,200140,2025-07-11,Indicação,Capital de Giro,10412.21,12,0.034200,RECUSADA,Fraude,0,0,,,0.00,,,,,,0,,,0.00,0.00,0.00,,0,,,0.00,0.00,0.00,0.00,0.0000,0.0000,,0.00
10441.0,PJ,59579472846392,2024-04-14,Porto Alegre,RS,PME,436.0,21035.55,200141,2025-01-13,Loja Parceira,Consignado,14237.63,9,0.039400,APROVADA,,1,1,2025-01-21,2025-01-21,27726.44,0.0215000000,18.0,ATIVO,Loja Parceira,Consignado,9,2025-02-20,2025-10-18,28033.83,23567.49,4158.99,ABERTA | PAGA,5,2025-05-26,2025-11-22,15343.13,0.00,0.00,36.43,1.9474,1.3181,8.0,0.00
10444.0,PJ,59428434795527,2024-09-22,Florianópolis,SC,Premium,479.0,12157.55,200142,2025-12-25,App,Antecipação,23314.74,24,0.081700,RECUSADA,Política,0,0,,,0.00,,,,,,0,,,0.00,0.00,0.00,,0,,,0.00,0.00,0.00,0.00,0.0000,0.0000,,0.00
10023.0,PF,47468723430,2025-02-13,São Paulo,SP,Emergente,409.0,3768.55,200143,2025-12-19,App,Parcelado,27491.49,3,0.119300,RECUSADA,Renda insuficiente,0,0,,,0.00,,,,,,0,,,0.00,0.00,0.00,,0,,,0.00,0.00,0.00,0.00,0.0000,0.0000,,0.00
10403.0,PJ,91357759492995,2024-07-16,Salvador,BA,Premium,391.0,14611.23,200144,2025-08-05,App,Parcelado,6079.60,12,0.096700,APROVADA,,1,1,2025-08-08,2025-08-08,12994.45,0.1013000000,9.0,LIQUIDADO,App,Parcelado,9,2025-09-07,2026-05-05,13100.14,11045.25,1949.13,ABERTA | ATRASADA | PAGA,6,2025-09-07,2026-04-05,8630.78,51.55,15.15,0.00,2.1374,0.8893,3.0,66.70
10292.0,PJ,83670241038657,2024-09-12,Recife,PE,Premium,314.0,13816.93,200145,2025-10-27,WhatsApp,Parcelado,27709.84,18,0.038700,RECUSADA,Documentação,0,0,,,0.00,,,,,,0,,,0.00,0.00,0.00,,0,,,0.00,0.00,0.00,0.00,0.0000,0.0000,,0.00
10003.0,PF,16155940781,2024-12-05,São Paulo,SP,Mass Market,675.0,5534.87,200146,2025-11-01,WhatsApp,Capital de Giro,21020.93,24,0.033500,RECUSADA,Score baixo,0,0,,,0.00,,,,,,0,,,0.00,0.00,0.00,,0,,,0.00,0.00,0.00,0.00,0.0000,0.0000,,0.00
10219.0,PJ,78544587717535,2024-01-05,Salvador,BA,Premium,676.0,30610.51,200147,2025-10-02,Loja Parceira,Antecipação,18517.74,12,0.106000,PENDENTE,,0,0,,,0.00,,,,,,0,,,0.00,0.00,0.00,,0,,,0.00,0.00,0.00,0.00,0.0000,0.0000,,0.00
10363.0,PF,43744701204,2024-12-18,Curitiba,PR,Emergente,467.0,800.00,200148,2025-05-31,App,Parcelado,6395.32,18,0.061600,APROVADA,,1,1,2025-06-06,2025-06-06,14929.45,0.0641000000,9.0,ATIVO,App,Parcelado,9,2025-07-06,2026-03-03,14796.50,12690.00,2239.38,ABERTA | ATRASADA | PAGA,5,2025-07-08,2026-03-23,8207.25,57.87,19.38,0.00,2.3344,18.6618,6.0,77.25
10381.0,PF,58333945228,2024-08-31,Curitiba,PR,PME,576.0,6460.99,200149,2025-05-20,App,Antecipação,2137.99,6,0.029400,APROVADA,,1,1,2025-05-23,2025-05-23,17820.42,0.0317000000,6.0,LIQUIDADO,App,Antecipação,6,2025-06-22,2025-11-19,17942.72,15147.36,2673.06,ABERTA | PAGA,5,2025-08-01,2025-11-24,8601.80,0.00,0.00,0.00,8.3351,2.7582,3.0,0.00
10019.0,PF,11656670106,2025-03-11,São Paulo,SP,MEI,367.0,1952.96,200150,2025-08-29,App,Capital de Giro,17269.71,9,0.105500,APROVADA,,1,1,2025-09-10,2025-09-10,18972.14,0.0760000000,6.0,ativo,App,Capital de Giro,6,2025-10-10,2026-03-09,19153.77,16126.32,2845.80,ABERTA | ATRASADA | PAGA,5,2025-10-12,2026-02-09,12639.33,81.56,28.42,0.00,1.0986,9.7146,12.0,109.98
10443.0,PF,18750036915,2024-07-07,Belo Horizonte,MG,PME,513.0,5876.44,200151,2025-09-22,Loja Parceira,Parcelado,19719.71,9,0.100700,RECUSADA,Política,0,0,,,0.00,,,,,,0,,,0.00,0.00,0.00,,0,,,0.00,0.00,0.00,0.00,0.0000,0.0000,,0.00
10151.0,PF,5153195205,2025-10-07,São Paulo,SP,Premium,747.0,19272.59,200152,2025-03-02,Televendas,Consignado,6718.05,24,0.118300,RECUSADA,Documentação,0,0,,,0.00,,,,,,0,,,0.00,0.00,0.00,,0,,,0.00,0.00,0.00,0.00,0.0000,0.0000,,0.00
10049.0,PF,55812236231,2025-01-15,Rio de Janeiro,RJ,Mass Market,510.0,3530.83,200153,2025-07-30,App,Parcelado,16915.46,6,0.110500,RECUSADA,Política,0,0,,,0.00,,,,,,0,,,0.00,0.00,0.00,,0,,,0.00,0.00,0.00,0.00,0.0000,0.0000,,0.00
10176.0,PF,70168733950,2025-04-18,Goiânia,GO,Emergente,554.0,2308.07,200154,2025-11-03,App,Parcelado,25766.56,6,0.104400,RECUSADA,Documentação,0,0,,,0.00,,,,,,0,,,0.00,0.00,0.00,,0,,,0.00,0.00,0.00,0.00,0.0000,0.0000,,0.00
10434.0,PF,69042681818,2025-05-24,Salvador,BA,MEI,561.0,4246.52,200155,2025-01-20,Loja Parceira,Capital de Giro,25134.45,9,0.020500,APROVADA,,1,1,2025-01-26,2025-01-26,5565.17,0.0742000000,24.0,ATIVO,Loja Parceira,Capital de Giro,12,2025-02-25,2026-01-21,5584.94,4730.40,834.72,ABERTA | ATRASADA | PAGA,13,2025-03-02,2026-01-22,4617.98,13.36,2.44,9.38,0.2214,1.3105,6.0,15.80
10095.0,PF,69594406409,2025-03-18,Rio de Janeiro,RJ,Premium,639.0,20994.79,200156,2025-04-07,Televendas,Parcelado,27856.98,3,0.026000,PENDENTE,,0,0,,,0.00,,,,,,0,,,0.00,0.00,0.00,,0,,,0.00,0.00,0.00,0.00,0.0000,0.0000,,0.00
10104.0,PJ,61796405377351,2024-12-08,Curitiba,PR,Premium,726.0,117054.63,200157,2025-10-26,WhatsApp,Capital de Giro,11293.63,6,0.074700,APROVADA,,1,1,2025-11-07,2025-11-07,29884.62,0.0402000000,12.0,ATIVO,WhatsApp,Capital de Giro,12,2025-12-07,2026-11-02,30215.43,25401.96,4482.72,ABERTA | PAGA,11,2025-12-07,2026-11-02,25156.41,0.00,0.00,0.00,2.6461,0.2553,12.0,0.00
10419.0,PJ,84257991366210,2025-10-12,Fortaleza,CE,Emergente,568.0,10716.07,200158,2025-01-20,Televendas,Parcelado,9882.46,24,0.070800,RECUSADA,Documentação,0,0,,,0.00,,,,,,0,,,0.00,0.00,0.00,,0,,,0.00,0.00,0.00,0.00,0.0000,0.0000,,0.00
10249.0,PJ,45738757177514,2025-08-21,Curitiba,PR,Premium,311.0,18141.54,200159,2025-06-18,App,Parcelado,22608.07,12,0.063100,APROVADA,,1,1,2025-06-22,2025-06-22,26961.33,0.0704000000,12.0,ATIVO,App,Parcelado,12,2025-07-22,2026-06-17,27072.31,22917.12,4044.24,ABERTA | ATRASADA | PAGA,8,2025-08-01,2026-06-27,17685.29,48.98,18.73,32.86,1.1926,1.4862,4.0,67.71
10116.0,PJ,49451983273158,2025-05-05,Recife,PE,Premium,684.0,26967.99,200160,2025-06-23,App,Consignado,13217.82,12,0.056700,RECUSADA,Renda insuficiente,0,0,,,0.00,,,,,,0,,,0.00,0.00,0.00,,0,,,0.00,0.00,0.00,0.00,0.0000,0.0000,,0.00
10353.0,PF,50583003354,2024-05-07,Curitiba,PR,Emergente,319.0,4605.75,200161,2025-06-23,Televendas,Parcelado,3082.69,18,0.060300,RECUSADA,Score baixo,0,0,,,0.00,,,,,,0,,,0.00,0.00,0.00,,0,,,0.00,0.00,0.00,0.00,0.0000,0.0000,,0.00
10227.0,PF,54615679334,2024-09-11,Recife,PE,MEI,569.0,4224.95,200162,2025-12-12,WhatsApp,Parcelado,8842.63,9,0.074800,RECUSADA,Política,0,0,,,0.00,,,,,,0,,,0.00,0.00,0.00,,0,,,0.00,0.00,0.00,0.00,0.0000,0.0000,,0.00
10065.0,PF,85574443135,2025-05-17,Porto Alegre,RS,PME,547.0,5803.40,200163,2025-12-02,App,Parcelado,12848.18,6,0.015200,APROVADA,,1,1,2025-12-10,2025-12-10,5514.70,0.0415000000,12.0,ATIVO,App,Parcelado,12,2026-01-09,2026-12-05,5451.93,4687.44,827.16,ABERTA | ATRASADA | PAGA,11,2026-02-13,2026-11-05,4366.59,3.36,7.24,6.78,0.4292,0.9503,8.0,10.60
10334.0,PF,24754691373,2025-09-05,São Paulo,SP,Premium,410.0,3823.49,200164,2025-03-27,WhatsApp,Consignado,9129.23,6,0.042400,APROVADA,,1,1,2025-03-31,2025-03-31,18047.57,0.0243000000,18.0,ATIVO,WhatsApp,Consignado,9,2025-04-30,2025-12-26,18367.39,15340.41,2707.11,ABERTA | ATRASADA | PAGA,6,2025-05-20,2026-01-15,12276.49,18.37,8.94,0.00,1.9769,4.7202,4.0,27.31
10417.0,PF,42869904137,2024-10-13,Florianópolis,SC,Premium,543.0,8446.75,200165,2025-09-06,Televendas,Parcelado,10300.06,9,0.069400,RECUSADA,Renda insuficiente,0,0,,,0.00,,,,,,0,,,0.00,0.00,0.00,,0,,,0.00,0.00,0.00,0.00,0.0000,0.0000,,0.00
10419.0,PJ,84257991366210,2025-10-12,Fortaleza,CE,Emergente,568.0,10716.07,200166,2025-05-22,Loja Parceira,Parcelado,9166.39,12,0.090800,RECUSADA,Renda insuficiente,0,0,,,0.00,,,,,,0,,,0.00,0.00,0.00,,0,,,0.00,0.00,0.00,0.00,0.0000,0.0000,,0.00
10261.0,PJ,85807836134074,2025-02-21,Belo Horizonte,MG,MEI,557.0,22564.79,200167,2025-04-06,WhatsApp,Parcelado,1724.23,9,0.033300,APROVADA,,1,1,2025-04-16,2025-04-16,24007.02,0.1009000000,18.0,LIQUIDADO,WhatsApp,Parcelado,9,2025-05-16,2026-01-11,24281.55,20405.97,3601.08,ABERTA | PAGA,7,2025-05-21,2026-01-13,15855.53,0.00,0.00,0.00,13.9233,1.0639,10.0,0.00
10294.0,PF,23445655743,2024-06-04,Florianópolis,SC,PME,653.0,5575.66,200168,2025-07-13,App,Parcelado,19294.29,3,0.072400,PENDENTE,,0,0,,,0.00,,,,,,0,,,0.00,0.00,0.00,,0,,,0.00,0.00,0.00,0.00,0.0000,0.0000,,0.00
10425.0,PF,69448695946,2024-05-24,Belo Horizonte,MG,Mass Market,389.0,1328.70,200169,2025-06-08,Loja Parceira,Antecipação,18120.13,12,0.090000,APROVADA,,1,1,2025-06-20,2025-06-20,20332.23,0.0156000000,24.0,ATIVO,Loja Parceira,Antecipação,12,2025-07-20,2026-06-15,20337.31,17282.40,3049.80,ABERTA | ATRASADA | PAGA,11,2025-07-21,2026-06-20,15158.74,29.59,35.80,27.81,1.1221,15.3023,12.0,65.39
10242.0,PJ,75265479356465,2025-12-06,Rio de Janeiro,RJ,Mass Market,321.0,5023.60,200170,2025-04-16,Loja Parceira,Capital de Giro,19774.81,24,0.061700,APROVADA,,1,1,2025-04-21,2025-04-21,22298.90,0.1065000000,24.0,ATIVO,Loja Parceira,Capital de Giro,12,2025-05-21,2026-04-16,22703.47,18954.12,3344.88,ABERTA | ATRASADA | PAGA,10,2025-05-23,2026-05-06,18887.89,141.41,101.36,0.00,1.1276,4.4388,5.0,242.77
10370.0,PF,77217535408,2025-01-11,Porto Alegre,RS,PME,528.0,5290.83,200171,2025-10-18,Televendas,Parcelado,6173.14,18,0.017800,RECUSADA,Renda insuficiente,0,0,,,0.00,,,,,,0,,,0.00,0.00,0.00,,0,,,0.00,0.00,0.00,0.00,0.0000,0.0000,,0.00
10185.0,PF,9130756263,2025-06-14,Curitiba,PR,Premium,682.0,18485.99,200172,2025-05-20,Televendas,Capital de Giro,9221.81,18,0.062200,RECUSADA,Documentação,0,0,,,0.00,,,,,,0,,,0.00,0.00,0.00,,0,,,0.00,0.00,0.00,0.00,0.0000,0.0000,,0.00
10245.0,PJ,17979688680589,2024-01-27,Goiânia,GO,Mass Market,509.0,34799.44,200173,2025-04-25,Televendas,Parcelado,18778.67,18,0.046100,PENDENTE,,0,0,,,0.00,,,,,,0,,,0.00,0.00,0.00,,0,,,0.00,0.00,0.00,0.00,0.0000,0.0000,,0.00
10124.0,PF,83885160607,2025-09-24,Belo Horizonte,MG,Emergente,573.0,1714.51,200174,2025-07-13,App,Consignado,18189.01,9,0.112600,RECUSADA,Documentação,0,0,,,0.00,,,,,,0,,,0.00,0.00,0.00,,0,,,0.00,0.00,0.00,0.00,0.0000,0.0000,,0.00
10267.0,PF,1751863637,2025-07-29,Belo Horizonte,MG,PME,504.0,9189.59,200175,2025-12-14,WhatsApp,Consignado,15436.74,18,0.028100,APROVADA,,1,1,2025-12-20,2025-12-20,8406.34,0.1045000000,9.0,ATIVO,WhatsApp,Consignado,9,2026-01-19,2026-09-16,8130.97,7145.37,1260.99,ABERTA | PAGA,7,2026-01-24,2026-10-21,5408.67,0.00,0.00,0.00,0.5446,0.9148,6.0,0.00
10130.0,PF,17744905814,2025-06-09,Belo Horizonte,MG,Mass Market,667.0,3531.69,200176,2025-02-05,WhatsApp,Parcelado,10837.19,6,0.083500,APROVADA,,1,1,2025-02-13,2025-02-13,21777.11,0.0889000000,3.0,ATIVO,WhatsApp,Parcelado,3,2025-03-15,2025-05-14,21233.33,18510.54,3266.58,ABERTA | PAGA,1,2025-05-14,2025-05-14,6893.25,0.00,0.00,0.00,2.0095,6.1662,8.0,0.00
10236.0,PF,12126788861,2024-04-27,Porto Alegre,RS,PME,368.0,2460.69,200177,2025-07-13,WhatsApp,Antecipação,27431.46,12,0.020500,APROVADA,,1,1,2025-07-20,2025-07-20,15181.79,0.0725000000,6.0,ATIVO,WhatsApp,Antecipação,6,2025-08-19,2026-01-16,15381.42,12904.50,2277.24,ABERTA | PAGA,5,2025-08-24,2026-01-17,12322.23,0.00,0.00,21.42,0.5534,6.1697,7.0,0.00
10017.0,PF,1031051834,2025-10-21,Salvador,BA,PME,652.0,4116.63,200178,2025-05-09,WhatsApp,Antecipação,10523.22,12,0.061800,APROVADA,,1,1,2025-05-19,2025-05-19,9836.80,0.0537000000,9.0,LIQUIDADO,WhatsApp,Antecipação,9,2025-06-18,2026-02-13,9926.31,8361.27,1475.55,ABERTA | PAGA,7,2025-06-19,2026-02-18,6542.36,0.00,0.00,0.00,0.9348,2.3895,10.0,0.00
10039.0,PF,34060883561,2024-10-09,Florianópolis,SC,Premium,508.0,8868.85,200179,2025-11-04,Televendas,Parcelado,13940.77,3,0.073200,RECUSADA,Renda insuficiente,0,0,,,0.00,,,,,,0,,,0.00,0.00,0.00,,0,,,0.00,0.00,0.00,0.00,0.0000,0.0000,,0.00
10020.0,PF,51333872624,2024-03-05,Porto Alegre,RS,PME,410.0,2420.66,200180,2025-08-11,Loja Parceira,Parcelado,20504.36,18,0.046300,APROVADA,,1,1,2025-08-15,2025-08-15,18846.48,0.1016000000,12.0,CANCELADO,Loja Parceira,Parcelado,12,2025-09-14,2026-08-10,18798.64,16019.52,2826.96,ABERTA | ATRASADA,3,2025-10-24,2026-03-18,4588.74,29.97,34.71,0.00,0.9191,7.7857,4.0,64.68
10398.0,PJ,14766072832684,2025-11-30,Florianópolis,SC,MEI,403.0,6176.82,200181,2025-08-26,Loja Parceira,Parcelado,16519.13,24,0.062800,APROVADA,,1,1,2025-08-28,2025-08-28,2443.87,0.0808000000,18.0,ATIVO,Loja Parceira,Parcelado,9,2025-09-27,2026-05-25,2449.86,2077.29,366.57,ABERTA | ATRASADA | PAGA,9,2025-11-27,2026-05-26,1600.44,1.28,0.27,0.00,0.1479,0.3957,2.0,1.55
10224.0,PF,12038750997,2024-05-31,Recife,PE,PME,518.0,4763.15,200182,2025-04-10,App,Antecipação,10733.14,9,0.032200,APROVADA,,1,1,2025-04-20,2025-04-20,-8895.58,0.0735000000,18.0,LIQUIDADO,App,Antecipação,9,2025-05-20,2026-01-15,0.00,0.00,0.00,ABERTA | PAGA,7,2025-07-19,2026-01-17,0.00,0.00,0.00,0.00,-0.8288,-1.8676,10.0,0.00
10354.0,PF,21689421044,2024-09-30,Recife,PE,MEI,422.0,12937.60,200183,2025-04-09,App,Consignado,13351.52,18,0.046900,APROVADA,,1,1,2025-04-20,2025-04-20,15944.48,0.0337000000,12.0,ATIVO,App,Consignado,12,2025-05-20,2026-04-15,15848.64,13552.80,2391.72,ABERTA | PAGA,12,2025-06-24,2026-02-19,11758.64,0.00,0.00,0.00,1.1942,1.2324,11.0,0.00
10281.0,PF,46303161799,2024-06-18,Florianópolis,SC,Premium,441.0,4741.87,200184,2025-10-20,Loja Parceira,Antecipação,23937.18,6,0.080200,APROVADA,,1,1,2025-10-20,2025-10-20,14663.72,0.0882000000,9.0,LIQUIDADO,Loja Parceira,Antecipação,9,2025-11-19,2026-07-17,14835.27,12464.19,2199.60,ABERTA | ATRASADA | PAGA,8,2025-11-24,2026-07-17,11186.79,42.07,21.39,8.44,0.6126,3.0924,0.0,63.46
10007.0,PJ,83503056413953,2025-04-28,Porto Alegre,RS,Premium,573.0,23045.98,200185,2025-04-03,WhatsApp,Antecipação,8704.81,12,0.046700,RECUSADA,Score baixo,0,0,,,0.00,,,,,,0,,,0.00,0.00,0.00,,0,,,0.00,0.00,0.00,0.00,0.0000,0.0000,,0.00
10099.0,PF,47451712368,2024-01-20,Goiânia,GO,MEI,625.0,2999.60,200186,2025-08-01,App,Capital de Giro,4696.53,12,0.109500,RECUSADA,Documentação,0,0,,,0.00,,,,,,0,,,0.00,0.00,0.00,,0,,,0.00,0.00,0.00,0.00,0.0000,0.0000,,0.00
10239.0,PF,44472126464,2025-05-25,Belo Horizonte,MG,Emergente,798.0,3843.49,200187,2025-06-17,App,Antecipação,9738.31,12,0.081000,RECUSADA,Renda insuficiente,0,0,,,0.00,,,,,,0,,,0.00,0.00,0.00,,0,,,0.00,0.00,0.00,0.00,0.0000,0.0000,,0.00
10477.0,PF,81022031731,2024-09-06,Recife,PE,Premium,672.0,22821.07,200188,2025-09-03,WhatsApp,Antecipação,25561.26,24,0.061100,RECUSADA,Política,0,0,,,0.00,,,,,,0,,,0.00,0.00,0.00,,0,,,0.00,0.00,0.00,0.00,0.0000,0.0000,,0.00
10086.0,PF,55886753396,2025-08-22,Rio de Janeiro,RJ,Emergente,451.0,2909.38,200189,2025-03-30,App,Parcelado,3125.20,24,0.019100,APROVADA,,1,1,2025-03-30,2025-03-30,6461.45,0.1097000000,3.0,ATIVO,App,Parcelado,3,2025-04-29,2025-06-28,6486.38,5492.22,969.21,ABERTA | PAGA,2,2025-06-28,2025-07-08,2061.69,0.00,0.00,0.00,2.0675,2.2209,0.0,0.00
10297.0,PF,3521356804,2024-07-04,Florianópolis,SC,Mass Market,618.0,2979.97,200190,2025-09-02,App,Capital de Giro,29755.03,18,0.067500,RECUSADA,Score baixo,0,0,,,0.00,,,,,,0,,,0.00,0.00,0.00,,0,,,0.00,0.00,0.00,0.00,0.0000,0.0000,,0.00
10427.0,PJ,49562137213865,2025-08-13,Belo Horizonte,MG,PME,302.0,20064.78,200191,2025-10-08,App,Antecipação,16459.59,9,0.095300,APROVADA,,1,1,2025-10-10,2025-10-10,22082.33,0.0527000000,12.0,ATIVO,App,Antecipação,12,2025-11-09,2026-10-05,22144.85,18770.04,3312.36,ABERTA | ATRASADA | PAGA,4,2025-12-19,2026-10-06,7198.17,5.14,9.64,35.22,1.3416,1.1006,2.0,14.78
10013.0,PF,57015430391,2024-10-09,Goiânia,GO,Emergente,441.0,1174.08,200192,2025-07-09,App,Parcelado,29552.95,24,0.042900,APROVADA,,1,1,2025-07-18,2025-07-18,19652.25,0.0842000000,6.0,ATIVO,App,Parcelado,6,2025-08-17,2026-01-14,19943.48,16704.42,2947.86,ATRASADA | PAGA,7,2025-08-17,2026-01-19,19445.26,77.04,12.95,31.97,0.6650,16.7384,9.0,89.99
,,,,,,,,,200193,2025-09-04,App,Antecipação,28200.39,6,0.099700,RECUSADA,Score baixo,0,0,,,0.00,,,,,,0,,,0.00,0.00,0.00,,0,,,0.00,0.00,0.00,0.00,0.0000,,,0.00
10001.0,PJ,133890838637,2025-05-23,São Paulo,SP,Premium,410.0,13186.90,200194,2025-12-28,App,Parcelado,13858.00,18,0.041400,APROVADA,,1,1,2025-12-28,2025-12-28,27961.50,0.0756000000,3.0,LIQUIDADO,App,Parcelado,3,2026-01-27,2026-03-28,26972.04,23767.29,4194.24,PAGA,4,2026-01-28,2026-04-02,27181.11,0.00,0.00,0.00,2.0177,2.1204,0.0,0.00
10374.0,PF,50375899757,2024-10-09,Goiânia,GO,PME,468.0,4235.21,200195,2025-04-25,App,Parcelado,6355.49,9,0.101500,RECUSADA,Score baixo,0,0,,,0.00,,,,,,0,,,0.00,0.00,0.00,,0,,,0.00,0.00,0.00,0.00,0.0000,0.0000,,0.00
10292.0,PJ,83670241038657,2024-09-12,Recife,PE,Premium,314.0,13816.93,200196,2025-01-04,Televendas,Antecipação,5364.10,3,0.024000,APROVADA,,1,1,2025-01-16,2025-01-16,23155.02,0.0900000000,9.0,ATIVO,Televendas,Antecipação,9,2025-02-15,2025-10-13,23370.04,19681.74,3473.28,ABERTA | ATRASADA | PAGA,4,2025-02-16,2025-09-18,10241.99,47.81,12.80,0.00,4.3167,1.6758,12.0,60.61
10324.0,PJ,52704774349021,2025-02-16,Salvador,BA,PME,719.0,62258.87,200197,2025-01-04,Loja Parceira,Parcelado,7579.69,12,0.105900,RECUSADA,Fraude,0,0,,,0.00,,,,,,0,,,0.00,0.00,0.00,,0,,,0.00,0.00,0.00,0.00,0.0000,0.0000,,0.00
10421.0,PJ,11729806865086,2025-05-18,Curitiba,PR,Emergente,336.0,14294.46,200198,2025-01-25,WhatsApp,Parcelado,21448.91,6,0.067400,APROVADA,,1,1,2025-01-28,2025-01-28,15167.47,0.0840000000,9.0,ATIVO,WhatsApp,Parcelado,9,2025-02-27,2025-10-25,15043.71,12892.32,2275.11,ABERTA | PAGA,5,2025-02-27,2025-09-26,8182.06,0.00,0.00,0.00,0.7071,1.0611,3.0,0.00
10492.0,PF,46225179086,2025-05-15,Fortaleza,CE,Mass Market,609.0,4628.49,200199,2025-05-30,App,Parcelado,8552.02,6,0.046100,APROVADA,,1,1,2025-06-01,2025-06-01,12137.30,0.0876000000,12.0,LIQUIDADO,App,Parcelado,12,2025-07-01,2026-05-27,12229.44,10316.76,1820.64,ABERTA | PAGA,10,2025-07-03,2026-06-01,9144.12,0.00,0.00,13.67,1.4192,2.6223,2.0,0.00
10040.0,PF,59514846564,2025-12-30,Porto Alegre,RS,MEI,593.0,4970.72,200200,2025-07-11,App,Antecipação,10572.05,9,0.042800,RECUSADA,Score baixo,0,0,,,0.00,,,,,,0,,,0.00,0.00,0.00,,0,,,0.00,0.00,0.00,0.00,0.0000,0.0000,,0.00
10317.0,PF,79327104054,2025-09-23,São Paulo,SP,Premium,489.0,6656.63,200201,2025-09-07,WhatsApp,Parcelado,13738.97,3,0.060400,APROVADA,,1,1,2025-09-08,2025-09-08,20289.39,0.0822000000,12.0,LIQUIDADO,WhatsApp,Parcelado,12,2025-10-08,2026-09-03,20072.39,17246.04,3043.44,ABERTA | ATRASADA | PAGA,9,2025-11-12,2026-09-13,15027.06,9.25,12.44,50.08,1.4768,3.0480,1.0,21.69
10315.0,PF,70433154100,2024-04-23,Fortaleza,CE,PME,499.0,4389.48,200202,2025-05-08,App,Consignado,27440.36,6,0.119900,APROVADA,,1,1,2025-05-11,2025-05-11,26580.22,0.1053000000,12.0,LIQUIDADO,App,Consignado,12,2025-06-10,2026-05-06,27130.73,22593.24,3987.00,ABERTA | PAGA,6,2025-08-09,2026-02-10,13278.29,0.00,0.00,25.19,0.9687,6.0554,3.0,0.00
10380.0,PF,65472269848,2025-09-28,Recife,PE,MEI,302.0,2382.91,200203,2025-09-21,Loja Parceira,Parcelado,6087.11,3,0.038100,APROVADA,,1,1,2025-09-29,2025-09-29,24027.50,0.0225000000,12.0,ATIVO,Loja Parceira,Parcelado,12,2025-10-29,2026-09-24,23734.90,20423.40,3604.08,ABERTA | PAGA,7,2025-12-28,2026-09-26,13579.58,0.00,0.00,0.00,3.9473,10.0833,8.0,0.00
10110.0,PF,78390847007,2024-06-14,Belo Horizonte,MG,Emergente,714.0,800.00,200204,2025-04-02,Loja Parceira,Consignado,648.28,12,0.025800,RECUSADA,Documentação,0,0,,,0.00,,,,,,0,,,0.00,0.00,0.00,,0,,,0.00,0.00,0.00,0.00,0.0000,0.0000,,0.00
10013.0,PF,57015430391,2024-10-09,Goiânia,GO,Emergente,441.0,1174.08,200205,2025-01-13,Loja Parceira,Consignado,2272.84,6,0.076400,RECUSADA,Política,0,0,,,0.00,,,,,,0,,,0.00,0.00,0.00,,0,,,0.00,0.00,0.00,0.00,0.0000,0.0000,,0.00
10230.0,PJ,14890250392614,2025-02-26,Curitiba,PR,Mass Market,504.0,12552.97,200206,2025-08-14,App,Parcelado,27190.61,18,0.066300,APROVADA,,1,1,2025-08-14,2025-08-14,12834.86,0.0693000000,12.0,ATIVO,App,Parcelado,12,2025-09-13,2026-08-09,12736.00,10909.68,1925.28,ABERTA | ATRASADA | PAGA,6,2025-10-18,2026-08-14,6229.20,8.90,5.08,14.01,0.4720,1.0225,0.0,13.98
10472.0,PF,85730652407,2024-06-01,Belo Horizonte,MG,PME,754.0,4719.66,200207,2025-01-21,App,Parcelado,19601.74,6,0.070000,PENDENTE,,0,0,,,0.00,,,,,,0,,,0.00,0.00,0.00,,0,,,0.00,0.00,0.00,0.00,0.0000,0.0000,,0.00
10083.0,PF,27484677378,2025-12-02,Belo Horizonte,MG,PME,578.0,6673.50,200208,2025-08-05,Loja Parceira,Parcelado,8554.70,24,0.085000,RECUSADA,Fraude,0,0,,,0.00,,,,,,0,,,0.00,0.00,0.00,,0,,,0.00,0.00,0.00,0.00,0.0000,0.0000,,0.00
10129.0,PF,,2025-08-24,Florianópolis,SC,Mass Market,411.0,1020.81,200209,2025-11-22,App,Capital de Giro,5727.18,24,0.043100,RECUSADA,Política,0,0,,,0.00,,,,,,0,,,0.00,0.00,0.00,,0,,,0.00,0.00,0.00,0.00,0.0000,0.0000,,0.00
10230.0,PJ,14890250392614,2025-02-26,Curitiba,PR,Mass Market,504.0,12552.97,200210,2025-03-20,WhatsApp,Parcelado,9180.87,9,0.110600,RECUSADA,Renda insuficiente,0,0,,,0.00,,,,,,0,,,0.00,0.00,0.00,,0,,,0.00,0.00,0.00,0.00,0.0000,0.0000,,0.00
10325.0,PF,15869380686,2025-05-10,Rio de Janeiro,RJ,MEI,795.0,10942.98,200211,2025-08-07,WhatsApp,Parcelado,3886.51,18,0.060700,APROVADA,,1,1,2025-08-17,2025-08-17,23245.63,0.0633000000,12.0,ATIVO,WhatsApp,Parcelado,12,2025-09-16,2026-08-12,23186.48,19758.84,3486.84,ABERTA | PAGA,8,2025-10-06,2026-08-17,15134.93,0.00,0.00,35.74,5.9811,2.1243,10.0,0.00
10144.0,PF,50606853615,2025-12-19,Fortaleza,CE,Premium,425.0,4042.25,200212,2025-02-14,Indicação,Parcelado,28275.22,18,0.028600,RECUSADA,Documentação,0,0,,,0.00,,,,,,0,,,0.00,0.00,0.00,,0,,,0.00,0.00,0.00,0.00,0.0000,0.0000,,0.00
10378.0,PJ,27080869782922,2024-02-02,Fortaleza,CE,Mass Market,508.0,12925.17,200213,2025-12-15,App,Parcelado,23634.08,24,0.092900,APROVADA,,1,1,2025-12-26,2025-12-26,20815.03,0.0735000000,6.0,ATIVO,App,Parcelado,6,2026-01-25,2026-06-24,20152.94,17692.80,3122.28,PAGA,6,2026-02-14,2026-07-04,19854.22,0.00,0.00,50.45,0.8807,1.6104,11.0,0.00
10344.0,PF,28309652074,2025-09-18,Curitiba,PR,Mass Market,478.0,1468.28,200214,2025-02-01,Televendas,Parcelado,14140.54,12,0.082500,APROVADA,,1,1,2025-02-08,2025-02-08,885.76,0.0302000000,18.0,CANCELADO,Televendas,Parcelado,9,2025-03-10,2025-11-05,879.77,752.94,132.84,ABERTA | ATRASADA,6,2025-03-10,2025-10-06,480.67,7.09,5.15,0.00,0.0626,0.6033,7.0,12.24
10027.0,PF,34624751079,2024-08-10,Porto Alegre,RS,Premium,772.0,21518.96,200215,2025-08-09,Loja Parceira,Capital de Giro,26016.40,6,0.048200,PENDENTE,,0,0,,,0.00,,,,,,0,,,0.00,0.00,0.00,,0,,,0.00,0.00,0.00,0.00,0.0000,0.0000,,0.00
10065.0,PF,85574443135,2025-05-17,Porto Alegre,RS,PME,547.0,5803.40,200216,2025-05-17,App,Consignado,7859.02,12,0.080300,RECUSADA,Fraude,0,0,,,0.00,,,,,,0,,,0.00,0.00,0.00,,0,,,0.00,0.00,0.00,0.00,0.0000,0.0000,,0.00
10162.0,PF,73121727155,2024-12-31,Goiânia,GO,PME,706.0,15316.85,200217,2025-10-06,App,Parcelado,21655.06,12,0.038100,APROVADA,,1,1,2025-10-07,2025-10-07,9610.99,0.0287000000,18.0,ATIVO,App,Parcelado,9,2025-11-06,2026-07-04,9444.12,8169.30,1441.62,ABERTA | PAGA,7,2025-11-08,2026-05-15,6213.20,0.00,0.00,16.95,0.4438,0.6275,1.0,0.00
10228.0,PJ,10166687002176,2024-04-16,Porto Alegre,RS,Mass Market,442.0,7847.28,200218,2025-08-24,WhatsApp,Capital de Giro,25755.91,12,0.061700,APROVADA,,1,1,2025-09-01,2025-09-01,15654.26,0.0235000000,18.0,ATIVO,WhatsApp,Capital de Giro,9,2025-10-01,2026-05-29,15957.36,13306.14,2348.10,ABERTA | ATRASADA | PAGA,5,2025-12-31,2026-06-03,8782.33,50.48,45.33,0.00,0.6078,1.9949,8.0,95.81
10260.0,PF,42797881914,2024-02-12,Porto Alegre,RS,MEI,461.0,8901.76,200219,2025-10-20,App,Parcelado,11024.68,9,0.109400,RECUSADA,Score baixo,0,0,,,0.00,,,,,,0,,,0.00,0.00,0.00,,0,,,0.00,0.00,0.00,0.00,0.0000,0.0000,,0.00
10448.0,PF,47175455884,2025-09-20,Curitiba,PR,PME,431.0,3603.19,200220,2025-03-09,App,Antecipação,22845.20,18,0.029000,APROVADA,,1,1,2025-03-10,2025-03-10,12989.91,0.0848000000,12.0,ATIVO,App,Antecipação,12,2025-04-09,2026-03-05,13170.35,11041.44,1948.44,ABERTA | PAGA,7,2025-05-14,2026-03-25,6434.32,0.00,0.00,0.00,0.5686,3.6051,1.0,0.00
10423.0,PF,31498643009,2024-09-16,Goiânia,GO,PME,306.0,2284.28,200221,2025-02-10,App,Consignado,9204.63,24,0.055600,APROVADA,,1,1,2025-02-10,2025-02-10,23045.54,0.1065000000,24.0,ATIVO,App,Consignado,12,2025-03-12,2026-02-05,23142.91,19588.68,3456.84,ABERTA | ATRASADA | PAGA,9,2025-04-12,2026-02-10,15118.87,62.18,18.61,0.00,2.5037,10.0888,0.0,80.79
10459.0,PF,8254780774,2024-10-23,Rio de Janeiro,RJ,MEI,410.0,3245.29,200222,2025-03-09,Televendas,Antecipação,9316.29,6,0.101200,APROVADA,,1,1,2025-03-15,2025-03-15,19378.71,0.0610000000,18.0,ATIVO,Televendas,Antecipação,9,2025-04-14,2025-12-10,19241.62,16471.89,2906.82,ATRASADA | PAGA,11,2025-04-14,2025-12-20,19018.38,70.21,54.76,22.43,2.0801,5.9713,6.0,124.97
10439.0,PF,37333433339,2024-12-09,São Paulo,SP,MEI,407.0,2992.62,200223,2025-04-18,WhatsApp,Consignado,3658.19,6,0.116800,APROVADA,,1,1,2025-04-24,2025-04-24,3630.70,0.0463000000,24.0,ATIVO,WhatsApp,Consignado,12,2025-05-24,2026-04-19,3574.81,3086.04,544.56,ABERTA | ATRASADA | PAGA,11,2025-07-03,2026-04-24,2640.38,7.84,6.82,5.44,0.9925,1.2132,6.0,14.66
10163.0,PF,18844225831,2024-05-11,Recife,PE,Mass Market,395.0,1589.62,200224,2025-08-29,WhatsApp,Parcelado,13481.71,6,0.062700,RECUSADA,Política,0,0,,,0.00,,,,,,0,,,0.00,0.00,0.00,,0,,,0.00,0.00,0.00,0.00,0.0000,0.0000,,0.00
10300.0,PF,94101372151,2025-02-05,Goiânia,GO,Emergente,481.0,938.60,200225,2025-01-28,App,Antecipação,22026.50,18,0.068200,APROVADA,,0,0,,,0.00,,,,,,0,,,0.00,0.00,0.00,,0,,,0.00,0.00,0.00,0.00,0.0000,0.0000,,0.00
10406.0,PF,83411080996,2025-02-23,Porto Alegre,RS,PME,424.0,2976.52,200226,2025-06-15,App,Antecipação,28236.51,12,0.075100,RECUSADA,Score baixo,0,0,,,0.00,,,,,,0,,,0.00,0.00,0.00,,0,,,0.00,0.00,0.00,0.00,0.0000,0.0000,,0.00
10302.0,PF,25324472099,2024-03-24,Fortaleza,CE,Mass Market,465.0,1089.69,200227,2025-12-29,Loja Parceira,Parcelado,18312.01,12,0.112900,APROVADA,,1,1,2026-01-04,2026-01-04,16214.23,0.1087000000,12.0,ATIVO,Loja Parceira,Parcelado,12,2026-02-03,2026-12-30,16236.38,13782.12,2432.16,ABERTA | ATRASADA | PAGA,9,2026-02-04,2026-12-30,11924.92,31.99,6.43,0.00,0.8854,14.8797,6.0,38.42
10286.0,PF,307562208,2025-08-04,Belo Horizonte,MG,Premium,732.0,18797.92,200228,2025-10-08,Loja Parceira,Consignado,25962.50,12,0.105100,RECUSADA,Fraude,0,0,,,0.00,,,,,,0,,,0.00,0.00,0.00,,0,,,0.00,0.00,0.00,0.00,0.0000,0.0000,,0.00
10394.0,PF,28801336138,2025-05-04,Fortaleza,CE,Emergente,452.0,800.00,200229,2025-09-09,App,Parcelado,24763.59,12,0.032900,PENDENTE,,0,0,,,0.00,,,,,,0,,,0.00,0.00,0.00,,0,,,0.00,0.00,0.00,0.00,0.0000,0.0000,,0.00
10009.0,PF,69653287101,2024-09-19,Rio de Janeiro,RJ,MEI,533.0,2056.94,200230,2025-08-31,WhatsApp,Capital de Giro,5613.62,9,0.060900,RECUSADA,Documentação,0,0,,,0.00,,,,,,0,,,0.00,0.00,0.00,,0,,,0.00,0.00,0.00,0.00,0.0000,0.0000,,0.00
10194.0,PF,67240049915,2025-09-21,Belo Horizonte,MG,Emergente,564.0,1807.72,200231,2025-10-08,Indicação,Parcelado,14831.61,12,0.063700,RECUSADA,Renda insuficiente,0,0,,,0.00,,,,,,0,,,0.00,0.00,0.00,,0,,,0.00,0.00,0.00,0.00,0.0000,0.0000,,0.00
10117.0,PF,51493689980,2024-05-28,Curitiba,PR,Premium,513.0,8482.10,200232,2025-04-04,WhatsApp,Parcelado,3949.24,18,0.097900,PENDENTE,,0,0,,,0.00,,,,,,0,,,0.00,0.00,0.00,,0,,,0.00,0.00,0.00,0.00,0.0000,0.0000,,0.00
10269.0,PF,1701277063,2024-11-07,Belo Horizonte,MG,Premium,357.0,4275.24,200233,2025-10-12,WhatsApp,Capital de Giro,20623.52,24,0.078300,APROVADA,,1,1,2025-10-23,2025-10-23,21265.45,0.0180000000,9.0,ATIVO,WhatsApp,Capital de Giro,9,2025-11-22,2026-07-20,21326.43,18075.60,3189.78,ABERTA | ATRASADA | PAGA,8,2025-12-22,2026-05-26,11553.13,45.04,10.65,0.00,1.0311,4.9741,11.0,55.69
10079.0,PF,74680715451,2024-04-16,Salvador,BA,Mass Market,608.0,5295.38,200234,2025-04-11,Indicação,Capital de Giro,28522.04,24,0.083700,RECUSADA,Política,0,0,,,0.00,,,,,,0,,,0.00,0.00,0.00,,0,,,0.00,0.00,0.00,0.00,0.0000,0.0000,,0.00
10457.0,PF,29979688457,2025-02-23,São Paulo,SP,Mass Market,499.0,4558.04,200235,2025-01-23,App,Parcelado,4544.14,24,0.119800,RECUSADA,Fraude,0,0,,,0.00,,,,,,0,,,0.00,0.00,0.00,,0,,,0.00,0.00,0.00,0.00,0.0000,0.0000,,0.00
10092.0,PJ,38692221969379,2024-01-20,Recife,PE,Emergente,401.0,4614.35,200236,2025-05-22,Loja Parceira,Parcelado,22149.55,12,0.022900,APROVADA,,1,1,2025-05-24,2025-05-24,20339.41,0.0713000000,12.0,LIQUIDADO,Loja Parceira,Parcelado,12,2025-06-23,2026-05-19,20189.89,17288.52,3050.88,ABERTA | ATRASADA | PAGA,12,2025-06-23,2026-05-19,18361.88,55.66,21.23,11.27,0.9183,4.4079,2.0,76.89
10265.0,PF,32536729466,2025-06-12,Salvador,BA,PME,459.0,4249.28,200237,2025-12-29,Indicação,Antecipação,19151.03,12,0.038400,APROVADA,,1,1,2026-01-03,2026-01-03,23117.80,0.0271000000,6.0,LIQUIDADO,Indicação,Antecipação,6,2026-02-02,2026-07-02,22698.56,19650.12,3467.64,ABERTA | ATRASADA | PAGA,6,2026-02-02,2026-06-12,14880.41,92.94,61.95,0.00,1.2071,5.4404,5.0,154.89
10331.0,PJ,91485646799702,2025-08-03,Recife,PE,Emergente,456.0,8739.45,200238,2025-04-04,App,Parcelado,17716.35,18,0.057800,PENDENTE,,0,0,,,0.00,,,,,,0,,,0.00,0.00,0.00,,0,,,0.00,0.00,0.00,0.00,0.0000,0.0000,,0.00
10349.0,PF,17381684602,2024-09-28,Goiânia,GO,Premium,438.0,6724.91,200239,2025-10-23,WhatsApp,Parcelado,12008.55,24,0.051500,RECUSADA,Score baixo,0,0,,,0.00,,,,,,0,,,0.00,0.00,0.00,,0,,,0.00,0.00,0.00,0.00,0.0000,0.0000,,0.00
10360.0,PF,14117393483,2025-10-22,Belo Horizonte,MG,Emergente,455.0,1128.59,200240,2025-03-06,Loja Parceira,Consignado,10976.38,6,0.017300,APROVADA,,1,1,2025-03-06,2025-03-06,1830.12,0.0180000000,12.0,LIQUIDADO,Loja Parceira,Consignado,12,2025-04-05,2026-03-01,1827.99,1555.56,274.56,ABERTA | ATRASADA | PAGA,6,2025-06-04,2026-03-11,599.27,3.33,2.83,0.16,0.1667,1.6216,0.0,6.16
10256.0,PJ,28669296627828,2024-08-28,Florianópolis,SC,Premium,460.0,14216.20,200241,2025-01-26,Loja Parceira,Antecipação,1834.85,9,0.024600,APROVADA,,1,1,2025-02-04,2025-02-04,12379.99,0.0552000000,12.0,ATIVO,Loja Parceira,Antecipação,12,2025-03-06,2026-01-30,12530.46,10523.04,1857.00,ABERTA | ATRASADA | PAGA,10,2025-03-08,2026-02-19,9396.60,40.17,35.85,0.00,6.7471,0.8708,9.0,76.02
10132.0,PF,67980793597,2025-11-16,Porto Alegre,RS,Mass Market,373.0,1789.27,200242,2025-12-23,WhatsApp,Parcelado,6928.31,6,0.086500,RECUSADA,Score baixo,0,0,,,0.00,,,,,,0,,,0.00,0.00,0.00,,0,,,0.00,0.00,0.00,0.00,0.0000,0.0000,,0.00
10275.0,PF,65234138999,2025-03-24,Fortaleza,CE,Emergente,599.0,1420.74,200243,2025-03-15,Indicação,Antecipação,947.72,12,0.107300,APROVADA,,1,1,2025-03-20,2025-03-20,20474.64,0.0308000000,12.0,ATIVO,Indicação,Antecipação,12,2025-04-19,2026-03-15,20574.42,17403.48,3071.16,ATRASADA | PAGA,13,2025-04-24,2026-04-19,20347.07,77.01,42.24,32.19,21.6041,14.4113,5.0,119.25
10263.0,PF,92330958498,2025-01-21,Goiânia,GO,MEI,565.0,4602.69,200244,2025-05-23,WhatsApp,Antecipação,17651.80,9,0.069000,RECUSADA,Renda insuficiente,0,0,,,0.00,,,,,,0,,,0.00,0.00,0.00,,0,,,0.00,0.00,0.00,0.00,0.0000,0.0000,,0.00
10170.0,PF,109439690,2024-11-27,Porto Alegre,RS,PME,487.0,9974.75,200245,2025-08-23,App,Antecipação,3622.67,9,0.071600,RECUSADA,Política,0,0,,,0.00,,,,,,0,,,0.00,0.00,0.00,,0,,,0.00,0.00,0.00,0.00,0.0000,0.0000,,0.00
10459.0,PF,8254780774,2024-10-23,Rio de Janeiro,RJ,MEI,410.0,3245.29,200246,2025-02-09,Televendas,Parcelado,26254.07,3,0.041800,RECUSADA,Política,0,0,,,0.00,,,,,,0,,,0.00,0.00,0.00,,0,,,0.00,0.00,0.00,0.00,0.0000,0.0000,,0.00
10000.0,PF,10433218196,2024-05-26,Porto Alegre,RS,PME,411.0,3277.48,200247,2025-07-16,App,Parcelado,15932.72,9,0.095600,APROVADA,,1,1,2025-07-26,2025-07-26,8273.46,0.0796000000,12.0,LIQUIDADO,App,Parcelado,12,2025-08-25,2026-07-21,8266.03,7032.48,1241.04,ABERTA | ATRASADA | PAGA,10,2025-08-25,2026-07-26,6765.26,6.14,4.42,2.53,0.5193,2.5243,10.0,10.56
10000.0,PF,10433218196,2024-05-26,Porto Alegre,RS,PME,563.0,5389.00,200247,2025-07-16,App,Parcelado,15932.72,9,0.095600,APROVADA,,1,1,2025-07-26,2025-07-26,8273.46,0.0796000000,12.0,LIQUIDADO,App,Parcelado,12,2025-08-25,2026-07-21,8266.03,7032.48,1241.04,ABERTA | ATRASADA | PAGA,10,2025-08-25,2026-07-26,6765.26,6.14,4.42,2.53,0.5193,1.5352,10.0,10.56
10312.0,PF,22675289539,2024-12-12,São Paulo,SP,Emergente,635.0,1886.54,200248,2025-06-06,App,Parcelado,21140.85,24,0.093900,RECUSADA,Renda insuficiente,0,0,,,0.00,,,,,,0,,,0.00,0.00,0.00,,0,,,0.00,0.00,0.00,0.00,0.0000,0.0000,,0.00
10063.0,PF,36783777014,2024-05-27,Goiânia,GO,Premium,590.0,11035.92,200249,2025-08-12,Loja Parceira,Parcelado,12620.28,6,0.076800,RECUSADA,Documentação,0,0,,,0.00,,,,,,0,,,0.00,0.00,0.00,,0,,,0.00,0.00,0.00,0.00,0.0000,0.0000,,0.00
10373.0,PF,80199488375,2024-01-27,Salvador,BA,Emergente,480.0,1593.54,200250,2025-02-08,Loja Parceira,Capital de Giro,17037.10,18,0.037300,RECUSADA,Política,0,0,,,0.00,,,,,,0,,,0.00,0.00,0.00,,0,,,0.00,0.00,0.00,0.00,0.0000,0.0000,,0.00
10467.0,PJ,60136730371837,2024-06-23,Rio de Janeiro,RJ,PME,449.0,23940.15,200251,2025-06-10,App,Parcelado,28308.45,12,0.025200,APROVADA,,1,1,2025-06-21,2025-06-21,22503.82,0.0476000000,9.0,ATIVO,App,Parcelado,9,2025-07-21,2026-03-18,22149.09,19128.24,3375.54,ABERTA | PAGA,7,2025-07-22,2026-03-28,14455.92,0.00,0.00,0.00,0.7950,0.9400,11.0,0.00
10283.0,PF,84252410564,2024-05-21,Florianópolis,SC,Emergente,300.0,1290.30,200252,2025-04-05,Indicação,Capital de Giro,2940.65,24,0.021700,APROVADA,,1,1,2025-04-07,2025-04-07,23039.09,0.0716000000,18.0,ATIVO,Indicação,Capital de Giro,9,2025-05-07,2026-01-02,22975.76,19583.19,3455.82,ABERTA | PAGA,7,2025-06-06,2025-12-08,12691.44,0.00,0.00,0.00,7.8347,17.8556,2.0,0.00
10120.0,PJ,45991022901476,2025-11-27,Recife,PE,Mass Market,391.0,5328.40,200253,2025-01-13,WhatsApp,Parcelado,7991.16,6,0.077200,PENDENTE,,0,0,,,0.00,,,,,,0,,,0.00,0.00,0.00,,0,,,0.00,0.00,0.00,0.00,0.0000,0.0000,,0.00
10106.0,PF,90053293183,2024-05-14,Florianópolis,SC,MEI,710.0,9279.87,200254,2025-01-26,Loja Parceira,Parcelado,23509.66,24,0.101600,APROVADA,,1,1,2025-02-05,2025-02-05,3772.15,0.0423000000,18.0,LIQUIDADO,Loja Parceira,Parcelado,8,2025-03-07,2025-11-02,3338.03,2850.08,502.96,ABERTA | PAGA | paga,6,2025-03-27,2025-11-02,2476.29,0.00,0.00,0.00,0.1605,0.4065,10.0,0.00
10420.0,PJ,38862912799088,2025-04-04,Rio de Janeiro,RJ,Emergente,454.0,16048.92,200255,2025-09-22,App,Antecipação,3412.75,12,0.105100,APROVADA,,1,1,2025-10-02,2025-10-02,27280.57,0.0454000000,24.0,LIQUIDADO,App,Antecipação,12,2025-11-01,2026-09-27,27223.32,23188.44,4092.12,ABERTA | PAGA,11,2026-01-01,2026-11-01,20001.13,0.00,0.00,0.00,7.9937,1.6998,10.0,0.00
10174.0,PF,47321046963,2024-03-06,Salvador,BA,Emergente,417.0,1019.65,200256,,Indicação,Parcelado,2732.00,24,0.063700,APROVADA,,1,1,2025-05-22,2025-05-22,2845.83,0.0220000000,6.0,ATIVO,Indicação,Parcelado,6,2025-06-21,2025-11-18,2843.47,2418.96,426.90,ABERTA | PAGA,5,2025-08-21,2025-10-29,1435.19,0.00,0.00,0.00,1.0417,2.7910,,0.00
10484.0,PF,65939836845,2024-03-24,Belo Horizonte,MG,Mass Market,505.0,1138.45,200257,2025-01-07,Indicação,Parcelado,11165.47,24,0.097300,RECUSADA,Renda insuficiente,0,0,,,0.00,,,,,,0,,,0.00,0.00,0.00,,0,,,0.00,0.00,0.00,0.00,0.0000,0.0000,,0.00
10203.0,PJ,97187072867908,2024-05-11,Curitiba,PR,Mass Market,365.0,8530.84,200258,2025-07-01,WhatsApp,Antecipação,3218.95,6,0.114400,APROVADA,,1,1,2025-07-04,2025-07-04,11320.77,0.0853000000,18.0,ATIVO,WhatsApp,Antecipação,9,2025-08-03,2026-03-31,11310.65,9622.62,1698.12,ABERTA | ATRASADA | PAGA,9,2025-08-23,2026-04-01,8717.13,14.23,2.86,0.00,3.5169,1.3270,3.0,17.09
10164.0,PF,32370589578,2025-03-03,Rio de Janeiro,RJ,Emergente,331.0,1083.40,200259,,App,Parcelado,17759.81,3,0.043900,APROVADA,,1,1,2025-09-04,2025-09-04,14946.27,0.0902000000,24.0,ATIVO,App,Parcelado,12,2025-10-04,2026-08-30,15151.55,12704.28,2241.96,ABERTA | ATRASADA | PAGA,9,2025-11-08,2026-10-04,11209.76,18.60,9.69,22.95,0.8416,13.7957,,28.29
10304.0,PF,26383806578,2024-10-16,Fortaleza,CE,Premium,384.0,4391.52,200260,2025-01-01,App,Capital de Giro,7175.12,6,0.056800,APROVADA,,1,1,2025-01-02,2025-01-02,26994.65,0.1015000000,6.0,ATIVO,App,Capital de Giro,6,2025-02-01,2025-07-01,27153.51,22945.44,4049.22,ABERTA | PAGA,7,2025-02-01,2025-06-03,17967.68,0.00,0.00,0.00,3.7623,6.1470,1.0,0.00
10304.0,PF,26383806578,2024-10-16,Fortaleza,CE,Premium,301.0,5333.30,200260,2025-01-01,App,Capital de Giro,7175.12,6,0.056800,APROVADA,,1,1,2025-01-02,2025-01-02,26994.65,0.1015000000,6.0,ATIVO,App,Capital de Giro,6,2025-02-01,2025-07-01,27153.51,22945.44,4049.22,ABERTA | PAGA,7,2025-02-01,2025-06-03,17967.68,0.00,0.00,0.00,3.7623,5.0615,1.0,0.00
10496.0,PF,90425979270,2025-04-15,Salvador,BA,Premium,335.0,4514.11,200261,2025-01-14,App,Antecipação,26923.09,12,0.112800,RECUSADA,Política,0,0,,,0.00,,,,,,0,,,0.00,0.00,0.00,,0,,,0.00,0.00,0.00,0.00,0.0000,0.0000,,0.00
10119.0,PF,20183667525,2024-05-09,Curitiba,PR,Premium,450.0,7474.30,200262,2025-05-23,App,Parcelado,23613.25,6,0.050500,APROVADA,,1,1,2025-05-23,2025-05-23,2460.96,0.0952000000,24.0,ATIVO,App,Parcelado,12,2025-06-22,2026-05-18,2448.88,2091.84,369.12,ABERTA | ATRASADA | PAGA,10,2025-06-27,2026-06-22,1797.94,9.51,3.86,0.00,0.1042,0.3293,0.0,13.37
10043.0,PJ,38721489513433,2025-11-23,Salvador,BA,Mass Market,606.0,23287.51,200263,2025-02-25,App,Antecipação,21141.30,6,0.111000,APROVADA,,1,1,2025-03-03,2025-03-03,5710.97,0.0899000000,6.0,ATIVO,App,Antecipação,6,2025-04-02,2025-08-30,5758.35,4854.30,856.62,ABERTA | PAGA,3,2025-06-01,2025-10-04,1889.55,0.00,0.00,0.00,0.2701,0.2452,6.0,0.00
10311.0,PF,18515691545,2024-12-15,Porto Alegre,RS,MEI,455.0,2959.87,200264,2025-05-01,Indicação,Parcelado,18699.85,12,0.118000,APROVADA,,1,1,2025-05-11,2025-05-11,24419.43,0.0126000000,3.0,ATIVO,Indicação,Parcelado,3,2025-06-10,2025-08-09,24648.38,20756.52,3662.91,ABERTA | PAGA,2,2025-06-11,2025-08-10,16042.31,0.00,0.00,0.00,1.3059,8.2502,10.0,0.00
10155.0,PF,27758416169,2024-08-02,Curitiba,PR,Emergente,598.0,1836.43,200265,2025-05-23,Loja Parceira,Parcelado,25972.24,3,0.084500,RECUSADA,Fraude,0,0,,,0.00,,,,,,0,,,0.00,0.00,0.00,,0,,,0.00,0.00,0.00,0.00,0.0000,0.0000,,0.00
10366.0,PJ,62120216979729,2024-08-26,Florianópolis,SC,PME,610.0,3922.49,200266,2025-01-02,App,Parcelado,7080.33,6,0.100800,APROVADA,,1,1,2025-01-14,2025-01-14,26687.87,0.0275000000,24.0,ATIVO,App,Parcelado,12,2025-02-13,2026-01-09,26388.34,22684.68,4003.20,ABERTA | PAGA,11,2025-02-13,2025-12-30,21796.59,0.00,0.00,13.10,3.7693,6.8038,12.0,0.00
10206.0,PF,65676618251,2024-01-03,Recife,PE,Mass Market,348.0,6555.35,200267,2025-09-15,App,Parcelado,26256.71,12,0.093700,APROVADA,,1,1,2025-09-22,2025-09-22,25787.19,0.0486000000,3.0,ATIVO,App,Parcelado,3,2025-10-22,2025-12-21,26066.21,21919.11,3868.08,PAGA,4,2025-10-24,2026-01-25,25695.04,0.00,0.00,0.00,0.9821,3.9338,7.0,0.00
10389.0,PJ,90947985158328,2024-06-02,Goiânia,GO,PME,672.0,38131.37,200268,2025-10-08,App,Consignado,23790.02,3,0.088500,APROVADA,,1,1,2025-10-20,2025-10-20,21826.45,0.0376000000,24.0,ATIVO,App,Consignado,12,2025-11-19,2026-10-15,22033.83,18552.48,3273.96,ABERTA | ATRASADA | PAGA,7,2025-11-21,2026-09-15,12774.55,25.07,34.18,0.00,0.9175,0.5724,12.0,59.25
10107.0,PJ,93352904228421,2024-10-09,Belo Horizonte,MG,Mass Market,476.0,27589.69,200269,2025-06-24,App,Parcelado,22570.74,9,0.047200,PENDENTE,,0,0,,,0.00,,,,,,0,,,0.00,0.00,0.00,,0,,,0.00,0.00,0.00,0.00,0.0000,0.0000,,0.00
10250.0,PF,1051238282,2025-07-07,São Paulo,SP,Emergente,561.0,4791.30,200270,2025-05-28,App,Parcelado,17057.04,12,0.021000,RECUSADA,Política,0,0,,,0.00,,,,,,0,,,0.00,0.00,0.00,,0,,,0.00,0.00,0.00,0.00,0.0000,0.0000,,0.00
10444.0,PJ,59428434795527,2024-09-22,Florianópolis,SC,Premium,479.0,12157.55,200271,2025-09-22,App,Parcelado,7764.20,12,0.051000,PENDENTE,,0,0,,,0.00,,,,,,0,,,0.00,0.00,0.00,,0,,,0.00,0.00,0.00,0.00,0.0000,0.0000,,0.00
10403.0,PJ,91357759492995,2024-07-16,Salvador,BA,Premium,391.0,14611.23,200272,2025-10-23,WhatsApp,Capital de Giro,12994.66,24,0.085000,RECUSADA,Renda insuficiente,0,0,,,0.00,,,,,,0,,,0.00,0.00,0.00,,0,,,0.00,0.00,0.00,0.00,0.0000,0.0000,,0.00
10369.0,PF,37562890028,2025-12-18,Recife,PE,Emergente,729.0,800.00,200273,2025-01-26,Indicação,Parcelado,23910.33,12,0.025800,APROVADA,,1,1,2025-01-28,2025-01-28,16893.29,0.0510000000,18.0,ATIVO,Indicação,Parcelado,9,2025-02-27,2025-10-25,16846.90,14359.32,2533.95,ABERTA | ATRASADA | PAGA,7,2025-02-28,2025-10-25,12867.06,53.52,35.91,0.00,0.7065,21.1166,2.0,89.43
10333.0,PF,74505444713,2024-04-18,Curitiba,PR,PME,544.0,15015.97,200274,2025-03-24,App,Parcelado,1437.47,12,0.016300,RECUSADA,Política,0,0,,,0.00,,,,,,0,,,0.00,0.00,0.00,,0,,,0.00,0.00,0.00,0.00,0.0000,0.0000,,0.00
10129.0,PF,,2025-08-24,Florianópolis,SC,Mass Market,411.0,1020.81,200275,2025-05-20,App,Capital de Giro,23570.50,12,0.029700,APROVADA,,1,1,2025-05-25,2025-05-25,14330.16,0.0565000000,6.0,ATIVO,App,Capital de Giro,6,2025-06-24,2025-11-21,14503.69,12180.66,2149.50,ABERTA | ATRASADA | PAGA,7,2025-06-25,2025-11-22,11949.10,64.13,31.06,0.00,0.6080,14.0380,5.0,95.19
10456.0,PF,5577848728,2024-09-11,Salvador,BA,Premium,375.0,4047.97,200276,2025-09-08,Televendas,Parcelado,7582.09,18,0.090200,RECUSADA,Renda insuficiente,0,0,,,0.00,,,,,,0,,,0.00,0.00,0.00,,0,,,0.00,0.00,0.00,0.00,0.0000,0.0000,,0.00
10292.0,PJ,83670241038657,2024-09-12,Recife,PE,Premium,314.0,13816.93,200277,2025-10-11,App,Parcelado,4757.12,24,0.117100,APROVADA,,1,1,2025-10-23,2025-10-23,24395.52,0.0366000000,9.0,ATIVO,App,Parcelado,9,2025-11-22,2026-07-20,24442.86,20736.18,3659.31,ABERTA | ATRASADA | PAGA,7,2026-01-01,2026-07-25,18950.77,92.51,43.44,0.00,5.1282,1.7656,12.0,135.95
10019.0,PF,11656670106,2025-03-11,São Paulo,SP,MEI,367.0,1952.96,200278,2025-02-14,App,Parcelado,3913.19,18,0.118200,APROVADA,,1,1,2025-02-25,2025-02-25,3049.53,0.0285000000,3.0,ATIVO,App,Parcelado,3,2025-03-27,2025-05-26,3078.56,2592.09,457.44,ABERTA | PAGA,2,2025-04-28,2025-06-05,2075.59,0.00,0.00,0.00,0.7793,1.5615,11.0,0.00
10281.0,PF,46303161799,2024-06-18,Florianópolis,SC,Premium,441.0,4741.87,200279,2025-07-14,Televendas,Parcelado,1303.88,12,0.066900,PENDENTE,,0,0,,,0.00,,,,,,0,,,0.00,0.00,0.00,,0,,,0.00,0.00,0.00,0.00,0.0000,0.0000,,0.00
10284.0,PF,81491778507,2024-03-27,Recife,PE,Mass Market,361.0,1817.29,200280,2025-12-27,App,Antecipação,15945.80,6,0.106300,APROVADA,,1,1,2026-01-02,2026-01-02,25574.63,0.0180000000,24.0,ATIVO,App,Antecipação,12,2026-02-01,2026-12-28,25769.04,21738.48,3836.16,ABERTA | ATRASADA | PAGA,10,2026-02-11,2027-01-17,21203.42,57.51,8.76,17.80,1.6038,14.0729,6.0,66.27
10000.0,PF,10433218196,2024-05-26,Porto Alegre,RS,PME,411.0,3277.48,200281,2025-05-02,Loja Parceira,Parcelado,6938.67,9,0.092400,RECUSADA,Documentação,0,0,,,0.00,,,,,,0,,,0.00,0.00,0.00,,0,,,0.00,0.00,0.00,0.00,0.0000,0.0000,,0.00
10000.0,PF,10433218196,2024-05-26,Porto Alegre,RS,PME,563.0,5389.00,200281,2025-05-02,Loja Parceira,Parcelado,6938.67,9,0.092400,RECUSADA,Documentação,0,0,,,0.00,,,,,,0,,,0.00,0.00,0.00,,0,,,0.00,0.00,0.00,0.00,0.0000,0.0000,,0.00
10118.0,PJ,94024455022961,2024-05-29,Recife,PE,MEI,386.0,5418.39,200282,2025-04-21,Loja Parceira,Parcelado,29688.24,3,0.067600,APROVADA,,1,1,2025-04-27,2025-04-27,8209.19,0.0532000000,12.0,ATIVO,Loja Parceira,Parcelado,12,2025-05-27,2026-04-22,8271.10,6977.76,1231.32,ABERTA | PAGA,9,2025-05-27,2026-04-27,5409.49,0.00,0.00,7.66,0.2765,1.5151,6.0,0.00
10034.0,PJ,53315869232260,2025-12-28,Florianópolis,SC,PME,606.0,35646.41,200283,2025-01-21,App,Parcelado,17445.88,24,0.075100,APROVADA,,1,1,2025-01-29,2025-01-29,6629.23,0.0547000000,9.0,ATIVO,App,Parcelado,9,2025-02-28,2025-10-26,6719.18,5634.81,994.41,ABERTA | PAGA,8,2025-04-04,2025-11-15,5137.55,0.00,0.00,0.00,0.3800,0.1860,8.0,0.00
10197.0,PJ,96685161227530,2025-07-15,São Paulo,SP,Premium,786.0,30616.49,200284,2025-12-29,App,Capital de Giro,4567.62,12,0.029400,RECUSADA,Política,0,0,,,0.00,,,,,,0,,,0.00,0.00,0.00,,0,,,0.00,0.00,0.00,0.00,0.0000,0.0000,,0.00
10484.0,PF,65939836845,2024-03-24,Belo Horizonte,MG,Mass Market,505.0,1138.45,200285,2025-08-24,WhatsApp,Capital de Giro,20818.49,18,0.113500,RECUSADA,Documentação,0,0,,,0.00,,,,,,0,,,0.00,0.00,0.00,,0,,,0.00,0.00,0.00,0.00,0.0000,0.0000,,0.00
10244.0,PF,41672434266,2024-09-19,Porto Alegre,RS,Mass Market,687.0,5763.28,200286,2025-05-13,App,Parcelado,26983.44,9,0.052000,RECUSADA,Score baixo,0,0,,,0.00,,,,,,0,,,0.00,0.00,0.00,,0,,,0.00,0.00,0.00,0.00,0.0000,0.0000,,0.00
10058.0,PF,91905865185,2024-11-23,Recife,PE,Emergente,332.0,902.80,200287,2025-11-07,App,Antecipação,22482.80,18,0.061800,APROVADA,,1,1,2025-11-19,2025-11-19,18457.33,0.0939000000,6.0,LIQUIDADO,App,Antecipação,6,2025-12-19,2026-05-18,18791.70,15688.74,2768.58,ABERTA | ATRASADA | PAGA,4,2025-12-19,2026-04-28,12321.69,81.91,39.59,0.00,0.8210,20.4445,12.0,121.50
10324.0,PJ,52704774349021,2025-02-16,Salvador,BA,PME,719.0,62258.87,200288,2025-05-04,WhatsApp,Capital de Giro,2754.98,6,0.085500,APROVADA,,1,1,2025-05-08,2025-05-08,21099.04,0.0280000000,24.0,LIQUIDADO,WhatsApp,Capital de Giro,12,2025-06-07,2026-05-03,21313.17,17934.24,3164.88,ABERTA | ATRASADA | PAGA,11,2025-06-07,2026-04-08,15733.60,8.25,6.39,0.00,7.6585,0.3389,4.0,14.64
10160.0,PF,92856543102,2025-04-16,Recife,PE,PME,345.0,4167.82,200289,2025-11-03,Loja Parceira,Antecipação,26928.58,3,0.050100,RECUSADA,Documentação,0,0,,,0.00,,,,,,0,,,0.00,0.00,0.00,,0,,,0.00,0.00,0.00,0.00,0.0000,0.0000,,0.00
10496.0,PF,90425979270,2025-04-15,Salvador,BA,Premium,335.0,4514.11,200290,2025-10-04,App,Antecipação,23920.92,9,0.041700,RECUSADA,Fraude,0,0,,,0.00,,,,,,0,,,0.00,0.00,0.00,,0,,,0.00,0.00,0.00,0.00,0.0000,0.0000,,0.00
10178.0,PJ,45650609835841,2024-04-29,Fortaleza,CE,Mass Market,433.0,7386.61,200291,2025-04-16,Televendas,Parcelado,5169.97,12,0.081300,APROVADA,,1,1,2025-04-28,2025-04-28,10347.54,0.0942000000,9.0,CANCELADO,Televendas,Parcelado,9,2025-05-28,2026-01-23,10307.12,8795.43,1552.14,ABERTA | ATRASADA,2,2025-11-26,2025-12-29,2339.10,16.64,23.72,0.00,2.0015,1.4009,12.0,40.36
10205.0,PF,51801704622,2025-12-02,Belo Horizonte,MG,Emergente,538.0,1150.43,200292,2025-03-15,App,Parcelado,2027.68,12,0.017600,PENDENTE,,0,0,,,0.00,,,,,,0,,,0.00,0.00,0.00,,0,,,0.00,0.00,0.00,0.00,0.0000,0.0000,,0.00
10011.0,PJ,80184514627048,2024-08-01,Fortaleza,CE,PME,636.0,69901.42,200293,2025-07-21,Televendas,Parcelado,16940.66,24,0.090700,RECUSADA,Fraude,0,0,,,0.00,,,,,,0,,,0.00,0.00,0.00,,0,,,0.00,0.00,0.00,0.00,0.0000,0.0000,,0.00
10489.0,PJ,40961055661390,2024-08-12,Salvador,BA,Emergente,481.0,5516.90,200294,2025-12-19,WhatsApp,Parcelado,5103.06,6,0.069000,PENDENTE,,0,0,,,0.00,,,,,,0,,,0.00,0.00,0.00,,0,,,0.00,0.00,0.00,0.00,0.0000,0.0000,,0.00
10275.0,PF,65234138999,2025-03-24,Fortaleza,CE,Emergente,599.0,1420.74,200295,2025-08-29,Loja Parceira,Consignado,25120.43,12,0.078600,RECUSADA,Renda insuficiente,0,0,,,0.00,,,,,,0,,,0.00,0.00,0.00,,0,,,0.00,0.00,0.00,0.00,0.0000,0.0000,,0.00
10180.0,PF,55852398680,2024-03-07,Salvador,BA,Emergente,517.0,4339.29,200296,2025-04-19,Loja Parceira,Parcelado,11070.87,12,0.081300,RECUSADA,Documentação,0,0,,,0.00,,,,,,0,,,0.00,0.00,0.00,,0,,,0.00,0.00,0.00,0.00,0.0000,0.0000,,0.00
10241.0,PJ,65965756924593,2025-02-14,Goiânia,GO,Mass Market,481.0,7616.61,200297,2025-05-22,Indicação,Parcelado,27430.33,9,0.070300,APROVADA,,1,1,2025-06-01,2025-06-01,28060.47,0.0380000000,24.0,ATIVO,Indicação,Parcelado,12,2025-07-01,2026-05-27,27882.66,23851.44,4209.12,ABERTA | ATRASADA | PAGA,11,2025-08-05,2026-04-28,20649.94,42.33,66.59,58.22,1.0230,3.6841,10.0,108.92
10215.0,PF,68826343517,2025-04-26,Porto Alegre,RS,PME,306.0,3976.56,200298,2025-02-08,App,Antecipação,17187.80,18,0.076200,APROVADA,,1,1,2025-02-19,2025-02-19,14760.07,0.0366000000,3.0,LIQUIDADO,App,Antecipação,3,2025-03-21,2025-05-20,14652.52,12546.06,2214.00,ABERTA | PAGA,2,2025-03-21,2025-04-21,9753.75,0.00,0.00,0.00,0.8588,3.7118,11.0,0.00
10250.0,PF,1051238282,2025-07-07,São Paulo,SP,Emergente,561.0,4791.30,200299,2025-09-08,WhatsApp,Parcelado,5888.84,18,0.086800,RECUSADA,Renda insuficiente,0,0,,,0.00,,,,,,0,,,0.00,0.00,0.00,,0,,,0.00,0.00,0.00,0.00,0.0000,0.0000,,0.00
10298.0,PF,42067883171,2024-02-19,Florianópolis,SC,MEI,457.0,2395.00,200300,2025-06-27,App,Parcelado,4618.17,18,0.094100,APROVADA,,1,1,2025-07-04,2025-07-04,10543.01,0.0145000000,12.0,LIQUIDADO,App,Parcelado,13,2025-08-03,2026-06-29,11495.46,9708.40,1713.27,ABERTA | ATRASADA | PAGA,8,2025-11-01,2026-07-19,6599.24,20.07,0.36,9.45,2.2829,4.4021,7.0,20.43
10125.0,PF,15969664160,2025-10-09,Goiânia,GO,Mass Market,335.0,1086.73,200301,2025-11-19,App,Parcelado,17505.94,24,0.091400,APROVADA,,1,1,2025-11-28,2025-11-28,28263.50,0.0794000000,12.0,LIQUIDADO,App,Parcelado,12,2025-12-28,2026-11-23,28113.38,24024.00,4239.48,ABERTA | ATRASADA | PAGA,4,2026-03-03,2026-11-23,9159.48,22.40,31.57,0.00,1.6145,26.0078,9.0,53.97
10481.0,PF,86338392886,2025-06-23,Goiânia,GO,MEI,415.0,2139.96,200302,2025-06-09,App,Parcelado,22975.57,18,0.106300,APROVADA,,1,1,2025-06-12,2025-06-12,8982.73,0.0377000000,6.0,ATIVO,App,Parcelado,6,2025-07-12,2025-12-09,9122.62,7635.30,1347.42,ABERTA | ATRASADA | PAGA,5,2025-07-14,2025-11-11,7378.76,60.73,6.82,0.00,0.3910,4.1976,3.0,67.55
10216.0,PF,51830469901,2024-11-27,Salvador,BA,PME,543.0,11870.17,200303,2025-03-10,Indicação,Antecipação,23554.42,6,0.034900,APROVADA,,1,1,2025-03-18,2025-03-18,26310.71,0.0407000000,3.0,ATIVO,Indicação,Antecipação,3,2025-04-17,2025-06-16,25817.88,22364.10,3946.62,PAGA,4,2025-04-18,2025-07-21,25474.75,0.00,0.00,120.85,1.1170,2.2165,8.0,0.00
10305.0,PJ,75985642059304,2025-02-19,Belo Horizonte,MG,MEI,682.0,17555.32,200304,2025-01-13,Indicação,Parcelado,8634.84,18,0.057100,PENDENTE,,0,0,,,0.00,,,,,,0,,,0.00,0.00,0.00,,0,,,0.00,0.00,0.00,0.00,0.0000,0.0000,,0.00
10284.0,PF,81491778507,2024-03-27,Recife,PE,Mass Market,361.0,1817.29,200305,2025-01-10,App,Parcelado,6525.28,9,0.114500,RECUSADA,Documentação,0,0,,,0.00,,,,,,0,,,0.00,0.00,0.00,,0,,,0.00,0.00,0.00,0.00,0.0000,0.0000,,0.00
10184.0,PF,93097289623,2025-05-31,São Paulo,SP,MEI,629.0,4294.47,200306,2025-12-29,App,Parcelado,994.31,6,0.056600,APROVADA,,1,1,2025-12-29,2025-12-29,19786.05,0.0922000000,12.0,ATIVO,App,Parcelado,12,2026-01-28,2026-12-24,19733.06,16818.12,2967.96,ABERTA | PAGA,10,2026-02-17,2026-12-29,14607.61,0.00,0.00,11.66,19.8993,4.6073,0.0,0.00
10038.0,PF,19655698169,2024-07-07,Florianópolis,SC,MEI,445.0,1809.89,200307,2025-03-28,WhatsApp,Parcelado,20536.37,3,0.028100,APROVADA,,1,1,2025-03-28,2025-03-28,29062.13,0.0732000000,9.0,ATIVO,WhatsApp,Parcelado,9,2025-04-27,2025-12-23,29444.90,24702.84,4359.33,ABERTA | ATRASADA | PAGA,8,2025-05-17,2025-12-28,25442.72,29.11,43.06,41.20,1.4152,16.0574,0.0,72.17
10222.0,PF,54777252287,2025-04-03,Rio de Janeiro,RJ,Mass Market,373.0,5339.35,200308,2025-05-22,App,Capital de Giro,2758.76,18,0.070200,RECUSADA,Política,0,0,,,0.00,,,,,,0,,,0.00,0.00,0.00,,0,,,0.00,0.00,0.00,0.00,0.0000,0.0000,,0.00
10183.0,PJ,47055169409749,2024-03-03,Fortaleza,CE,Emergente,484.0,12075.55,200309,2025-10-16,App,Parcelado,12912.46,18,0.026500,RECUSADA,Documentação,0,0,,,0.00,,,,,,0,,,0.00,0.00,0.00,,0,,,0.00,0.00,0.00,0.00,0.0000,0.0000,,0.00
10494.0,PF,69389833146,2025-08-21,Rio de Janeiro,RJ,Emergente,314.0,1040.44,200310,2025-08-23,WhatsApp,Parcelado,18249.62,6,0.036300,PENDENTE,,0,0,,,0.00,,,,,,0,,,0.00,0.00,0.00,,0,,,0.00,0.00,0.00,0.00,0.0000,0.0000,,0.00
10426.0,PF,36887258874,2025-07-07,Salvador,BA,Premium,622.0,23323.12,200311,2025-07-01,Loja Parceira,Consignado,28144.71,18,0.119800,RECUSADA,Score baixo,0,0,,,0.00,,,,,,0,,,0.00,0.00,0.00,,0,,,0.00,0.00,0.00,0.00,0.0000,0.0000,,0.00
10177.0,PF,4797480162,2025-06-03,Salvador,BA,PME,540.0,6368.24,200312,2025-12-18,Indicação,Capital de Giro,9698.16,24,0.071800,APROVADA,,1,1,2025-12-23,2025-12-23,2403.81,0.0921000000,3.0,ATIVO,Indicação,Capital de Giro,3,2026-01-22,2026-03-23,2345.87,2043.24,360.57,ABERTA | ATRASADA | PAGA,2,2026-01-22,2026-03-28,1551.41,18.01,6.46,0.00,0.2479,0.3775,5.0,24.47
10406.0,PF,83411080996,2025-02-23,Porto Alegre,RS,PME,424.0,2976.52,200313,2025-10-23,App,Parcelado,7868.28,6,0.044800,APROVADA,,1,1,2025-11-03,2025-11-03,9527.03,0.0644000000,18.0,ATIVO,App,Parcelado,9,2025-12-03,2026-07-31,9695.23,8098.02,1429.02,ABERTA | PAGA,5,2025-12-05,2026-06-21,5361.97,0.00,0.00,7.38,1.2108,3.2007,11.0,0.00
10427.0,PJ,49562137213865,2025-08-13,Belo Horizonte,MG,PME,302.0,20064.78,200314,2025-12-18,App,Capital de Giro,19797.72,6,0.119500,PENDENTE,,0,0,,,0.00,,,,,,0,,,0.00,0.00,0.00,,0,,,0.00,0.00,0.00,0.00,0.0000,0.0000,,0.00
10293.0,PF,19182619906,2025-08-11,Fortaleza,CE,Premium,638.0,9051.09,200315,2025-01-06,Loja Parceira,Antecipação,18767.55,18,0.116500,RECUSADA,Renda insuficiente,0,0,,,0.00,,,,,,0,,,0.00,0.00,0.00,,0,,,0.00,0.00,0.00,0.00,0.0000,0.0000,,0.00
10339.0,PF,6029333346,2025-03-18,Fortaleza,CE,PME,663.0,14086.22,200316,2025-05-04,WhatsApp,Capital de Giro,10297.24,9,0.061300,RECUSADA,Política,0,0,,,0.00,,,,,,0,,,0.00,0.00,0.00,,0,,,0.00,0.00,0.00,0.00,0.0000,0.0000,,0.00
10150.0,PJ,51888880670654,2024-11-16,Curitiba,PR,Premium,424.0,15247.41,200317,2025-05-03,Loja Parceira,Parcelado,27879.00,12,0.042300,APROVADA,,1,1,2025-05-13,2025-05-13,26890.64,0.0514000000,18.0,ATIVO,Loja Parceira,Parcelado,9,2025-06-12,2026-02-07,27139.23,22857.03,4033.62,ABERTA | ATRASADA | PAGA,7,2025-06-12,2026-02-07,17902.90,20.38,20.11,0.00,0.9645,1.7636,10.0,40.49
10383.0,PJ,60810620034244,2024-03-16,Florianópolis,SC,Premium,676.0,75416.01,200318,2025-09-20,Loja Parceira,Consignado,25423.44,6,0.103000,RECUSADA,Política,0,0,,,0.00,,,,,,0,,,0.00,0.00,0.00,,0,,,0.00,0.00,0.00,0.00,0.0000,0.0000,,0.00
10125.0,PF,15969664160,2025-10-09,Goiânia,GO,Mass Market,335.0,1086.73,200319,2025-05-28,App,Parcelado,7107.49,12,0.090100,RECUSADA,Renda insuficiente,0,0,,,0.00,,,,,,0,,,0.00,0.00,0.00,,0,,,0.00,0.00,0.00,0.00,0.0000,0.0000,,0.00
10300.0,PF,94101372151,2025-02-05,Goiânia,GO,Emergente,481.0,938.60,200320,2025-03-19,Televendas,Parcelado,7554.71,18,0.087100,APROVADA,,1,1,2025-03-26,2025-03-26,29588.99,0.0544000000,18.0,ATIVO,Televendas,Parcelado,9,2025-04-25,2025-12-21,29298.74,25150.68,4438.35,ABERTA | ATRASADA | PAGA,7,2025-04-27,2025-12-26,19159.12,104.16,1.68,0.00,3.9166,31.5246,7.0,105.84
10307.0,PF,80396522395,2025-08-30,Recife,PE,Mass Market,481.0,1151.49,200321,2025-08-27,App,Parcelado,15612.86,18,0.108800,APROVADA,,1,1,2025-08-28,2025-08-28,27015.05,0.0182000000,9.0,LIQUIDADO,App,Parcelado,9,2025-09-27,2026-05-25,26749.15,22962.78,4052.25,ABERTA | ATRASADA | PAGA,7,2025-11-06,2026-05-30,17523.22,43.02,31.40,0.00,1.7303,23.4610,1.0,74.42
10335.0,PF,67850821486,2024-09-04,Curitiba,PR,Emergente,597.0,800.00,200322,2025-07-10,App,Parcelado,23320.38,18,0.087400,APROVADA,,1,1,2025-07-10,2025-07-10,9936.45,0.0814000000,18.0,LIQUIDADO,App,Parcelado,9,2025-08-09,2026-04-06,9953.52,8445.96,1490.49,ABERTA | PAGA,4,2025-09-10,2026-04-06,4331.58,0.00,0.00,0.00,0.4261,12.4206,0.0,0.00
10433.0,PF,84895543937,2025-08-08,Fortaleza,CE,Emergente,519.0,1429.40,200323,2025-12-09,WhatsApp,Antecipação,1799.19,24,0.044800,APROVADA,,1,1,2025-12-11,2025-12-11,1927.68,0.0672000000,18.0,ATIVO,WhatsApp,Antecipação,9,2026-01-10,2026-09-07,1914.46,1638.54,289.17,ABERTA | ATRASADA | PAGA,7,2026-02-14,2026-09-08,1483.40,8.27,4.53,0.00,1.0714,1.3486,2.0,12.80
10233.0,PF,50477358662,2024-03-05,Porto Alegre,RS,Mass Market,574.0,5515.02,200324,2025-11-13,App,Parcelado,20953.39,18,0.087900,APROVADA,,1,1,2025-11-20,2025-11-20,7582.50,0.0671000000,12.0,ATIVO,App,Parcelado,12,2025-12-20,2026-11-15,7549.83,6445.08,1137.36,ABERTA | PAGA,8,2026-03-21,2026-11-16,3741.80,0.00,0.00,14.77,0.3619,1.3749,7.0,0.00
10379.0,PF,16995866934,2025-09-11,São Paulo,SP,Emergente,535.0,1821.39,200325,2025-07-15,App,Parcelado,19622.96,12,0.047100,APROVADA,,1,1,2025-07-25,2025-07-25,1697.58,0.0620000000,6.0,ATIVO,App,Parcelado,6,2025-08-24,2026-01-21,1655.52,1442.94,254.64,ABERTA | ATRASADA | PAGA,5,2025-09-28,2026-01-22,1072.00,0.84,2.57,0.00,0.0865,0.9320,10.0,3.41
10374.0,PF,50375899757,2024-10-09,Goiânia,GO,PME,468.0,4235.21,200326,2025-09-27,Televendas,Antecipação,7328.66,3,0.094700,RECUSADA,Score baixo,0,0,,,0.00,,,,,,0,,,0.00,0.00,0.00,,0,,,0.00,0.00,0.00,0.00,0.0000,0.0000,,0.00
10007.0,PJ,83503056413953,2025-04-28,Porto Alegre,RS,Premium,573.0,23045.98,200327,2025-03-26,Loja Parceira,Parcelado,20599.91,12,0.080100,APROVADA,,1,1,2025-04-02,2025-04-02,12875.65,0.0303000000,12.0,ATIVO,Loja Parceira,Parcelado,12,2025-05-02,2026-03-28,12986.75,10944.36,1931.40,ABERTA | ATRASADA | PAGA,11,2025-05-02,2026-04-02,9566.39,13.15,18.66,12.29,0.6250,0.5587,7.0,31.81
10497.0,PF,33521103924,2024-02-14,Recife,PE,PME,469.0,7875.60,200328,2025-01-27,WhatsApp,Parcelado,28235.40,3,0.023100,APROVADA,,1,1,2025-02-03,2025-02-03,26090.57,0.0485000000,12.0,ATIVO,WhatsApp,Parcelado,12,2025-03-05,2026-01-29,26040.34,22176.96,3913.56,ABERTA | PAGA,6,2025-05-14,2026-01-29,12708.86,0.00,0.00,0.00,0.9240,3.3128,7.0,0.00
,,,,,,,,,200329,2025-09-25,App,Parcelado,1880.18,18,0.068800,RECUSADA,Renda insuficiente,0,0,,,0.00,,,,,,0,,,0.00,0.00,0.00,,0,,,0.00,0.00,0.00,0.00,0.0000,,,0.00
10128.0,PF,23124329212,2025-03-19,Florianópolis,SC,PME,696.0,6169.32,200330,2025-06-27,WhatsApp,Parcelado,9929.74,9,0.051000,RECUSADA,Fraude,0,0,,,0.00,,,,,,0,,,0.00,0.00,0.00,,0,,,0.00,0.00,0.00,0.00,0.0000,0.0000,,0.00
10263.0,PF,92330958498,2025-01-21,Goiânia,GO,MEI,565.0,4602.69,200331,2025-01-07,App,Parcelado,13426.21,12,0.049500,RECUSADA,Renda insuficiente,0,0,,,0.00,,,,,,0,,,0.00,0.00,0.00,,0,,,0.00,0.00,0.00,0.00,0.0000,0.0000,,0.00
10156.0,PF,28451154479,2025-11-01,Recife,PE,Mass Market,509.0,2551.08,200332,2025-11-27,App,Capital de Giro,27028.18,9,0.078200,APROVADA,,1,1,2025-12-07,2025-12-07,12871.94,0.0600000000,24.0,ATIVO,App,Capital de Giro,12,2026-01-06,2026-12-02,12835.05,10941.12,1930.80,ABERTA | ATRASADA | PAGA,12,2026-01-08,2026-12-03,9454.06,25.07,14.90,18.43,0.4762,5.0457,10.0,39.97
10351.0,PJ,52500743292712,2024-08-08,Porto Alegre,RS,Mass Market,384.0,6895.12,200333,2025-08-14,Indicação,Parcelado,28886.71,18,0.048800,RECUSADA,Política,0,0,,,0.00,,,,,,0,,,0.00,0.00,0.00,,0,,,0.00,0.00,0.00,0.00,0.0000,0.0000,,0.00
10357.0,PF,15064890901,2024-03-08,Recife,PE,PME,331.0,3728.23,200334,2025-03-30,WhatsApp,Parcelado,13601.40,24,0.096600,APROVADA,,1,1,2025-03-30,2025-03-30,17541.01,0.1035000000,18.0,LIQUIDADO,WhatsApp,Parcelado,9,2025-04-29,2025-12-25,17466.13,14909.85,2631.15,ABERTA | ATRASADA | PAGA,8,2025-04-29,2025-12-27,15429.25,32.88,71.92,0.00,1.2896,4.7049,0.0,104.80
10004.0,PF,61849593103,2025-11-20,Florianópolis,SC,MEI,575.0,8898.96,200335,2025-08-25,Loja Parceira,Antecipação,22625.84,9,0.022400,RECUSADA,Política,0,0,,,0.00,,,,,,0,,,0.00,0.00,0.00,,0,,,0.00,0.00,0.00,0.00,0.0000,0.0000,,0.00
10494.0,PF,69389833146,2025-08-21,Rio de Janeiro,RJ,Emergente,314.0,1040.44,200336,2025-01-06,App,Capital de Giro,16184.00,24,0.084300,APROVADA,,1,1,2025-01-18,2025-01-18,29226.52,0.0531000000,18.0,ATIVO,App,Capital de Giro,9,2025-02-17,2025-10-15,29417.76,24842.52,4383.99,ABERTA | ATRASADA | PAGA,6,2025-03-09,2025-11-04,19580.01,16.89,61.02,0.00,1.8059,28.0905,12.0,77.91
10085.0,PF,40449972787,2025-06-28,Belo Horizonte,MG,PME,340.0,2962.33,200337,2025-08-19,Televendas,Parcelado,16364.60,9,0.100000,RECUSADA,Política,0,0,,,0.00,,,,,,0,,,0.00,0.00,0.00,,0,,,0.00,0.00,0.00,0.00,0.0000,0.0000,,0.00
10174.0,PF,47321046963,2024-03-06,Salvador,BA,Emergente,417.0,1019.65,200338,2025-11-26,Loja Parceira,Parcelado,8703.94,12,0.085600,APROVADA,,1,1,2025-12-03,2025-12-03,20200.28,0.0910000000,12.0,ATIVO,Loja Parceira,Parcelado,12,2026-01-02,2026-11-28,20314.40,17170.20,3030.00,ABERTA | PAGA,12,2026-01-22,2027-01-02,16774.78,0.00,0.00,49.00,2.3208,19.8110,7.0,0.00
10289.0,PF,51870534949,2025-03-25,São Paulo,SP,Emergente,300.0,3872.50,200339,2025-10-26,WhatsApp,Parcelado,6900.21,18,0.067200,RECUSADA,Score baixo,0,0,,,0.00,,,,,,0,,,0.00,0.00,0.00,,0,,,0.00,0.00,0.00,0.00,0.0000,0.0000,,0.00
10192.0,PJ,65712082677345,2024-09-01,Curitiba,PR,MEI,547.0,19203.15,200340,2025-02-05,WhatsApp,Parcelado,8996.16,9,0.114800,APROVADA,,1,1,2025-02-05,2025-02-05,14378.96,0.0128000000,6.0,ATIVO,WhatsApp,Parcelado,6,2025-03-07,2025-08-04,14258.19,12222.12,2156.82,ABERTA | PAGA,4,2025-03-09,2025-08-14,9310.70,0.00,0.00,38.07,1.5983,0.7488,0.0,0.00
10310.0,PF,93252500292,2025-11-04,Rio de Janeiro,RJ,Emergente,749.0,1941.12,200341,2025-08-11,App,Parcelado,16911.68,24,0.046500,APROVADA,,1,1,2025-08-11,2025-08-11,16516.33,0.0950000000,3.0,ATIVO,App,Parcelado,3,2025-09-10,2025-11-09,16524.22,14038.89,2477.46,ATRASADA | PAGA,4,2025-09-10,2025-11-14,16150.22,72.93,3.63,63.22,0.9766,8.5087,0.0,76.56
10118.0,PJ,94024455022961,2024-05-29,Recife,PE,MEI,386.0,5418.39,200342,2025-11-01,App,Parcelado,1360.08,6,0.017000,APROVADA,,1,1,2025-11-05,2025-11-05,18459.54,0.0364000000,12.0,LIQUIDADO,App,Parcelado,12,2025-12-05,2026-10-31,18498.80,15690.60,2768.88,ABERTA | ATRASADA | PAGA,11,2025-12-06,2026-11-05,15180.08,8.06,18.74,0.38,13.5724,3.4068,4.0,26.80
10217.0,PF,39837354033,2024-11-18,Curitiba,PR,Emergente,625.0,2588.91,200343,2025-01-24,WhatsApp,Consignado,27263.84,3,0.060400,RECUSADA,Renda insuficiente,0,0,,,0.00,,,,,,0,,,0.00,0.00,0.00,,0,,,0.00,0.00,0.00,0.00,0.0000,0.0000,,0.00
10426.0,PF,36887258874,2025-07-07,Salvador,BA,Premium,622.0,23323.12,200344,2025-10-25,App,Parcelado,5110.37,24,0.018500,PENDENTE,,0,0,,,0.00,,,,,,0,,,0.00,0.00,0.00,,0,,,0.00,0.00,0.00,0.00,0.0000,0.0000,,0.00
10457.0,PF,29979688457,2025-02-23,São Paulo,SP,Mass Market,499.0,4558.04,200345,2025-02-11,App,Antecipação,6992.62,3,0.115200,RECUSADA,Fraude,0,0,,,0.00,,,,,,0,,,0.00,0.00,0.00,,0,,,0.00,0.00,0.00,0.00,0.0000,0.0000,,0.00
10413.0,PF,77908272318,2025-10-21,Fortaleza,CE,MEI,344.0,2470.22,200346,2025-08-05,Indicação,Parcelado,15789.15,24,0.037000,APROVADA,,1,1,2025-08-15,2025-08-15,21090.17,0.0147000000,12.0,ATIVO,Indicação,Parcelado,12,2025-09-14,2026-08-10,21253.89,17926.68,3163.56,ATRASADA | PAGA,15,2025-09-19,2026-09-14,20911.42,90.18,52.63,22.34,1.3357,8.5378,10.0,142.81
10113.0,PJ,11836736576615,2025-11-06,Salvador,BA,Emergente,428.0,3363.01,200347,2025-08-13,Loja Parceira,Antecipação,21448.39,24,0.097800,APROVADA,,1,1,2025-08-16,2025-08-16,632.88,0.0950000000,12.0,CANCELADO,Loja Parceira,Antecipação,12,2025-09-15,2026-08-11,633.37,537.96,94.92,ABERTA | ATRASADA,3,2025-10-15,2026-03-15,153.65,2.17,0.36,0.00,0.0295,0.1882,3.0,2.53
10465.0,PF,7356475705,2024-12-02,Belo Horizonte,MG,Mass Market,451.0,1488.36,200348,2025-01-23,WhatsApp,Capital de Giro,3324.01,6,0.096300,PENDENTE,,0,0,,,0.00,,,,,,0,,,0.00,0.00,0.00,,0,,,0.00,0.00,0.00,0.00,0.0000,0.0000,,0.00
10144.0,PF,50606853615,2025-12-19,Fortaleza,CE,Premium,425.0,4042.25,200349,2025-03-15,Loja Parceira,Antecipação,9871.99,12,0.037900,APROVADA,,1,1,2025-03-19,2025-03-19,1157.04,0.0720000000,18.0,LIQUIDADO,Loja Parceira,Antecipação,9,2025-04-18,2025-12-14,1163.42,983.52,173.52,ABERTA | ATRASADA | PAGA,7,2025-05-08,2025-12-14,763.67,3.51,1.63,0.78,0.1172,0.2862,4.0,5.14
10025.0,PJ,8121913619399,2024-01-30,Goiânia,GO,PME,602.0,43447.53,200350,2025-05-03,Loja Parceira,Parcelado,29075.90,6,0.080200,RECUSADA,Score baixo,0,0,,,0.00,,,,,,0,,,0.00,0.00,0.00,,0,,,0.00,0.00,0.00,0.00,0.0000,0.0000,,0.00
10135.0,PF,51518644925,2025-04-13,São Paulo,SP,Premium,715.0,13361.04,200351,2025-11-01,App,Capital de Giro,8239.12,12,0.020000,PENDENTE,,0,0,,,0.00,,,,,,0,,,0.00,0.00,0.00,,0,,,0.00,0.00,0.00,0.00,0.0000,0.0000,,0.00
10302.0,PF,25324472099,2024-03-24,Fortaleza,CE,Mass Market,465.0,1089.69,200352,2025-09-26,App,Parcelado,9734.98,3,0.065800,RECUSADA,Documentação,0,0,,,0.00,,,,,,0,,,0.00,0.00,0.00,,0,,,0.00,0.00,0.00,0.00,0.0000,0.0000,,0.00
10231.0,PF,29396856218,2025-03-16,Curitiba,PR,MEI,519.0,5202.54,200353,2025-05-27,App,Capital de Giro,25176.71,6,0.016500,APROVADA,,1,1,2025-06-02,2025-06-02,19498.78,0.0305000000,18.0,ATIVO,App,Capital de Giro,9,2025-07-02,2026-02-27,19491.88,16573.95,2924.82,ABERTA | ATRASADA | PAGA,8,2025-08-06,2026-03-09,12832.10,61.05,24.65,0.00,0.7745,3.7479,6.0,85.70
10368.0,PF,8993588916,2024-03-12,Goiânia,GO,MEI,472.0,2189.25,200354,2025-02-13,App,Parcelado,1981.33,9,0.111700,APROVADA,,1,1,2025-02-24,2025-02-24,5067.06,0.0976000000,6.0,ATIVO,App,Parcelado,6,2025-03-26,2025-08-23,4956.23,4306.98,760.08,ABERTA | ATRASADA | PAGA,5,2025-03-28,2025-07-25,3260.84,4.97,14.93,0.00,2.5574,2.3145,11.0,19.90
10075.0,PF,94717464887,2025-01-24,Florianópolis,SC,PME,595.0,10385.79,200355,2025-09-07,WhatsApp,Parcelado,14206.09,12,0.117500,APROVADA,,1,1,2025-09-18,2025-09-18,14897.13,0.0709000000,6.0,ATIVO,WhatsApp,Parcelado,6,2025-10-18,2026-03-17,14930.42,12662.58,2234.58,ABERTA | PAGA,6,2025-10-18,2026-03-19,12070.94,0.00,0.00,0.00,1.0486,1.4344,11.0,0.00
10474.0,PF,82182744857,2024-11-10,Rio de Janeiro,RJ,PME,565.0,9973.36,200356,2025-07-18,App,Parcelado,11698.69,24,0.038300,RECUSADA,Score baixo,0,0,,,0.00,,,,,,0,,,0.00,0.00,0.00,,0,,,0.00,0.00,0.00,0.00,0.0000,0.0000,,0.00
10327.0,PF,89921722332,2024-01-14,Porto Alegre,RS,MEI,362.0,2411.53,200357,2025-04-28,Loja Parceira,Parcelado,9839.31,18,0.036900,APROVADA,,1,1,2025-04-30,2025-04-30,24226.99,0.1008000000,12.0,ATIVO,Loja Parceira,Parcelado,12,2025-05-30,2026-04-25,24098.45,20592.96,3634.08,ABERTA | ATRASADA | PAGA,8,2025-06-29,2026-05-30,15795.90,60.07,12.18,0.00,2.4623,10.0463,2.0,72.25
10344.0,PF,28309652074,2025-09-18,Curitiba,PR,Mass Market,478.0,1468.28,200358,2025-12-18,App,Parcelado,8928.14,18,0.094100,APROVADA,,1,1,2025-12-21,2025-12-21,1081.91,0.0287000000,12.0,ATIVO,App,Parcelado,12,2026-01-20,2026-12-16,1086.15,919.68,162.24,ABERTA | ATRASADA | PAGA,11,2026-01-21,2027-01-05,883.05,4.05,4.26,0.00,0.1212,0.7369,3.0,8.31
10301.0,PF,7029667066,2025-07-13,Curitiba,PR,Premium,623.0,11756.08,200359,2025-03-19,App,Parcelado,3195.54,12,0.041600,APROVADA,,1,1,2025-03-20,2025-03-20,13339.31,0.0144000000,12.0,ATIVO,App,Parcelado,12,2025-04-19,2026-03-15,13161.01,11338.44,2000.88,ABERTA | ATRASADA | PAGA,6,2025-06-19,2025-11-16,5320.82,31.39,14.85,0.00,4.1744,1.1347,1.0,46.24
10451.0,PF,69961125355,2024-02-17,Curitiba,PR,Mass Market,469.0,1635.00,200360,2025-01-17,App,Consignado,9787.36,18,0.109000,APROVADA,,1,1,2025-01-19,2025-01-19,16534.42,0.0631000000,12.0,ATIVO,App,Consignado,12,2025-02-18,2026-01-14,16607.97,14054.28,2480.16,ABERTA | PAGA,8,2025-02-18,2025-12-20,10808.42,0.00,0.00,20.05,1.6894,10.1128,2.0,0.00
10288.0,PF,80238061744,2024-05-31,Rio de Janeiro,RJ,Premium,701.0,20396.06,200361,2025-03-05,App,Capital de Giro,1770.05,9,0.075300,RECUSADA,Documentação,0,0,,,0.00,,,,,,0,,,0.00,0.00,0.00,,0,,,0.00,0.00,0.00,0.00,0.0000,0.0000,,0.00
10000.0,PF,10433218196,2024-05-26,Porto Alegre,RS,PME,411.0,3277.48,200362,2025-01-24,App,Consignado,23538.43,18,0.051800,RECUSADA,Política,0,0,,,0.00,,,,,,0,,,0.00,0.00,0.00,,0,,,0.00,0.00,0.00,0.00,0.0000,0.0000,,0.00
10000.0,PF,10433218196,2024-05-26,Porto Alegre,RS,PME,563.0,5389.00,200362,2025-01-24,App,Consignado,23538.43,18,0.051800,RECUSADA,Política,0,0,,,0.00,,,,,,0,,,0.00,0.00,0.00,,0,,,0.00,0.00,0.00,0.00,0.0000,0.0000,,0.00
10146.0,PF,77901043289,2024-10-09,Porto Alegre,RS,MEI,560.0,5051.11,200363,2025-04-10,App,Parcelado,12247.72,24,0.102400,APROVADA,,1,1,2025-04-19,2025-04-19,14955.13,0.0908000000,24.0,LIQUIDADO,App,Parcelado,12,2025-05-19,2026-04-14,15078.37,12711.84,2243.28,ABERTA | PAGA,8,2025-07-23,2026-05-19,9903.06,0.00,0.00,0.00,1.2211,2.9608,9.0,0.00
10286.0,PF,307562208,2025-08-04,Belo Horizonte,MG,Premium,732.0,18797.92,200364,2025-10-03,App,Antecipação,13595.16,9,0.066800,APROVADA,,1,1,2025-10-13,2025-10-13,741.85,0.0618000000,18.0,LIQUIDADO,App,Antecipação,9,2025-11-12,2026-07-10,747.35,630.54,111.24,ABERTA | ATRASADA | PAGA,7,2025-11-12,2026-07-15,398.60,1.44,0.59,0.00,0.0546,0.0395,10.0,2.03
10463.0,PF,41797497350,2024-02-21,Recife,PE,MEI,566.0,8320.24,200365,2025-03-03,WhatsApp,Antecipação,26861.04,12,0.110700,PENDENTE,,0,0,,,0.00,,,,,,0,,,0.00,0.00,0.00,,0,,,0.00,0.00,0.00,0.00,0.0000,0.0000,,0.00
10141.0,PF,35977468862,2025-10-02,Goiânia,GO,PME,594.0,6725.42,200366,2025-05-15,App,Capital de Giro,19912.62,18,0.112400,APROVADA,,1,1,2025-05-23,2025-05-23,18434.80,0.0809000000,9.0,ATIVO,App,Capital de Giro,9,2025-06-22,2026-02-17,18386.94,15669.54,2765.25,ABERTA | ATRASADA | PAGA,9,2025-06-22,2026-02-22,13938.97,8.95,19.39,77.64,0.9258,2.7411,8.0,28.34
10052.0,PJ,70656272980699,2025-05-16,Fortaleza,CE,PME,553.0,67121.53,200367,2025-03-02,App,Capital de Giro,737.74,24,0.032400,RECUSADA,Fraude,0,0,,,0.00,,,,,,0,,,0.00,0.00,0.00,,0,,,0.00,0.00,0.00,0.00,0.0000,0.0000,,0.00
10303.0,PF,93476870146,2024-08-31,Goiânia,GO,Premium,610.0,6287.42,200368,2025-03-30,Loja Parceira,Parcelado,28323.66,18,0.015200,PENDENTE,,0,0,,,0.00,,,,,,0,,,0.00,0.00,0.00,,0,,,0.00,0.00,0.00,0.00,0.0000,0.0000,,0.00
10068.0,PF,42710947775,2024-11-09,Belo Horizonte,MG,Mass Market,457.0,1862.46,200369,2025-07-31,App,Antecipação,7495.76,9,0.118300,APROVADA,,1,1,2025-08-08,2025-08-08,24175.65,0.0359000000,12.0,ATIVO,App,Antecipação,12,2025-09-07,2026-08-03,24276.78,20549.28,3626.40,ABERTA | ATRASADA | PAGA,10,2025-09-09,2026-07-09,17782.64,14.33,38.41,30.43,3.2252,12.9805,8.0,52.74
10360.0,PF,14117393483,2025-10-22,Belo Horizonte,MG,Emergente,455.0,1128.59,200370,2025-02-18,Televendas,Parcelado,3674.62,9,0.110100,RECUSADA,Fraude,0,0,,,0.00,,,,,,0,,,0.00,0.00,0.00,,0,,,0.00,0.00,0.00,0.00,0.0000,0.0000,,0.00
10089.0,PF,45961586578,2024-04-20,Fortaleza,CE,Emergente,430.0,5764.20,200371,2025-10-15,Loja Parceira,Parcelado,23159.78,3,0.020800,PENDENTE,,0,0,,,0.00,,,,,,0,,,0.00,0.00,0.00,,0,,,0.00,0.00,0.00,0.00,0.0000,0.0000,,0.00
10445.0,PJ,63655647292931,2024-05-13,São Paulo,SP,MEI,697.0,22058.19,200372,2025-08-19,App,Parcelado,15264.08,18,0.102500,APROVADA,,1,1,2025-08-19,2025-08-19,17679.54,0.0904000000,6.0,ATIVO,App,Parcelado,6,2025-09-18,2026-02-15,17764.10,15027.60,2651.94,ABERTA | PAGA,5,2025-10-18,2026-02-25,14587.93,0.00,0.00,0.00,1.1582,0.8015,0.0,0.00
10219.0,PJ,78544587717535,2024-01-05,Salvador,BA,Premium,676.0,30610.51,200373,2025-05-17,Loja Parceira,Consignado,13296.23,3,0.063100,APROVADA,,1,1,2025-05-20,2025-05-20,4989.15,0.0790000000,24.0,ativo,Loja Parceira,Consignado,12,2025-06-19,2026-05-15,4986.18,4240.80,748.32,ABERTA | ATRASADA | PAGA,10,2025-06-19,2026-06-19,4106.79,8.68,3.23,8.10,0.3752,0.1630,3.0,11.91
10449.0,PF,50615939982,2024-08-25,Fortaleza,CE,Premium,392.0,5731.77,200374,2025-02-27,App,Antecipação,7860.34,24,0.042200,APROVADA,,1,1,2025-03-03,2025-03-03,22545.82,0.0126000000,18.0,CANCELADO,App,Antecipação,9,2025-04-02,2025-11-28,22772.22,19163.97,3381.84,ABERTA | ATRASADA,5,2025-04-04,2026-01-02,12468.37,124.50,133.33,0.00,2.8683,3.9335,4.0,257.83
10497.0,PF,33521103924,2024-02-14,Recife,PE,PME,469.0,7875.60,200375,2025-11-17,Loja Parceira,Consignado,16650.41,6,0.107300,APROVADA,,1,1,2025-11-22,2025-11-22,13836.61,0.0895000000,6.0,ATIVO,Loja Parceira,Consignado,6,2025-12-22,2026-05-21,13793.17,11761.14,2075.52,ABERTA | PAGA,3,2025-12-22,2026-05-21,6681.70,0.00,0.00,0.00,0.8310,1.7569,5.0,0.00
10191.0,PJ,84219933083301,2024-05-04,Belo Horizonte,MG,MEI,418.0,13793.96,200376,2025-01-30,App,Capital de Giro,8594.35,6,0.035700,RECUSADA,Renda insuficiente,0,0,,,0.00,,,,,,0,,,0.00,0.00,0.00,,0,,,0.00,0.00,0.00,0.00,0.0000,0.0000,,0.00
10453.0,PJ,22023413261117,2024-12-15,Porto Alegre,RS,MEI,501.0,10101.69,200377,2025-01-03,Televendas,Parcelado,27096.70,12,0.114500,RECUSADA,Fraude,0,0,,,0.00,,,,,,0,,,0.00,0.00,0.00,,0,,,0.00,0.00,0.00,0.00,0.0000,0.0000,,0.00
10062.0,PJ,27354549480831,2025-05-14,Goiânia,GO,PME,628.0,120713.67,200378,2025-12-04,App,Parcelado,6848.53,18,0.036600,RECUSADA,Score baixo,0,0,,,0.00,,,,,,0,,,0.00,0.00,0.00,,0,,,0.00,0.00,0.00,0.00,0.0000,0.0000,,0.00
10072.0,PF,41232812067,2025-02-16,Fortaleza,CE,Mass Market,429.0,1751.93,200379,2025-09-15,Loja Parceira,Parcelado,26588.48,6,0.079400,APROVADA,,1,1,2025-09-23,2025-09-23,28705.92,0.0433000000,12.0,ATIVO,Loja Parceira,Parcelado,12,2025-10-23,2026-09-18,28686.71,24400.08,4305.84,ABERTA | ATRASADA | PAGA,10,2025-12-22,2026-09-28,19043.21,13.08,42.80,0.00,1.0796,16.3853,8.0,55.88
10160.0,PF,92856543102,2025-04-16,Recife,PE,PME,345.0,4167.82,200380,2025-08-05,Loja Parceira,Parcelado,17002.46,12,0.038400,APROVADA,,1,1,2025-08-09,2025-08-09,12062.27,0.0880000000,18.0,ATIVO,Loja Parceira,Parcelado,9,2025-09-08,2026-05-06,12201.36,10252.89,1809.36,ABERTA | ATRASADA | PAGA,6,2025-09-10,2026-05-11,7976.14,0.00,14.36,0.00,0.7094,2.8941,4.0,14.36
10168.0,PF,84143842498,2024-08-24,Belo Horizonte,MG,Emergente,369.0,2114.34,200381,2025-04-14,App,Parcelado,24940.40,12,0.072300,RECUSADA,Documentação,0,0,,,0.00,,,,,,0,,,0.00,0.00,0.00,,0,,,0.00,0.00,0.00,0.00,0.0000,0.0000,,0.00
10088.0,PJ,89517187026217,2025-06-22,Curitiba,PR,Mass Market,312.0,7334.17,200382,2025-09-10,App,Parcelado,21528.96,6,0.086800,APROVADA,,1,1,2025-09-16,2025-09-16,29915.39,0.0171000000,24.0,ATIVO,App,Parcelado,12,2025-10-16,2026-09-11,29915.23,25428.12,4487.28,ABERTA | ATRASADA | PAGA,8,2025-12-17,2026-09-11,19659.75,130.31,32.06,0.00,1.3895,4.0789,6.0,162.37
10175.0,PF,25953278774,2024-08-24,Florianópolis,SC,PME,601.0,14901.42,200383,2025-10-16,WhatsApp,Parcelado,21052.51,6,0.035000,RECUSADA,Documentação,0,0,,,0.00,,,,,,0,,,0.00,0.00,0.00,,0,,,0.00,0.00,0.00,0.00,0.0000,0.0000,,0.00
10268.0,PF,45458929750,2025-05-30,Recife,PE,Emergente,365.0,2038.53,200384,2025-06-23,Televendas,Consignado,10068.20,18,0.069700,APROVADA,,1,1,2025-06-27,2025-06-27,12054.43,0.0766000000,3.0,ATIVO,Televendas,Consignado,3,2025-07-27,2025-09-25,11884.38,10246.26,1808.16,ABERTA | PAGA,3,2025-09-05,2025-10-15,7840.05,0.00,0.00,46.72,1.1973,5.9133,4.0,0.00
10072.0,PF,41232812067,2025-02-16,Fortaleza,CE,Mass Market,429.0,1751.93,200385,2025-02-16,App,Parcelado,7399.96,12,0.064300,RECUSADA,Política,0,0,,,0.00,,,,,,0,,,0.00,0.00,0.00,,0,,,0.00,0.00,0.00,0.00,0.0000,0.0000,,0.00
10244.0,PF,41672434266,2024-09-19,Porto Alegre,RS,Mass Market,687.0,5763.28,200386,2025-02-22,WhatsApp,Antecipação,6721.14,3,0.022500,RECUSADA,Renda insuficiente,0,0,,,0.00,,,,,,0,,,0.00,0.00,0.00,,0,,,0.00,0.00,0.00,0.00,0.0000,0.0000,,0.00
10076.0,PJ,71906594013990,2025-06-09,Florianópolis,SC,Emergente,437.0,5028.15,200387,2025-04-09,Indicação,Capital de Giro,25787.15,18,0.100900,APROVADA,,1,1,2025-04-14,2025-04-14,24786.43,0.0906000000,6.0,LIQUIDADO,Indicação,Capital de Giro,6,2025-05-14,2025-10-11,24374.02,21068.46,3717.96,ABERTA | PAGA,4,2025-07-03,2025-10-21,15843.19,0.00,0.00,48.26,0.9612,4.9295,5.0,0.00
10158.0,PF,82029702135,2025-10-21,Goiânia,GO,MEI,478.0,2718.83,200388,2025-06-13,Televendas,Parcelado,24702.59,24,0.050200,APROVADA,,1,1,2025-06-17,2025-06-17,6525.04,0.0238000000,9.0,LIQUIDADO,Televendas,Parcelado,9,2025-07-17,2026-03-14,6553.80,5546.25,978.75,ABERTA | ATRASADA | PAGA,7,2025-09-15,2026-03-16,4340.30,34.05,24.02,5.31,0.2641,2.3999,4.0,58.07
10488.0,PJ,41969315727919,2024-11-21,Belo Horizonte,MG,PME,524.0,800.00,200389,2025-03-29,App,Parcelado,13496.92,12,0.075300,APROVADA,,1,1,2025-04-07,2025-04-07,17836.86,0.0226000000,24.0,LIQUIDADO,App,Parcelado,12,2025-05-07,2026-04-02,17660.54,15161.28,2675.52,ABERTA | PAGA,8,2025-07-06,2026-05-07,10177.28,0.00,0.00,0.00,1.3216,22.2961,9.0,0.00
10458.0,PF,83174564240,2025-01-05,Salvador,BA,Mass Market,444.0,1239.82,200390,2025-03-05,WhatsApp,Parcelado,4405.94,12,0.069100,APROVADA,,1,1,2025-03-09,2025-03-09,11669.95,0.0825000000,12.0,ATIVO,WhatsApp,Parcelado,12,2025-04-08,2026-03-04,11604.69,9919.44,1750.44,ABERTA | PAGA,12,2025-04-28,2026-03-06,10488.68,0.00,0.00,17.38,2.6487,9.4126,4.0,0.00
10323.0,PF,46774186256,2025-01-15,Rio de Janeiro,RJ,Emergente,300.0,2434.85,200391,2025-09-09,App,Parcelado,11776.44,24,0.068900,RECUSADA,Política,0,0,,,0.00,,,,,,0,,,0.00,0.00,0.00,,0,,,0.00,0.00,0.00,0.00,0.0000,0.0000,,0.00
10097.0,PF,21047095214,2025-03-11,Florianópolis,SC,Premium,695.0,17697.22,200392,2025-08-06,Indicação,Capital de Giro,18770.63,24,0.026300,RECUSADA,Política,0,0,,,0.00,,,,,,0,,,0.00,0.00,0.00,,0,,,0.00,0.00,0.00,0.00,0.0000,0.0000,,0.00
10380.0,PF,65472269848,2025-09-28,Recife,PE,MEI,302.0,2382.91,200393,2025-09-19,Loja Parceira,Parcelado,13904.89,18,0.059500,RECUSADA,Renda insuficiente,0,0,,,0.00,,,,,,0,,,0.00,0.00,0.00,,0,,,0.00,0.00,0.00,0.00,0.0000,0.0000,,0.00
10101.0,PF,65137098593,2025-07-23,São Paulo,SP,Emergente,584.0,1400.00,200394,2025-08-11,App,Parcelado,23515.58,12,0.062500,PENDENTE,,0,0,,,0.00,,,,,,0,,,0.00,0.00,0.00,,0,,,0.00,0.00,0.00,0.00,0.0000,0.0000,,0.00
10493.0,PF,41686227837,2025-03-11,Salvador,BA,PME,699.0,5367.90,200395,2025-02-02,WhatsApp,Parcelado,29929.87,12,0.092000,APROVADA,,1,1,2025-02-12,2025-02-12,28841.48,0.0586000000,12.0,ATIVO,WhatsApp,Parcelado,12,2025-03-14,2026-02-07,28243.30,24515.28,4326.24,ABERTA | PAGA,8,2025-03-24,2026-02-07,18639.81,0.00,0.00,12.61,0.9636,5.3730,10.0,0.00
10131.0,PF,77005411998,2024-10-14,Goiânia,GO,Mass Market,300.0,1951.22,200396,2025-10-28,App,Consignado,6138.40,18,0.103200,APROVADA,,1,1,2025-11-06,2025-11-06,6360.19,0.0817000000,18.0,ATIVO,App,Consignado,9,2025-12-06,2026-08-03,6435.16,5406.12,954.00,ABERTA | PAGA,7,2025-12-11,2026-08-04,4954.06,0.00,0.00,0.00,1.0361,3.2596,9.0,0.00
10101.0,PF,65137098593,2025-07-23,São Paulo,SP,Emergente,584.0,1400.00,200397,2025-04-20,Indicação,Antecipação,14059.70,6,0.072200,APROVADA,,1,1,2025-05-02,2025-05-02,1549.67,0.0658000000,3.0,ATIVO,Indicação,Antecipação,3,2025-06-01,2025-07-31,1514.78,1317.21,232.44,PAGA,4,2025-06-02,2025-08-05,1477.67,0.00,0.00,0.00,0.1102,1.1069,12.0,0.00
10018.0,PF,73829973763,2024-12-19,Recife,PE,Premium,391.0,5074.58,200398,2025-06-02,Indicação,Capital de Giro,13214.03,12,0.024100,RECUSADA,Fraude,0,0,,,0.00,,,,,,0,,,0.00,0.00,0.00,,0,,,0.00,0.00,0.00,0.00,0.0000,0.0000,,0.00
10453.0,PJ,22023413261117,2024-12-15,Porto Alegre,RS,MEI,501.0,10101.69,200399,2025-07-23,WhatsApp,Parcelado,9482.53,18,0.039900,APROVADA,,1,1,2025-07-29,2025-07-29,23830.07,0.0396000000,12.0,ATIVO,WhatsApp,Parcelado,12,2025-08-28,2026-07-24,23726.12,20255.52,3574.56, ATRASADA  | ABERTA | ATRASADA | PAGA,12,2025-09-07,2026-07-29,21431.60,64.03,40.68,18.03,2.5130,2.3590,6.0,104.71
10481.0,PF,86338392886,2025-06-23,Goiânia,GO,MEI,415.0,2139.96,200400,2025-03-11,App,Antecipação,6343.82,12,0.032300,RECUSADA,Renda insuficiente,0,0,,,0.00,,,,,,0,,,0.00,0.00,0.00,,0,,,0.00,0.00,0.00,0.00,0.0000,0.0000,,0.00
10081.0,PF,34824771093,2024-08-20,Belo Horizonte,MG,Emergente,575.0,1716.96,200401,2025-12-26,WhatsApp,Antecipação,2437.92,12,0.028100,APROVADA,,1,1,2026-01-02,2026-01-02,12888.19,0.0228000000,3.0,ATIVO,WhatsApp,Antecipação,3,2026-02-01,2026-04-02,12814.60,10954.95,1933.23,ABERTA | ATRASADA | PAGA,2,2026-02-01,2026-03-03,8403.32,95.60,21.21,0.00,5.2866,7.5064,7.0,116.81
10396.0,PJ,93466766506180,2024-04-24,Salvador,BA,Premium,319.0,13159.23,200402,2025-12-22,App,Capital de Giro,26670.02,12,0.053400,PENDENTE,,0,0,,,0.00,,,,,,0,,,0.00,0.00,0.00,,0,,,0.00,0.00,0.00,0.00,0.0000,0.0000,,0.00
10488.0,PJ,41969315727919,2024-11-21,Belo Horizonte,MG,PME,524.0,800.00,200403,2025-08-14,App,Consignado,12885.54,6,0.039100,PENDENTE,,0,0,,,0.00,,,,,,0,,,0.00,0.00,0.00,,0,,,0.00,0.00,0.00,0.00,0.0000,0.0000,,0.00
10278.0,PF,96582710910,2024-12-29,Salvador,BA,PME,304.0,3850.78,200404,2025-11-11,Televendas,Parcelado,15158.42,12,0.037900,APROVADA,,1,1,2025-11-19,2025-11-19,3319.45,0.0978000000,12.0,ATIVO,Televendas,Parcelado,12,2025-12-19,2026-11-14,3334.59,2821.56,497.88,ABERTA | ATRASADA | PAGA,9,2025-12-24,2026-10-20,2208.95,7.86,3.98,0.00,0.2190,0.8620,8.0,11.84
10338.0,PF,72798552414,2024-05-01,Porto Alegre,RS,Premium,302.0,6109.91,200405,2025-12-26,App,Consignado,27549.79,18,0.020700,APROVADA,,1,1,2025-12-27,2025-12-27,21967.34,0.0760000000,3.0,LIQUIDADO,App,Consignado,3,2026-01-26,2026-03-27,22592.62,18672.24,3295.11,ATRASADA | PAGA,4,2026-01-26,2026-04-06,22134.04,288.35,230.90,0.00,0.7974,3.5954,1.0,519.25
10364.0,PJ,55611002255794,2025-09-29,Curitiba,PR,Emergente,400.0,7330.17,200406,2025-07-04,App,Consignado,23400.57,6,0.016900,RECUSADA,Política,0,0,,,0.00,,,,,,0,,,0.00,0.00,0.00,,0,,,0.00,0.00,0.00,0.00,0.0000,0.0000,,0.00
10330.0,PF,86162299911,2025-10-30,Rio de Janeiro,RJ,Mass Market,449.0,2906.28,200407,2025-06-18,Indicação,Parcelado,4349.79,6,0.025800,APROVADA,,1,1,2025-06-18,2025-06-18,4178.57,0.0231000000,3.0,ATIVO,Indicação,Parcelado,3,2025-07-18,2025-09-16,4228.27,3551.79,626.79,ABERTA | PAGA,2,2025-08-07,2025-09-17,2805.97,0.00,0.00,0.00,0.9606,1.4378,0.0,0.00
10128.0,PF,23124329212,2025-03-19,Florianópolis,SC,PME,696.0,6169.32,200408,2025-08-17,App,Parcelado,17179.89,24,0.033100,APROVADA,,1,1,2025-08-23,2025-08-23,28431.86,0.0895000000,12.0,LIQUIDADO,App,Parcelado,12,2025-09-22,2026-08-18,28466.89,24167.04,4264.80,ABERTA | PAGA,7,2025-09-24,2026-05-20,14058.99,0.00,0.00,0.00,1.6550,4.6086,6.0,0.00
10343.0,PF,41715454443,2024-08-13,São Paulo,SP,MEI,597.0,5688.13,200409,2025-03-17,App,Consignado,13546.44,6,0.060300,RECUSADA,Renda insuficiente,0,0,,,0.00,,,,,,0,,,0.00,0.00,0.00,,0,,,0.00,0.00,0.00,0.00,0.0000,0.0000,,0.00
10309.0,PF,1039308705,2025-08-31,Recife,PE,Mass Market,341.0,1776.72,200410,2025-01-20,Indicação,Parcelado,24017.73,9,0.068600,APROVADA,,1,1,2025-01-23,2025-01-23,4263.51,0.0912000000,6.0,ATIVO,Indicação,Parcelado,6,2025-02-22,2025-07-22,4299.58,3624.00,639.54,ABERTA | PAGA,5,2025-02-24,2025-06-27,3507.86,0.00,0.00,0.00,0.1775,2.3997,3.0,0.00
10454.0,PF,80068114921,2025-09-09,Recife,PE,Emergente,482.0,1141.51,200411,2025-02-11,App,Parcelado,21864.86,24,0.029800,RECUSADA,Fraude,0,0,,,0.00,,,,,,0,,,0.00,0.00,0.00,,0,,,0.00,0.00,0.00,0.00,0.0000,0.0000,,0.00
10088.0,PJ,89517187026217,2025-06-22,Curitiba,PR,Mass Market,312.0,7334.17,200412,2025-02-24,WhatsApp,Consignado,20866.97,18,0.059600,RECUSADA,Renda insuficiente,0,0,,,0.00,,,,,,0,,,0.00,0.00,0.00,,0,,,0.00,0.00,0.00,0.00,0.0000,0.0000,,0.00
10212.0,PF,83644089268,2025-03-19,Porto Alegre,RS,Emergente,695.0,3420.92,200413,2025-11-04,Indicação,Capital de Giro,10546.07,18,0.050900,APROVADA,,1,1,2025-11-09,2025-11-09,10199.65,0.0916000000,12.0,CANCELADO,Indicação,Capital de Giro,12,2025-12-09,2026-11-04,10122.17,8669.76,1530.00,ABERTA | ATRASADA,2,2026-08-06,2026-08-11,810.25,15.98,0.14,0.00,0.9672,2.9816,5.0,16.12
10142.0,PF,39240758181,2024-06-28,Fortaleza,CE,MEI,331.0,3172.02,200414,2025-11-28,Indicação,Parcelado,24246.43,18,0.034300,APROVADA,,1,1,2025-12-10,2025-12-10,27322.36,0.0807000000,18.0,ATIVO,Indicação,Parcelado,9,2026-01-09,2026-09-06,26867.10,23224.05,4098.33,ABERTA | ATRASADA | PAGA,7,2026-01-11,2026-09-08,20689.49,44.61,44.31,0.00,1.1269,8.6136,12.0,88.92
10064.0,PF,36349578856,2024-04-10,Belo Horizonte,MG,Emergente,373.0,1179.19,200415,2025-07-01,WhatsApp,Capital de Giro,2045.54,6,0.015700,APROVADA,,1,1,2025-07-09,2025-07-09,5570.27,0.0264000000,12.0,ATIVO,WhatsApp,Capital de Giro,12,2025-08-08,2026-07-04,5463.78,4734.72,835.56,ABERTA | ATRASADA | PAGA,10,2025-09-09,2026-07-04,4026.89,11.21,4.69,0.00,2.7231,4.7238,8.0,15.90
10075.0,PF,94717464887,2025-01-24,Florianópolis,SC,PME,595.0,10385.79,200416,2025-02-28,App,Parcelado,5208.93,18,0.064000,RECUSADA,Documentação,0,0,,,0.00,,,,,,0,,,0.00,0.00,0.00,,0,,,0.00,0.00,0.00,0.00,0.0000,0.0000,,0.00
10198.0,PJ,46374549904530,2024-02-07,Rio de Janeiro,RJ,Emergente,300.0,20123.23,200417,2025-12-02,App,Parcelado,10400.89,12,0.087000,APROVADA,,1,1,2025-12-10,2025-12-10,7587.75,0.0301000000,6.0,ATIVO,App,Parcelado,6,2026-01-09,2026-06-08,7704.87,6449.58,1138.14,ABERTA | PAGA,3,2026-04-14,2026-06-28,3844.88,0.00,0.00,8.67,0.7295,0.3771,8.0,0.00
10142.0,PF,39240758181,2024-06-28,Fortaleza,CE,MEI,331.0,3172.02,200418,2025-01-20,Televendas,Parcelado,2765.82,18,0.038800,RECUSADA,Documentação,0,0,,,0.00,,,,,,0,,,0.00,0.00,0.00,,0,,,0.00,0.00,0.00,0.00,0.0000,0.0000,,0.00
10404.0,PF,56205336452,2025-11-19,Fortaleza,CE,Emergente,469.0,968.02,200419,2025-05-13,Televendas,Capital de Giro,7432.33,12,0.028800,APROVADA,,1,1,2025-05-24,2025-05-24,19103.77,0.0154000000,18.0,LIQUIDADO,Televendas,Capital de Giro,9,2025-06-23,2026-02-18,18805.59,16238.16,2865.60,ABERTA | PAGA,4,2025-08-24,2026-02-19,8179.86,0.00,0.00,0.00,2.5704,19.7349,11.0,0.00
10402.0,PF,41397552314,2025-02-05,Porto Alegre,RS,Emergente,315.0,800.00,200420,2025-03-18,Loja Parceira,Parcelado,24989.45,12,0.108100,APROVADA,,1,1,2025-03-29,2025-03-29,23391.32,0.0624000000,9.0,ATIVO,Loja Parceira,Parcelado,9,2025-04-28,2025-12-24,23570.26,19882.62,3508.74,ABERTA | ATRASADA | PAGA,7,2025-06-02,2026-01-13,15264.91,76.34,45.29,29.29,0.9360,29.2392,11.0,121.63
10315.0,PF,70433154100,2024-04-23,Fortaleza,CE,PME,499.0,4389.48,200421,2025-04-02,App,Capital de Giro,28473.42,12,0.043900,APROVADA,,1,1,2025-04-12,2025-04-12,18535.03,0.0867000000,6.0,ATIVO,App,Capital de Giro,6,2025-05-12,2025-10-09,18709.84,15754.80,2780.28,ABERTA | PAGA,5,2025-05-13,2025-11-13,15562.80,0.00,0.00,41.56,0.6510,4.2226,10.0,0.00
10092.0,PJ,38692221969379,2024-01-20,Recife,PE,Emergente,401.0,4614.35,200422,2025-08-13,App,Capital de Giro,9485.77,12,0.038500,APROVADA,,1,1,2025-08-16,2025-08-16,28850.12,0.0889000000,9.0,ATIVO,App,Capital de Giro,9,2025-09-15,2026-05-13,29115.03,24522.57,4327.56,ABERTA | ATRASADA | PAGA,6,2025-10-15,2026-04-13,19114.59,144.31,52.77,55.17,3.0414,6.2523,3.0,197.08
10472.0,PF,85730652407,2024-06-01,Belo Horizonte,MG,PME,754.0,4719.66,200423,2025-11-20,App,Parcelado,8303.22,18,0.105000, RECUSADA ,,0,0,,,0.00,,,,,,0,,,0.00,0.00,0.00,,0,,,0.00,0.00,0.00,0.00,0.0000,0.0000,,0.00
10416.0,PF,29922809202,2024-03-03,Fortaleza,CE,Mass Market,404.0,2464.40,200424,2025-06-14,WhatsApp,Capital de Giro,8756.83,12,0.100800,RECUSADA,Política,0,0,,,0.00,,,,,,0,,,0.00,0.00,0.00,,0,,,0.00,0.00,0.00,0.00,0.0000,0.0000,,0.00
10304.0,PF,26383806578,2024-10-16,Fortaleza,CE,Premium,384.0,4391.52,200425,2025-02-08,App,Parcelado,8692.71,12,0.062100,APROVADA,,1,1,2025-02-12,2025-02-12,24975.23,0.0798000000,9.0,ATIVO,App,Parcelado,9,2025-03-14,2025-11-09,24404.95,21228.93,3746.25,ABERTA | PAGA,9,2025-03-19,2025-11-19,21587.67,0.00,0.00,0.00,2.8731,5.6871,4.0,0.00
10304.0,PF,26383806578,2024-10-16,Fortaleza,CE,Premium,301.0,5333.30,200425,2025-02-08,App,Parcelado,8692.71,12,0.062100,APROVADA,,1,1,2025-02-12,2025-02-12,24975.23,0.0798000000,9.0,ATIVO,App,Parcelado,9,2025-03-14,2025-11-09,24404.95,21228.93,3746.25,ABERTA | PAGA,9,2025-03-19,2025-11-19,21587.67,0.00,0.00,0.00,2.8731,4.6829,4.0,0.00
10223.0,PF,28080100623,2025-08-21,Rio de Janeiro,RJ,PME,423.0,2812.80,200426,2025-01-20,Indicação,Capital de Giro,1559.94,12,0.066400,APROVADA,,1,1,2025-02-01,2025-02-01,14642.77,0.0136000000,12.0,ATIVO,Indicação,Capital de Giro,12,2025-03-03,2026-01-27,14530.37,12446.40,2196.36,ABERTA | ATRASADA | PAGA,14,2025-03-05,2026-02-06,14191.78,35.25,26.32,0.00,9.3868,5.2058,12.0,61.57
10496.0,PF,90425979270,2025-04-15,Salvador,BA,Premium,335.0,4514.11,200427,2025-07-15,WhatsApp,Parcelado,27844.03,12,0.037900,APROVADA,,1,1,2025-07-16,2025-07-16,22853.18,0.1099000000,9.0,ATIVO,WhatsApp,Parcelado,9,2025-08-15,2026-04-12,22736.38,19425.24,3428.01,ABERTA | ATRASADA | PAGA,7,2025-10-04,2026-04-12,14799.20,33.27,13.04,29.24,0.8208,5.0626,1.0,46.31
10290.0,PF,37597383206,2024-10-29,Recife,PE,Emergente,415.0,904.10,200428,2025-02-27,App,Consignado,6804.10,18,0.023200,RECUSADA,Política,0,0,,,0.00,,,,,,0,,,0.00,0.00,0.00,,0,,,0.00,0.00,0.00,0.00,0.0000,0.0000,,0.00
10427.0,PJ,49562137213865,2025-08-13,Belo Horizonte,MG,PME,302.0,20064.78,200429,2025-01-11,Loja Parceira,Parcelado,12890.12,18,0.075200,RECUSADA,Score baixo,0,0,,,0.00,,,,,,0,,,0.00,0.00,0.00,,0,,,0.00,0.00,0.00,0.00,0.0000,0.0000,,0.00
10101.0,PF,65137098593,2025-07-23,São Paulo,SP,Emergente,584.0,1400.00,200430,2025-07-07,App,Parcelado,785.76,18,0.025300,APROVADA,,1,1,2025-07-07,2025-07-07,11751.75,0.0603000000,12.0,LIQUIDADO,App,Parcelado,12,2025-08-06,2026-07-02,11683.03,9989.04,1762.80,ABERTA | ATRASADA | PAGA,8,2025-08-08,2026-07-02,6846.29,7.51,12.97,10.71,14.9559,8.3941,0.0,20.48
10473.0,PJ,78487392855749,2025-05-21,Porto Alegre,RS,MEI,475.0,12464.74,200431,2025-01-26,Loja Parceira,Capital de Giro,25809.68,24,0.062200,RECUSADA,Score baixo,0,0,,,0.00,,,,,,0,,,0.00,0.00,0.00,,0,,,0.00,0.00,0.00,0.00,0.0000,0.0000,,0.00
10266.0,PF,71168457759,2025-03-17,Goiânia,GO,Premium,303.0,3988.66,200432,2025-03-27,WhatsApp,Parcelado,22069.14,18,0.113800,Pendente,,0,0,,,0.00,,,,,,0,,,0.00,0.00,0.00,,0,,,0.00,0.00,0.00,0.00,0.0000,0.0000,,0.00
10354.0,PF,21689421044,2024-09-30,Recife,PE,MEI,422.0,12937.60,200433,2025-06-11,Televendas,Parcelado,28429.30,12,0.115000,RECUSADA,Fraude,0,0,,,0.00,,,,,,0,,,0.00,0.00,0.00,,0,,,0.00,0.00,0.00,0.00,0.0000,0.0000,,0.00
10455.0,PF,64334722820,2024-07-25,São Paulo,SP,PME,422.0,4390.35,200434,2025-07-31,Televendas,Capital de Giro,23557.66,12,0.040100,APROVADA,,1,1,2025-08-01,2025-08-01,28679.66,0.0439000000,3.0,LIQUIDADO,Televendas,Capital de Giro,3,2025-08-31,2025-10-30,29652.06,24377.70,4301.94,ABERTA | ATRASADA | PAGA,2,2025-10-05,2025-10-30,20187.91,211.75,51.57,0.00,1.2174,6.5324,1.0,263.32
10109.0,PF,26811775891,2024-04-29,Florianópolis,SC,Premium,636.0,15573.12,200435,2025-06-02,App,Capital de Giro,9754.34,24,0.080500,APROVADA,,1,1,2025-06-12,2025-06-12,12146.62,0.0151000000,6.0,ATIVO,App,Capital de Giro,6,2025-07-12,2025-12-09,12081.57,10324.62,1822.02,ABERTA | PAGA,4,2025-07-17,2025-12-09,7959.62,0.00,0.00,0.00,1.2453,0.7800,10.0,0.00
10461.0,PF,66326634163,2024-03-19,Rio de Janeiro,RJ,MEI,632.0,4549.58,200436,2025-09-29,App,Capital de Giro,7812.26,12,0.064800,PENDENTE,,0,0,,,0.00,,,,,,0,,,0.00,0.00,0.00,,0,,,0.00,0.00,0.00,0.00,0.0000,0.0000,,0.00
10329.0,PF,68685487099,2024-08-30,Salvador,BA,PME,512.0,5101.83,200437,2025-11-24,WhatsApp,Parcelado,21082.63,18,0.106900,APROVADA,,1,1,2025-11-25,2025-11-25,18101.41,0.0853000000,6.0,ATIVO,WhatsApp,Parcelado,6,2025-12-25,2026-05-24,17895.33,15386.22,2715.24,ABERTA | ATRASADA | PAGA,6,2025-12-25,2026-05-25,11942.36,72.81,0.60,21.42,0.8586,3.5480,1.0,73.41
10449.0,PF,50615939982,2024-08-25,Fortaleza,CE,Premium,392.0,5731.77,200438,2025-03-25,App,Capital de Giro,11241.33,18,0.043500,RECUSADA,Política,0,0,,,0.00,,,,,,0,,,0.00,0.00,0.00,,0,,,0.00,0.00,0.00,0.00,0.0000,0.0000,,0.00
10429.0,PF,11435190669,2025-11-04,São Paulo,SP,PME,475.0,3299.61,200439,2025-02-10,App,Parcelado,17203.34,12,0.015400,APROVADA,,1,1,2025-02-14,2025-02-14,3252.29,0.0393000000,9.0,ATIVO,App,Parcelado,9,2025-03-16,2025-11-11,3268.83,2764.44,487.80,ABERTA | ATRASADA | PAGA,7,2025-03-21,2025-12-01,2543.78,33.91,18.00,0.00,0.1890,0.9857,4.0,51.91
10264.0,PJ,25449481260422,2024-03-04,Florianópolis,SC,PME,595.0,27870.50,200440,2025-03-24,App,Capital de Giro,684.60,6,0.032100,RECUSADA,Score baixo,0,0,,,0.00,,,,,,0,,,0.00,0.00,0.00,,0,,,0.00,0.00,0.00,0.00,0.0000,0.0000,,0.00
10002.0,PF,94026542351,2024-07-17,Fortaleza,CE,Premium,365.0,4090.51,200441,2025-03-28,WhatsApp,Capital de Giro,2325.63,12,0.051700,RECUSADA,Renda insuficiente,0,0,,,0.00,,,,,,0,,,0.00,0.00,0.00,,0,,,0.00,0.00,0.00,0.00,0.0000,0.0000,,0.00
10084.0,PF,26398214658,2024-08-09,Belo Horizonte,MG,Mass Market,530.0,2868.33,200442,2025-05-31,App,Parcelado,16293.35,24,0.048200,APROVADA,,1,1,2025-06-04,2025-06-04,22891.33,0.0275000000,12.0,ATIVO,App,Parcelado,12,2025-07-04,2026-05-30,22864.72,19457.64,3433.68,ABERTA | ATRASADA | PAGA,7,2025-09-03,2026-06-04,11261.76,48.45,12.47,68.07,1.4049,7.9807,4.0,60.92
10281.0,PF,46303161799,2024-06-18,Florianópolis,SC,Premium,441.0,4741.87,200443,2025-03-14,WhatsApp,Parcelado,17199.11,12,0.098100,RECUSADA,Score baixo,0,0,,,0.00,,,,,,0,,,0.00,0.00,0.00,,0,,,0.00,0.00,0.00,0.00,0.0000,0.0000,,0.00
10327.0,PF,89921722332,2024-01-14,Porto Alegre,RS,MEI,362.0,2411.53,200444,2025-11-21,Indicação,Parcelado,22667.86,12,0.086500,RECUSADA,Score baixo,0,0,,,0.00,,,,,,0,,,0.00,0.00,0.00,,0,,,0.00,0.00,0.00,0.00,0.0000,0.0000,,0.00
10303.0,PF,93476870146,2024-08-31,Goiânia,GO,Premium,610.0,6287.42,200445,2025-01-27,App,Parcelado,4392.98,24,0.046500,RECUSADA,Renda insuficiente,0,0,,,0.00,,,,,,0,,,0.00,0.00,0.00,,0,,,0.00,0.00,0.00,0.00,0.0000,0.0000,,0.00
10449.0,PF,50615939982,2024-08-25,Fortaleza,CE,Premium,392.0,5731.77,200446,2025-08-01,App,Parcelado,15638.90,12,0.063100,APROVADA,,1,1,2025-08-09,2025-08-09,13199.56,0.0161000000,6.0,LIQUIDADO,App,Parcelado,6,2025-09-08,2026-02-05,13251.29,11219.64,1979.94,ABERTA | PAGA,4,2025-09-09,2026-02-10,8804.04,0.00,0.00,0.00,0.8440,2.3029,8.0,0.00
10453.0,PJ,22023413261117,2024-12-15,Porto Alegre,RS,MEI,501.0,10101.69,200447,2025-01-20,App,Parcelado,6236.21,12,0.025000,RECUSADA,Documentação,0,0,,,0.00,,,,,,0,,,0.00,0.00,0.00,,0,,,0.00,0.00,0.00,0.00,0.0000,0.0000,,0.00
10411.0,PJ,56770051844989,2024-02-07,Fortaleza,CE,MEI,445.0,4832.81,200448,2025-06-08,Televendas,Capital de Giro,3249.29,18,0.109300,APROVADA,,1,1,2025-06-17,2025-06-17,25413.39,0.1032000000,12.0,ATIVO,Televendas,Capital de Giro,12,2025-07-17,2026-06-12,25372.90,21601.44,3812.04,ABERTA | ATRASADA | PAGA,10,2025-08-18,2026-06-13,16633.79,45.29,73.05,24.60,7.8212,5.2585,9.0,118.34
10116.0,PJ,49451983273158,2025-05-05,Recife,PE,Premium,684.0,26967.99,200449,2025-03-20,App,Parcelado,12609.63,18,0.113200,APROVADA,,1,1,2025-03-28,2025-03-28,19274.65,0.0603000000,18.0,ATIVO,App,Parcelado,9,2025-04-27,2025-12-23,19391.05,16383.42,2891.16,ABERTA | PAGA,5,2025-05-27,2025-12-25,10524.27,0.00,0.00,0.00,1.5286,0.7147,8.0,0.00
10220.0,PF,56093204899,2025-10-05,Fortaleza,CE,MEI,656.0,6885.57,200450,2025-08-10,App,Consignado,5318.43,6,0.117900,RECUSADA,Renda insuficiente,0,0,,,0.00,,,,,,0,,,0.00,0.00,0.00,,0,,,0.00,0.00,0.00,0.00,0.0000,0.0000,,0.00
10153.0,PF,30305486874,2024-07-27,São Paulo,SP,PME,398.0,2322.57,200451,2025-03-06,App,Parcelado,7042.57,12,0.106200,RECUSADA,Política,0,0,,,0.00,,,,,,0,,,0.00,0.00,0.00,,0,,,0.00,0.00,0.00,0.00,0.0000,0.0000,,0.00
10152.0,PF,85277221704,2025-07-18,Recife,PE,Mass Market,507.0,4234.65,200452,2025-05-16,WhatsApp,Antecipação,9867.86,12,0.033300,APROVADA,,1,1,2025-05-27,2025-05-27,13083.10,0.0878000000,18.0,ATIVO,WhatsApp,Antecipação,9,2025-06-26,2026-02-21,13239.04,11120.67,1962.45,ABERTA | PAGA,7,2025-07-16,2026-02-23,8678.03,0.00,0.00,0.00,1.3258,3.0895,11.0,0.00
10011.0,PJ,80184514627048,2024-08-01,Fortaleza,CE,PME,636.0,69901.42,200453,2025-06-16,App,Capital de Giro,8151.96,9,0.019900,APROVADA,,1,1,2025-06-24,2025-06-24,12863.09,0.0265000000,12.0,LIQUIDADO,App,Capital de Giro,12,2025-07-24,2026-06-19,12907.02,10933.68,1929.48,ABERTA | ATRASADA | PAGA,10,2025-07-25,2026-06-19,10562.24,39.57,18.91,17.74,1.5779,0.1840,8.0,58.48
10132.0,PF,67980793597,2025-11-16,Porto Alegre,RS,Mass Market,373.0,1789.27,200454,2025-03-12,WhatsApp,Parcelado,3083.94,12,0.075900,APROVADA,,1,1,2025-03-17,2025-03-17,546.75,0.0412000000,3.0,CANCELADO,WhatsApp,Parcelado,3,2025-04-16,2025-06-15,555.72,464.73,82.02,ABERTA | ATRASADA,2,2025-05-26,2025-07-05,373.44,1.03,2.50,0.00,0.1773,0.3056,5.0,3.53
10481.0,PF,86338392886,2025-06-23,Goiânia,GO,MEI,415.0,2139.96,200455,2025-05-11,Indicação,Parcelado,3152.53,12,0.110800,APROVADA,,1,1,2025-05-14,2025-05-14,10057.39,0.0936000000,12.0,ATIVO,Indicação,Parcelado,12,2025-06-13,2026-05-09,9968.77,8548.80,1508.64,ABERTA | ATRASADA | PAGA,13,2025-07-03,2026-05-14,9830.53,28.98,14.88,8.04,3.1903,4.6998,3.0,43.86
10303.0,PF,93476870146,2024-08-31,Goiânia,GO,Premium,610.0,6287.42,200456,2025-04-09,App,Capital de Giro,6200.86,6,0.033600,APROVADA,,1,1,2025-04-17,2025-04-17,16846.80,0.0808000000,18.0,ATIVO,App,Capital de Giro,9,2025-05-17,2026-01-12,17025.29,14319.81,2527.02,ABERTA | PAGA,8,2025-05-27,2026-01-17,13188.47,0.00,0.00,0.00,2.7168,2.6794,8.0,0.00
10292.0,PJ,83670241038657,2024-09-12,Recife,PE,Premium,314.0,13816.93,200457,2025-05-03,Televendas,Parcelado,1991.50,12,0.015700,RECUSADA,Fraude,0,0,,,0.00,,,,,,0,,,0.00,0.00,0.00,,0,,,0.00,0.00,0.00,0.00,0.0000,0.0000,,0.00
10462.0,PF,89448463122,2025-02-09,São Paulo,SP,Premium,787.0,4337.69,200458,2025-01-12,App,Consignado,18980.48,3,0.099600,APROVADA,,1,1,2025-01-12,2025-01-12,9135.88,0.1029000000,3.0,ATIVO,App,Consignado,3,2025-02-11,2025-04-12,8870.24,7765.50,1370.37,ABERTA | PAGA,2,2025-04-12,2025-04-13,2869.78,0.00,0.00,0.00,0.4813,2.1062,0.0,0.00
10299.0,PF,21003236519,2024-08-07,Rio de Janeiro,RJ,PME,525.0,10509.20,200459,2025-07-26,Televendas,Parcelado,8976.14,12,0.023100,RECUSADA,Renda insuficiente,0,0,,,0.00,,,,,,0,,,0.00,0.00,0.00,,0,,,0.00,0.00,0.00,0.00,0.0000,0.0000,,0.00
10227.0,PF,54615679334,2024-09-11,Recife,PE,MEI,569.0,4224.95,200460,2025-04-13,WhatsApp,Consignado,8752.51,18,0.058400,RECUSADA,Renda insuficiente,0,0,,,0.00,,,,,,0,,,0.00,0.00,0.00,,0,,,0.00,0.00,0.00,0.00,0.0000,0.0000,,0.00
10270.0,PJ,24241541520643,2025-09-10,Curitiba,PR,Emergente,551.0,5221.76,200461,2025-02-10,Televendas,Parcelado,10293.95,18,0.086300,APROVADA,,1,1,2025-02-18,2025-02-18,20243.08,0.0612000000,12.0,LIQUIDADO,Televendas,Parcelado,12,2025-03-20,2026-02-13,20417.99,17206.56,3036.48,ABERTA | PAGA,11,2025-03-20,2026-01-15,15250.03,0.00,0.00,31.81,1.9665,3.8767,8.0,0.00
10042.0,PF,4436995777,2025-11-20,Florianópolis,SC,MEI,745.0,6516.07,200462,2025-06-19,App,Capital de Giro,20052.49,9,0.039900,APROVADA,,1,1,2025-06-26,2025-06-26,24567.73,0.0396000000,6.0,LIQUIDADO,App,Capital de Giro,6,2025-07-26,2025-12-23,24978.25,20882.58,3685.14,ABERTA | ATRASADA | PAGA,5,2025-09-04,2026-01-12,20734.68,33.41,4.46,0.00,1.2252,3.7703,7.0,37.87
10431.0,PJ,30988392053021,2025-02-18,Porto Alegre,RS,Premium,694.0,19743.38,200463,2025-06-02,App,Capital de Giro,26183.70,6,0.023800,APROVADA,,1,1,2025-06-04,2025-06-04,3624.51,0.1032000000,9.0,LIQUIDADO,App,Capital de Giro,9,2025-07-04,2026-03-01,3629.97,3080.79,543.69,ABERTA | ATRASADA | PAGA,9,2025-07-24,2026-03-03,3187.11,8.54,3.45,6.28,0.1384,0.1836,2.0,11.99
10342.0,PF,96910858994,2025-07-25,Salvador,BA,Premium,648.0,1607.04,200464,2025-10-04,App,Capital de Giro,22893.06,6,0.095900,APROVADA,,1,1,2025-10-06,2025-10-06,12712.05,0.0160000000,6.0,ATIVO,App,Capital de Giro,6,2025-11-05,2026-04-04,12719.93,10805.22,1906.80,ABERTA | ATRASADA | PAGA,5,2025-11-25,2026-04-14,10521.65,5.74,24.46,27.85,0.5553,7.9102,2.0,30.20
10325.0,PF,15869380686,2025-05-10,Rio de Janeiro,RJ,MEI,795.0,10942.98,200465,2025-03-22,App,Parcelado,21962.11,12,0.081200,RECUSADA,Política,0,0,,,0.00,,,,,,0,,,0.00,0.00,0.00,,0,,,0.00,0.00,0.00,0.00,0.0000,0.0000,,0.00
10301.0,PF,7029667066,2025-07-13,Curitiba,PR,Premium,623.0,11756.08,200466,2025-04-18,App,Capital de Giro,14789.54,6,0.118800,APROVADA,,1,1,2025-04-29,2025-04-29,25058.71,0.0301000000,12.0,ATIVO,App,Capital de Giro,12,2025-05-29,2026-04-24,25116.44,21299.88,3758.76,ABERTA | ATRASADA | PAGA,9,2025-06-28,2026-05-04,16428.47,65.26,57.42,22.81,1.6944,2.1316,11.0,122.68
10497.0,PF,33521103924,2024-02-14,Recife,PE,PME,469.0,7875.60,200467,2025-02-27,App,Parcelado,20967.26,12,0.051200,RECUSADA,Fraude,0,0,,,0.00,,,,,,0,,,0.00,0.00,0.00,,0,,,0.00,0.00,0.00,0.00,0.0000,0.0000,,0.00
10363.0,PF,43744701204,2024-12-18,Curitiba,PR,Emergente,467.0,800.00,200468,2025-10-17,App,Capital de Giro,16806.49,6,0.021500,APROVADA,,1,1,2025-10-27,2025-10-27,23865.32,0.1092000000,6.0,CANCELADO,App,Capital de Giro,6,2025-11-26,2026-04-25,23544.49,20285.52,3579.78,ABERTA | ATRASADA,4,2025-12-31,2026-04-30,15436.37,199.36,262.81,0.00,1.4200,29.8317,10.0,462.17
10378.0,PJ,27080869782922,2024-02-02,Fortaleza,CE,Mass Market,508.0,12925.17,200469,2025-12-13,App,Parcelado,6879.39,18,0.092100,APROVADA,,1,1,2025-12-25,2025-12-25,3609.21,0.0858000000,18.0,ATIVO,App,Parcelado,9,2026-01-24,2026-09-21,3608.81,3067.83,541.35,ABERTA | ATRASADA | PAGA,7,2026-04-14,2026-09-26,2405.34,15.31,4.73,0.00,0.5246,0.2792,12.0,20.04
10426.0,PF,36887258874,2025-07-07,Salvador,BA,Premium,622.0,23323.12,200470,2025-11-26,Televendas,Antecipação,6653.36,9,0.069800,APROVADA,,1,1,2025-11-29,2025-11-29,2618.53,0.0827000000,6.0,LIQUIDADO,Televendas,Antecipação,6,2025-12-29,2026-05-28,2643.85,2225.76,392.76,ABERTA | PAGA,6,2025-12-30,2026-06-17,1746.38,0.00,0.00,0.00,0.3936,0.1123,3.0,0.00
10492.0,PF,46225179086,2025-05-15,Fortaleza,CE,Mass Market,609.0,4628.49,200471,2025-07-30,Loja Parceira,Parcelado,9243.56,6,0.037400,APROVADA,,1,1,2025-08-11,2025-08-11,17863.29,0.0786000000,6.0,ATIVO,Loja Parceira,Parcelado,6,2025-09-10,2026-02-07,18050.66,15183.78,2679.48,ABERTA | ATRASADA | PAGA,5,2025-09-15,2026-02-27,11897.74,38.34,9.31,0.00,1.9325,3.8594,12.0,47.65
10020.0,PF,51333872624,2024-03-05,Porto Alegre,RS,PME,410.0,2420.66,200472,2025-07-21,App,Antecipação,27368.68,18,0.097100,APROVADA,,1,1,2025-07-24,2025-07-24,19342.42,0.0666000000,24.0,LIQUIDADO,App,Antecipação,12,2025-08-23,2026-07-19,19102.11,16441.08,2901.36,ABERTA | PAGA,6,2025-09-27,2026-06-19,9500.43,0.00,0.00,0.00,0.7067,7.9906,3.0,0.00
10406.0,PF,83411080996,2025-02-23,Porto Alegre,RS,PME,424.0,2976.52,200473,2025-03-25,App,Antecipação,16648.74,9,0.036400,APROVADA,,1,1,2025-04-04,2025-04-04,10392.48,0.1069000000,24.0,ATIVO,App,Antecipação,12,2025-05-04,2026-03-30,10373.40,8833.56,1558.92,ABERTA | ATRASADA | PAGA,8,2025-05-05,2026-05-04,6866.20,24.07,0.32,0.00,0.6242,3.4915,10.0,24.39
10106.0,PF,90053293183,2024-05-14,Florianópolis,SC,MEI,710.0,9279.87,200474,2025-05-30,App,Antecipação,22150.21,6,0.042400,RECUSADA,Renda insuficiente,0,0,,,0.00,,,,,,0,,,0.00,0.00,0.00,,0,,,0.00,0.00,0.00,0.00,0.0000,0.0000,,0.00
10335.0,PF,67850821486,2024-09-04,Curitiba,PR,Emergente,597.0,800.00,200475,2025-07-09,Indicação,Parcelado,10723.48,12,0.024700,RECUSADA,Score baixo,0,0,,,0.00,,,,,,0,,,0.00,0.00,0.00,,0,,,0.00,0.00,0.00,0.00,0.0000,0.0000,,0.00
10302.0,PF,25324472099,2024-03-24,Fortaleza,CE,Mass Market,465.0,1089.69,200476,2025-11-10,App,Parcelado,12527.62,12,0.056900,APROVADA,,1,1,2025-11-16,2025-11-16,9741.64,0.0183000000,24.0, LIQUIDADO ,App,Parcelado,12,2025-12-16,2026-11-11,9743.68,8280.36,1461.24,ABERTA | PAGA,8,2025-12-21,2026-11-11,6368.81,0.00,0.00,12.48,0.7776,8.9398,6.0,0.00
10116.0,PJ,49451983273158,2025-05-05,Recife,PE,Premium,684.0,26967.99,200477,2025-03-20,WhatsApp,Consignado,4204.18,18,0.059000,APROVADA,,1,1,2025-03-24,2025-03-24,21275.64,0.0205000000,3.0,ATIVO,WhatsApp,Consignado,3,2025-04-23,2025-06-22,21418.98,18084.30,3191.34,ABERTA | PAGA,4,2025-04-23,2025-07-02,21013.41,0.00,0.00,0.00,5.0606,0.7889,4.0,0.00
10123.0,PF,24451076226,2025-05-17,Rio de Janeiro,RJ,Premium,443.0,5795.05,200478,2025-06-22,Indicação,Parcelado,5553.20,6,0.069000,APROVADA,,1,1,2025-06-30,2025-06-30,4533.69,0.0785000000,12.0,ATIVO,Indicação,Parcelado,12,2025-07-30,2026-06-25,4566.28,3853.68,680.04,ABERTA | ATRASADA | PAGA,9,2025-08-01,2026-07-15,2979.55,3.96,1.13,2.23,0.8164,0.7823,8.0,5.09
10398.0,PJ,14766072832684,2025-11-30,Florianópolis,SC,MEI,403.0,6176.82,200479,2025-06-18,Televendas,Parcelado,24907.02,12,0.089400,APROVADA,,1,1,2025-06-29,2025-06-29,26669.64,0.1062000000,6.0,CANCELADO,Televendas,Parcelado,6,2025-07-29,2025-12-26,26376.04,22669.20,4000.44,ABERTA | ATRASADA,4,2025-10-27,2025-12-31,17154.60,76.59,138.55,0.00,1.0708,4.3177,11.0,215.14
10280.0,PJ,,2025-10-07,São Paulo,SP,Mass Market,538.0,11045.30,200480,2025-01-06,WhatsApp,Capital de Giro,17752.74,9,0.110100,APROVADA,,1,1,2025-01-16,2025-01-16,12494.87,0.0707000000,24.0,ATIVO,WhatsApp,Capital de Giro,12,2025-02-15,2026-01-11,12623.72,10620.60,1874.28,ABERTA | ATRASADA | PAGA,13,2025-03-18,2026-01-16,11406.40,16.32,18.71,11.37,0.7038,1.1312,10.0,35.03
10291.0,PF,3850506413,2024-02-03,Porto Alegre,RS,Mass Market,484.0,1412.28,200481,2025-06-05,Televendas,Capital de Giro,10457.21,6,0.029500,APROVADA,,1,1,2025-06-07,2025-06-07,27009.19,0.0752000000,12.0,ATIVO,Televendas,Capital de Giro,12,2025-07-07,2026-06-02,26849.77,22957.80,4051.32,ABERTA | ATRASADA | PAGA,9,2025-07-27,2026-05-08,15362.70,14.33,40.33,0.00,2.5828,19.1245,2.0,54.66
10202.0,PF,83982258713,2024-07-29,Porto Alegre,RS,PME,480.0,4328.64,200482,2025-11-14,Indicação,Parcelado,24184.11,24,0.020700,APROVADA,,1,1,2025-11-19,2025-11-19,28622.94,0.0392000000,9.0,ATIVO,Indicação,Parcelado,9,2025-12-19,2026-08-16,28552.07,24329.52,4293.45,ATRASADA | PAGA,10,2025-12-19,2026-08-18,28285.46,3.44,63.45,4.11,1.1835,6.6125,5.0,66.89
10050.0,PJ,66587603669096,2025-05-09,São Paulo,SP,Mass Market,341.0,5415.53,200483,2025-04-01,Loja Parceira,Capital de Giro,7772.34,18,0.016900,APROVADA,,1,1,2025-04-06,2025-04-06,7851.51,0.0781000000,18.0,ATIVO,Loja Parceira,Capital de Giro,9,2025-05-06,2026-01-01,7838.23,6673.77,1177.74,ABERTA | ATRASADA | PAGA,11,2025-05-07,2026-01-01,6862.32,28.94,1.08,15.03,1.0102,1.4498,5.0,30.02
10270.0,PJ,24241541520643,2025-09-10,Curitiba,PR,Emergente,551.0,5221.76,200484,2025-06-08,Loja Parceira,Antecipação,29292.96,9,0.030100,APROVADA,,1,1,2025-06-15,2025-06-15,27282.24,0.0229000000,6.0,LIQUIDADO,Loja Parceira,Antecipação,6,2025-07-15,2025-12-12,27384.95,23189.88,4092.36,ABERTA | PAGA,3,2025-08-19,2025-11-17,13525.94,0.00,0.00,0.00,0.9314,5.2247,7.0,0.00
10323.0,PF,46774186256,2025-01-15,Rio de Janeiro,RJ,Emergente,300.0,2434.85,200485,2025-03-22,Loja Parceira,Parcelado,10672.12,12,0.084100,APROVADA,,1,1,2025-04-01,2025-04-01,24556.89,0.0329000000,3.0,ATIVO,Loja Parceira,Parcelado,3,2025-05-01,2025-06-30,24352.48,20873.37,3683.52,PAGA,3,2025-05-02,2025-07-02,23340.38,0.00,0.00,0.00,2.3010,10.0856,10.0,0.00
10276.0,PJ,40438983640376,2024-12-28,Recife,PE,Premium,785.0,45088.42,200486,2025-12-04,Loja Parceira,Consignado,10450.67,6,0.091400,RECUSADA,Documentação,0,0,,,0.00,,,,,,0,,,0.00,0.00,0.00,,0,,,0.00,0.00,0.00,0.00,0.0000,0.0000,,0.00
10140.0,PJ,70653794738347,2025-10-02,São Paulo,SP,Emergente,459.0,3829.13,200487,2025-12-11,Loja Parceira,Parcelado,9701.40,24,0.097600,APROVADA,,1,1,2025-12-18,2025-12-18,22887.22,0.0929000000,9.0,CANCELADO,Loja Parceira,Parcelado,9,2026-01-17,2026-09-14,22973.25,19454.13,3433.05,ABERTA | ATRASADA,4,2026-05-17,2026-09-14,9850.22,86.44,66.12,0.00,2.3592,5.9771,7.0,152.56
10469.0,PJ,35031365024916,2024-04-26,Belo Horizonte,MG,Emergente,486.0,8615.53,200488,2025-11-29,App,Parcelado,4102.29,6,0.040600,APROVADA,,1,1,2025-12-06,2025-12-06,27861.75,0.0851000000,3.0,LIQUIDADO,App,Parcelado,3,2026-01-05,2026-03-06,27989.74,23682.48,4179.27,ABERTA | PAGA,2,2026-02-06,2026-02-14,9694.52,0.00,0.00,0.00,6.7918,3.2339,7.0,0.00
10274.0,PF,69731121965,2025-11-07,São Paulo,SP,Mass Market,548.0,2792.03,200489,2025-11-23,App,Parcelado,3778.55,3,0.047100,RECUSADA,Fraude,0,0,,,0.00,,,,,,0,,,0.00,0.00,0.00,,0,,,0.00,0.00,0.00,0.00,0.0000,0.0000,,0.00
10289.0,PF,51870534949,2025-03-25,São Paulo,SP,Emergente,300.0,3872.50,200490,2025-06-02,App,Parcelado,19619.10,12,0.065700,RECUSADA,Documentação,0,0,,,0.00,,,,,,0,,,0.00,0.00,0.00,,0,,,0.00,0.00,0.00,0.00,0.0000,0.0000,,0.00
10333.0,PF,74505444713,2024-04-18,Curitiba,PR,PME,544.0,15015.97,200491,2025-01-17,App,Consignado,26315.98,12,0.021600,RECUSADA,Score baixo,0,0,,,0.00,,,,,,0,,,0.00,0.00,0.00,,0,,,0.00,0.00,0.00,0.00,0.0000,0.0000,,0.00
10380.0,PF,65472269848,2025-09-28,Recife,PE,MEI,302.0,2382.91,200492,2025-12-27,App,Parcelado,23820.36,12,0.079200,RECUSADA,Score baixo,0,0,,,0.00,,,,,,0,,,0.00,0.00,0.00,,0,,,0.00,0.00,0.00,0.00,0.0000,0.0000,,0.00
10451.0,PF,69961125355,2024-02-17,Curitiba,PR,Mass Market,469.0,1635.00,200493,2025-09-24,App,Parcelado,4662.67,3,0.118300,APROVADA,,1,1,2025-10-06,2025-10-06,25957.65,0.0261000000,12.0,ATIVO,App,Parcelado,12,2025-11-05,2026-10-01,26041.88,22064.04,3893.64,ABERTA | PAGA,7,2025-11-07,2026-10-03,12763.63,0.00,0.00,27.57,5.5671,15.8762,12.0,0.00
10495.0,PF,59116655355,2024-08-27,Recife,PE,Emergente,482.0,800.00,200494,2025-07-03,Loja Parceira,Parcelado,16594.67,9,0.052900,RECUSADA,Renda insuficiente,0,0,,,0.00,,,,,,0,,,0.00,0.00,0.00,,0,,,0.00,0.00,0.00,0.00,0.0000,0.0000,,0.00
10372.0,PF,77517016608,2024-05-29,Recife,PE,MEI,669.0,4459.90,200495,2025-06-04,App,Capital de Giro,3614.95,12,0.094000,RECUSADA,Renda insuficiente,0,0,,,0.00,,,,,,0,,,0.00,0.00,0.00,,0,,,0.00,0.00,0.00,0.00,0.0000,0.0000,,0.00
10051.0,PJ,70546688937346,2025-09-29,Florianópolis,SC,Emergente,496.0,5299.46,200496,2025-05-24,Televendas,Capital de Giro,1836.19,6,0.067500,APROVADA,,1,1,2025-06-03,2025-06-03,26139.09,0.0486000000,9.0,ATIVO,Televendas,Capital de Giro,9,2025-07-03,2026-02-28,26372.69,22218.21,3920.85,ABERTA | ATRASADA | PAGA,8,2025-07-03,2026-03-01,20296.92,115.10,39.70,0.00,14.2355,4.9324,10.0,154.80
10493.0,PF,41686227837,2025-03-11,Salvador,BA,PME,699.0,5367.90,200497,2025-10-22,App,Parcelado,19863.38,24,0.028400,APROVADA,,1,1,2025-10-24,2025-10-24,29101.93,0.0898000000,12.0,ATIVO,App,Parcelado,12,2025-11-23,2026-10-19,28652.63,24736.68,4365.24,ABERTA | ATRASADA | PAGA,11,2025-12-28,2026-10-24,21359.24,55.27,10.79,67.72,1.4651,5.4215,2.0,66.06
10026.0,PF,9169985435,2025-11-04,Fortaleza,CE,MEI,555.0,9140.87,200498,2025-09-11,App,Parcelado,16286.99,6,0.076100,RECUSADA,Fraude,0,0,,,0.00,,,,,,0,,,0.00,0.00,0.00,,0,,,0.00,0.00,0.00,0.00,0.0000,0.0000,,0.00
10156.0,PF,28451154479,2025-11-01,Recife,PE,Mass Market,509.0,2551.08,200499,2025-02-05,WhatsApp,Antecipação,2919.70,12,0.046500,APROVADA,,1,1,2025-02-14,2025-02-14,22957.63,0.0637000000,12.0,ATIVO,WhatsApp,Antecipação,12,2025-03-16,2026-02-09,23181.85,19514.04,3443.64,ABERTA | PAGA,12,2025-04-15,2026-02-10,17066.85,0.00,0.00,0.00,7.8630,8.9992,9.0,0.00
10238.0,PF,66183982622,2025-04-27,Fortaleza,CE,MEI,674.0,8089.38,200500,2025-06-30,Loja Parceira,Parcelado,1530.71,18,0.018600,APROVADA,,1,1,2025-07-09,2025-07-09,22055.18,0.0793000000,9.0,ATIVO,Loja Parceira,Parcelado,9,2025-08-08,2026-04-05,21843.47,18746.91,3308.31,ABERTA | PAGA,5,2025-11-11,2026-03-06,11955.68,0.00,0.00,0.00,14.4085,2.7264,9.0,0.00
10155.0,PF,27758416169,2024-08-02,Curitiba,PR,Emergente,598.0,1836.43,200501,2025-01-31,App,Parcelado,29697.81,9,0.081700,APROVADA,,1,1,2025-02-09,2025-02-09,17090.16,0.0745000000,18.0,CANCELADO,App,Parcelado,9,2025-03-11,2025-11-06,17086.87,14526.63,2563.56,ABERTA | ATRASADA,2,2025-06-19,2025-07-10,3840.76,43.14,64.60,0.00,0.5755,9.3062,9.0,107.74
10290.0,PF,37597383206,2024-10-29,Recife,PE,Emergente,415.0,904.10,200502,2025-10-02,Televendas,Parcelado,1385.63,12,0.105200,APROVADA,,1,1,2025-10-03,2025-10-03,10691.10,0.0907000000,3.0,ATIVO,Televendas,Parcelado,3,2025-11-02,2026-01-01,10568.81,9087.42,1603.68,ABERTA | PAGA,2,2025-12-12,2026-01-11,6898.48,0.00,0.00,0.00,7.7157,11.8251,1.0,0.00
10135.0,PF,51518644925,2025-04-13,São Paulo,SP,Premium,715.0,13361.04,200503,2025-09-10,Televendas,Antecipação,13613.58,18,0.051200,APROVADA,,1,1,2025-09-12,2025-09-12,583.84,0.0528000000,12.0,ATIVO,Televendas,Antecipação,12,2025-10-12,2026-09-07,584.91,496.32,87.60,ABERTA | ATRASADA | PAGA,11,2025-12-12,2026-10-12,430.39,0.63,0.36,0.00,0.0429,0.0437,2.0,0.99
10143.0,PF,41247826137,2025-01-27,Goiânia,GO,MEI,474.0,2957.17,200504,2025-05-29,App,Parcelado,15386.26,6,0.056000,RECUSADA,Política,0,0,,,0.00,,,,,,0,,,0.00,0.00,0.00,,0,,,0.00,0.00,0.00,0.00,0.0000,0.0000,,0.00
10105.0,PF,58506431713,2025-04-19,Recife,PE,Premium,731.0,22948.96,200505,2025-03-21,App,Parcelado,3959.76,24,0.108600,RECUSADA,Fraude,0,0,,,0.00,,,,,,0,,,0.00,0.00,0.00,,0,,,0.00,0.00,0.00,0.00,0.0000,0.0000,,0.00
10419.0,PJ,84257991366210,2025-10-12,Fortaleza,CE,Emergente,568.0,10716.07,200506,2025-05-11,Indicação,Parcelado,5487.32,12,0.100400,APROVADA,,1,1,2025-05-14,2025-05-14,14542.61,0.0865000000,18.0,LIQUIDADO,Indicação,Parcelado,9,2025-06-13,2026-02-08,14546.83,12361.23,2181.42,ABERTA | PAGA,7,2025-06-13,2026-01-29,9714.46,0.00,0.00,0.00,2.6502,1.3571,3.0,0.00
10157.0,PJ,62757059640165,2025-05-18,Porto Alegre,RS,Mass Market,647.0,20210.04,200507,2025-03-29,Loja Parceira,Consignado,10878.25,9,0.090100,RECUSADA,Documentação,0,0,,,0.00,,,,,,0,,,0.00,0.00,0.00,,0,,,0.00,0.00,0.00,0.00,0.0000,0.0000,,0.00
10145.0,PF,30515220472,2024-01-29,Fortaleza,CE,Emergente,312.0,800.00,200508,2025-12-30,Loja Parceira,Parcelado,22969.44,12,0.041100,APROVADA,,1,1,2026-01-04,2026-01-04,1864.62,0.1075000000,18.0,ATIVO,Loja Parceira,Parcelado,9,2026-02-03,2026-10-01,1841.75,1584.90,279.72,ABERTA | PAGA,9,2026-02-03,2026-10-11,1187.52,0.00,0.00,0.61,0.0812,2.3308,5.0,0.00
10001.0,PJ,133890838637,2025-05-23,São Paulo,SP,Premium,410.0,13186.90,200509,2025-01-06,Televendas,Antecipação,15458.93,9,0.110600,APROVADA,,1,1,2025-01-13,2025-01-13,26977.09,0.0645000000,9.0,LIQUIDADO,Televendas,Antecipação,9,2025-02-12,2025-10-10,26890.82,22930.56,4046.58,ABERTA | PAGA,7,2025-03-24,2025-09-15,14658.14,0.00,0.00,0.00,1.7451,2.0457,7.0,0.00
10432.0,PF,46566938011,2024-03-08,Recife,PE,MEI,561.0,5643.04,200510,2025-09-01,App,Parcelado,19318.11,18,0.031200,RECUSADA,Política,0,0,,,0.00,,,,,,0,,,0.00,0.00,0.00,,0,,,0.00,0.00,0.00,0.00,0.0000,0.0000,,0.00
10076.0,PJ,71906594013990,2025-06-09,Florianópolis,SC,Emergente,437.0,5028.15,200511,2025-02-28,App,Parcelado,29562.65,18,0.080800,RECUSADA,Documentação,0,0,,,0.00,,,,,,0,,,0.00,0.00,0.00,,0,,,0.00,0.00,0.00,0.00,0.0000,0.0000,,0.00
10131.0,PF,77005411998,2024-10-14,Goiânia,GO,Mass Market,300.0,1951.22,200512,2025-06-17,App,Antecipação,23156.16,18,0.018000,RECUSADA,Renda insuficiente,0,0,,,0.00,,,,,,0,,,0.00,0.00,0.00,,0,,,0.00,0.00,0.00,0.00,0.0000,0.0000,,0.00
10089.0,PF,45961586578,2024-04-20,Fortaleza,CE,Emergente,430.0,5764.20,200513,2025-07-27,WhatsApp,Parcelado,13313.66,24,0.082600,RECUSADA,Política,0,0,,,0.00,,,,,,0,,,0.00,0.00,0.00,,0,,,0.00,0.00,0.00,0.00,0.0000,0.0000,,0.00
10344.0,PF,28309652074,2025-09-18,Curitiba,PR,Mass Market,478.0,1468.28,200514,2025-08-01,Loja Parceira,Antecipação,13670.04,18,0.044100,RECUSADA,Documentação,0,0,,,0.00,,,,,,0,,,0.00,0.00,0.00,,0,,,0.00,0.00,0.00,0.00,0.0000,0.0000,,0.00
10349.0,PF,17381684602,2024-09-28,Goiânia,GO,Premium,438.0,6724.91,200515,2025-12-22,WhatsApp,Consignado,18753.78,12,0.062200,RECUSADA,Score baixo,0,0,,,0.00,,,,,,0,,,0.00,0.00,0.00,,0,,,0.00,0.00,0.00,0.00,0.0000,0.0000,,0.00
10458.0,PF,83174564240,2025-01-05,Salvador,BA,Mass Market,444.0,1239.82,200516,2025-06-18,App,Antecipação,20128.27,9,0.051300,APROVADA,,1,1,2025-06-24,2025-06-24,11326.45,0.0570000000,12.0,ATIVO,App,Antecipação,12,2025-07-24,2026-06-19,11396.41,9627.48,1698.96,ABERTA | ATRASADA | PAGA,7,2025-07-26,2026-06-21,5699.90,6.60,14.64,2.34,0.5627,9.1356,6.0,21.24
10262.0,PF,51713395962,2025-12-15,Recife,PE,Premium,512.0,9674.36,200517,2025-02-20,App,Parcelado,15270.97,12,0.033100,RECUSADA,Score baixo,0,0,,,0.00,,,,,,0,,,0.00,0.00,0.00,,0,,,0.00,0.00,0.00,0.00,0.0000,0.0000,,0.00
10350.0,PF,23569725217,2025-08-28,São Paulo,SP,PME,517.0,13196.04,200518,2025-09-13,Loja Parceira,Antecipação,19523.41,3,0.080300,PENDENTE,,0,0,,,0.00,,,,,,0,,,0.00,0.00,0.00,,0,,,0.00,0.00,0.00,0.00,0.0000,0.0000,,0.00
10107.0,PJ,93352904228421,2024-10-09,Belo Horizonte,MG,Mass Market,476.0,27589.69,200519,2025-03-09,WhatsApp,Parcelado,1194.21,18,0.107600,RECUSADA,Documentação,0,0,,,0.00,,,,,,0,,,0.00,0.00,0.00,,0,,,0.00,0.00,0.00,0.00,0.0000,0.0000,,0.00
10073.0,PJ,97403447134936,2024-04-25,São Paulo,SP,Emergente,323.0,4077.26,200520,2025-11-14,Loja Parceira,Antecipação,13173.87,12,0.115700,APROVADA,,1,1,2025-11-14,2025-11-14,26818.51,0.0669000000,18.0,ATIVO,Loja Parceira,Antecipação,9,2025-12-14,2026-08-11,26816.08,22795.74,4022.82,ABERTA | PAGA,6,2025-12-24,2026-07-17,14944.23,0.00,0.00,0.00,2.0357,6.5776,0.0,0.00
10038.0,PF,19655698169,2024-07-07,Florianópolis,SC,MEI,445.0,1809.89,200521,2025-08-17,App,Capital de Giro,8728.67,3,0.035200,APROVADA,,1,1,2025-08-24,2025-08-24,5326.91,0.0528000000,9.0,LIQUIDADO,App,Capital de Giro,9,2025-09-23,2026-05-21,5283.50,4527.90,799.02,ABERTA | ATRASADA | PAGA,8,2025-09-28,2026-05-31,4062.12,8.88,5.02,5.57,0.6103,2.9432,7.0,13.90
10396.0,PJ,93466766506180,2024-04-24,Salvador,BA,Premium,319.0,13159.23,200522,2025-09-14,Televendas,Antecipação,4310.65,3,0.090300,RECUSADA,Score baixo,0,0,,,0.00,,,,,,0,,,0.00,0.00,0.00,,0,,,0.00,0.00,0.00,0.00,0.0000,0.0000,,0.00
10158.0,PF,82029702135,2025-10-21,Goiânia,GO,MEI,478.0,2718.83,200523,2025-01-01,App,Parcelado,3436.62,9,0.084800,APROVADA,,1,1,2025-01-03,2025-01-03,4662.73,0.0368000000,9.0,ATIVO,App,Parcelado,8,2025-02-02,2025-08-31,4166.38,3522.96,621.68,ABERTA | ATRASADA | PAGA,9,2025-03-09,2025-09-02,3611.52,7.22,9.23,0.00,1.3568,1.7150,2.0,16.45
10070.0,PJ,41318699938677,2025-07-16,Porto Alegre,RS,Mass Market,533.0,33071.43,200524,2025-08-17,Indicação,Parcelado,18294.17,12,0.051100,PENDENTE,,0,0,,,0.00,,,,,,0,,,0.00,0.00,0.00,,0,,,0.00,0.00,0.00,0.00,0.0000,0.0000,,0.00
10446.0,PJ,43866322702672,2025-10-31,Salvador,BA,Premium,453.0,15415.88,200525,2025-05-21,App,Parcelado,15946.22,12,0.017000,APROVADA,,1,1,2025-05-30,2025-05-30,27846.16,0.0794000000,6.0,LIQUIDADO,App,Parcelado,6,2025-06-29,2025-11-26,27933.13,23669.22,4176.90,ABERTA | PAGA,4,2025-08-18,2025-12-16,13404.61,0.00,0.00,0.00,1.7463,1.8063,9.0,0.00
10311.0,PF,18515691545,2024-12-15,Porto Alegre,RS,MEI,455.0,2959.87,200526,2025-09-09,WhatsApp,Antecipação,7980.73,12,0.087400,APROVADA,,1,1,2025-09-21,2025-09-21,19981.41,0.0772000000,18.0,ATIVO,WhatsApp,Antecipação,9,2025-10-21,2026-06-18,19874.43,16984.17,2997.18,ABERTA | ATRASADA | PAGA,7,2025-11-25,2026-07-23,15278.72,84.85,15.94,22.99,2.5037,6.7508,12.0,100.79
10240.0,PJ,71543799371240,2025-02-21,Recife,PE,PME,557.0,26333.79,200527,2025-07-13,App,Parcelado,14393.03,12,0.114300,PENDENTE,,0,0,,,0.00,,,,,,0,,,0.00,0.00,0.00,,0,,,0.00,0.00,0.00,0.00,0.0000,0.0000,,0.00
10425.0,PF,69448695946,2024-05-24,Belo Horizonte,MG,Mass Market,389.0,1328.70,200528,2025-04-18,Indicação,Parcelado,15020.85,12,0.081400,APROVADA,,1,1,2025-04-27,2025-04-27,10650.23,0.0613000000,6.0,ATIVO,Indicação,Parcelado,6,2025-05-27,2025-10-24,10480.27,9052.68,1597.56,PAGA,8,2025-05-27,2025-10-25,10329.11,0.00,0.00,62.13,0.7090,8.0155,9.0,0.00
10444.0,PJ,59428434795527,2024-09-22,Florianópolis,SC,Premium,479.0,12157.55,200529,2025-10-02,Loja Parceira,Antecipação,6252.76,6,0.060700,APROVADA,,1,1,2025-10-12,2025-10-12,6159.17,0.0965000000,6.0,ATIVO,Loja Parceira,Antecipação,6,2025-11-11,2026-04-10,6051.64,5235.30,923.88,ABERTA | ATRASADA | PAGA,5,2026-01-11,2026-04-12,3965.51,38.83,22.59,18.47,0.9850,0.5066,10.0,61.42
10297.0,PF,3521356804,2024-07-04,Florianópolis,SC,Mass Market,618.0,2979.97,200530,2025-09-12,App,Capital de Giro,19736.75,6,0.070100,RECUSADA,Score baixo,0,0,,,0.00,,,,,,0,,,0.00,0.00,0.00,,0,,,0.00,0.00,0.00,0.00,0.0000,0.0000,,0.00
10439.0,PF,37333433339,2024-12-09,São Paulo,SP,MEI,407.0,2992.62,200531,2025-08-11,App,Parcelado,23537.12,12,0.036000,RECUSADA,Score baixo,0,0,,,0.00,,,,,,0,,,0.00,0.00,0.00,,0,,,0.00,0.00,0.00,0.00,0.0000,0.0000,,0.00
10035.0,PJ,25634216073375,2025-12-15,Salvador,BA,Mass Market,450.0,5014.20,200532,2025-07-29,App,Capital de Giro,23848.17,12,0.093800,APROVADA,,1,1,2025-08-10,2025-08-10,8081.26,0.0529000000,9.0,ATIVO,App,Capital de Giro,9,2025-09-09,2026-05-07,7941.68,6869.07,1212.21,ABERTA | ATRASADA | PAGA,8,2025-09-09,2026-05-07,6929.36,4.75,12.67,0.00,0.3389,1.6117,12.0,17.42
10083.0,PF,27484677378,2025-12-02,Belo Horizonte,MG,PME,578.0,6673.50,200533,2025-03-17,App,Parcelado,18272.86,3,0.093400,PENDENTE,,0,0,,,0.00,,,,,,0,,,0.00,0.00,0.00,,0,,,0.00,0.00,0.00,0.00,0.0000,0.0000,,0.00
10451.0,PF,69961125355,2024-02-17,Curitiba,PR,Mass Market,469.0,1635.00,200534,2025-09-07,Indicação,Parcelado,15593.34,9,0.030300,APROVADA,,1,1,2025-09-14,2025-09-14,3392.71,0.0884000000,9.0,ATIVO,Indicação,Parcelado,9,2025-10-14,2026-06-11,3421.62,2883.78,508.95,ABERTA | ATRASADA | PAGA,8,2025-10-15,2026-05-13,2643.97,6.62,2.54,0.00,0.2176,2.0751,7.0,9.16
10373.0,PF,80199488375,2024-01-27,Salvador,BA,Emergente,480.0,1593.54,200535,2025-08-14,App,Parcelado,2299.71,6,0.107200,RECUSADA,Fraude,0,0,,,0.00,,,,,,0,,,0.00,0.00,0.00,,0,,,0.00,0.00,0.00,0.00,0.0000,0.0000,,0.00
10262.0,PF,51713395962,2025-12-15,Recife,PE,Premium,512.0,9674.36,200536,2025-05-03,WhatsApp,Parcelado,8991.02,12,0.043300,APROVADA,,1,1,2025-05-12,2025-05-12,1396.20,0.0934000000,9.0,ATIVO,WhatsApp,Parcelado,9,2025-06-11,2026-02-06,1422.08,1186.74,209.43,ABERTA | ATRASADA | PAGA,6,2025-07-16,2026-02-07,941.74,4.49,2.24,2.64,0.1553,0.1443,9.0,6.73
10309.0,PF,1039308705,2025-08-31,Recife,PE,Mass Market,341.0,1776.72,200537,2025-12-06,Loja Parceira,Parcelado,3251.51,9,0.118100,RECUSADA,Score baixo,0,0,,,0.00,,,,,,0,,,0.00,0.00,0.00,,0,,,0.00,0.00,0.00,0.00,0.0000,0.0000,,0.00
10384.0,PF,20438057198,2025-07-13,Recife,PE,Emergente,585.0,1817.58,200538,2025-07-07,WhatsApp,Capital de Giro,28932.78,12,0.055200,APROVADA,,1,1,2025-07-13,2025-07-13,7306.66,0.0511000000,6.0,ATIVO,WhatsApp,Capital de Giro,6,2025-08-12,2026-01-09,7198.70,6210.66,1096.02,ATRASADA | PAGA,7,2025-08-13,2026-01-10,7129.73,31.20,11.48,0.00,0.2525,4.0200,6.0,42.68
10171.0,PF,78447364710,2025-10-16,Rio de Janeiro,RJ,Emergente,467.0,814.74,200539,2025-11-28,App,Parcelado,4484.86,18,0.033700,APROVADA,,1,1,2025-12-07,2025-12-07,14887.71,0.0491000000,9.0,ATIVO,App,Parcelado,9,2026-01-06,2026-09-03,14737.37,12654.54,2233.17,ABERTA | ATRASADA | PAGA,5,2026-01-26,2026-08-09,8123.26,38.55,20.85,5.74,3.3195,18.2730,9.0,59.40
10375.0,PF,11305548851,2025-09-23,Goiânia,GO,Premium,497.0,5023.30,200540,2025-05-13,App,Parcelado,4977.37,9,0.051900,APROVADA,,1,1,2025-05-25,2025-05-25,3482.11,0.0511000000,12.0,ATIVO,App,Parcelado,12,2025-06-24,2026-05-20,3547.25,2959.80,522.36,ABERTA | ATRASADA | PAGA,7,2025-07-25,2026-06-09,2002.45,9.50,4.45,0.00,0.6996,0.6932,12.0,13.95
10172.0,PF,27677359255,2025-10-15,Rio de Janeiro,RJ,Emergente,591.0,1533.57,200541,2025-01-19,WhatsApp,Consignado,26742.51,24,0.061200,RECUSADA,Fraude,0,0,,,0.00,,,,,,0,,,0.00,0.00,0.00,,0,,,0.00,0.00,0.00,0.00,0.0000,0.0000,,0.00
10361.0,PF,56420873753,2024-04-22,Rio de Janeiro,RJ,Mass Market,379.0,1977.22,200542,2025-05-20,Indicação,Parcelado,28345.88,12,0.022300,APROVADA,,1,1,2025-05-21,2025-05-21,27833.16,0.0182000000,6.0,ATIVO,Indicação,Parcelado,6,2025-06-20,2025-11-17,27599.26,23658.18,4174.98,ATRASADA | PAGA,6,2025-06-22,2025-12-22,27204.44,125.55,70.50,0.00,0.9819,14.0769,1.0,196.05
10046.0,PF,70831727889,2024-10-13,Florianópolis,SC,Mass Market,436.0,3344.68,200543,2025-06-19,App,Parcelado,23091.96,12,0.075700,RECUSADA,Fraude,0,0,,,0.00,,,,,,0,,,0.00,0.00,0.00,,0,,,0.00,0.00,0.00,0.00,0.0000,0.0000,,0.00
10378.0,PJ,27080869782922,2024-02-02,Fortaleza,CE,Mass Market,508.0,12925.17,200544,2025-01-15,App,Antecipação,659.45,18,0.077800,RECUSADA,Fraude,0,0,,,0.00,,,,,,0,,,0.00,0.00,0.00,,0,,,0.00,0.00,0.00,0.00,0.0000,0.0000,,0.00
10140.0,PJ,70653794738347,2025-10-02,São Paulo,SP,Emergente,459.0,3829.13,200545,2025-05-14,Loja Parceira,Consignado,539.71,12,0.092600,APROVADA,,1,1,2025-05-14,2025-05-14,12528.31,0.0367000000,24.0,ATIVO,Loja Parceira,Consignado,12,2025-06-13,2026-05-09,12652.66,10649.04,1879.20,ABERTA | ATRASADA | PAGA,10,2025-06-15,2026-05-19,10467.26,4.84,3.80,0.00,23.2130,3.2718,0.0,8.64
10374.0,PF,50375899757,2024-10-09,Goiânia,GO,PME,468.0,4235.21,200546,2025-08-24,Indicação,Capital de Giro,11653.97,12,0.018100,APROVADA,,1,1,2025-08-28,2025-08-28,5947.21,0.0396000000,24.0,ATIVO,Indicação,Capital de Giro,12,2025-09-27,2026-08-23,5931.13,5055.12,892.08,ABERTA | ATRASADA | PAGA,8,2025-09-29,2026-08-28,3916.01,12.94,4.29,7.02,0.5103,1.4042,4.0,17.23
10405.0,PJ,57775478129142,2025-08-09,São Paulo,SP,Emergente,511.0,6724.90,200547,2025-09-14,App,Capital de Giro,4730.16,12,0.071800,APROVADA,,1,1,2025-09-19,2025-09-19,23286.12,0.1043000000,18.0,ATIVO,App,Capital de Giro,9,2025-10-19,2026-06-16,22853.64,19793.16,3492.90,ABERTA | ATRASADA | PAGA,7,2025-10-24,2026-06-26,17307.72,177.27,90.57,0.00,4.9229,3.4627,5.0,267.84
10117.0,PF,51493689980,2024-05-28,Curitiba,PR,Premium,513.0,8482.10,200548,2025-07-24,App,Antecipação,1042.39,3,0.020600,RECUSADA,Documentação,0,0,,,0.00,,,,,,0,,,0.00,0.00,0.00,,0,,,0.00,0.00,0.00,0.00,0.0000,0.0000,,0.00
10276.0,PJ,40438983640376,2024-12-28,Recife,PE,Premium,785.0,45088.42,200549,2025-10-09,Televendas,Parcelado,14189.97,3,0.088600,APROVADA,,1,1,2025-10-16,2025-10-16,6700.19,0.0150000000,6.0,ATIVO,Televendas,Parcelado,6,2025-11-15,2026-04-14,6560.53,5695.14,1005.00,ABERTA | PAGA,6,2025-11-17,2026-05-19,6558.38,0.00,0.00,0.00,0.4722,0.1486,7.0,0.00
10213.0,PF,70568566246,2024-12-26,Florianópolis,SC,Emergente,353.0,3323.26,200550,2025-02-20,App,Antecipação,28320.33,9,0.020900,APROVADA,,1,1,2025-02-27,2025-02-27,20825.50,0.0984000000,9.0,ATIVO,App,Antecipação,9,2025-03-29,2025-11-24,20799.85,17701.65,3123.81,ABERTA | PAGA,5,2025-04-28,2025-12-29,11405.46,0.00,0.00,0.00,0.7354,6.2666,7.0,0.00
10219.0,PJ,78544587717535,2024-01-05,Salvador,BA,Premium,676.0,30610.51,200551,2025-05-02,App,Parcelado,10052.68,9,0.110700,RECUSADA,Renda insuficiente,0,0,,,0.00,,,,,,0,,,0.00,0.00,0.00,,0,,,0.00,0.00,0.00,0.00,0.0000,0.0000,,0.00
10392.0,PF,99305616484,2025-01-23,Rio de Janeiro,RJ,MEI,673.0,10782.73,200552,2025-07-16,Loja Parceira,Consignado,20003.65,9,0.088700,RECUSADA,Renda insuficiente,0,0,,,0.00,,,,,,0,,,0.00,0.00,0.00,,0,,,0.00,0.00,0.00,0.00,0.0000,0.0000,,0.00
10025.0,PJ,8121913619399,2024-01-30,Goiânia,GO,PME,602.0,43447.53,200553,2025-08-25,Indicação,Parcelado,19740.94,6,0.068300,APROVADA,,1,1,2025-08-30,2025-08-30,25106.29,0.0380000000,6.0,LIQUIDADO,Indicação,Parcelado,6,2025-09-29,2026-02-26,24948.40,21340.32,3765.96,ABERTA | PAGA,4,2025-10-01,2026-01-02,16480.15,0.00,0.00,0.00,1.2718,0.5779,5.0,0.00
10008.0,PF,76724238849,2025-10-28,Belo Horizonte,MG,MEI,420.0,3273.91,200554,2025-09-26,App,Capital de Giro,7906.86,18,0.061400,APROVADA,,1,1,2025-10-03,2025-10-03,3549.65,0.0277000000,12.0,ATIVO,App,Capital de Giro,12,2025-11-02,2026-09-28,3505.65,3017.16,532.44,ABERTA | PAGA,7,2026-02-05,2026-08-01,1724.49,0.00,0.00,0.00,0.4489,1.0842,7.0,0.00
10270.0,PJ,24241541520643,2025-09-10,Curitiba,PR,Emergente,551.0,5221.76,200555,2025-10-01,Loja Parceira,Parcelado,19687.54,18,0.028700,RECUSADA,Política,0,0,,,0.00,,,,,,0,,,0.00,0.00,0.00,,0,,,0.00,0.00,0.00,0.00,0.0000,0.0000,,0.00
10009.0,PF,69653287101,2024-09-19,Rio de Janeiro,RJ,MEI,533.0,2056.94,200556,2025-11-14,Loja Parceira,Capital de Giro,6763.85,24,0.045600,PENDENTE,,0,0,,,0.00,,,,,,0,,,0.00,0.00,0.00,,0,,,0.00,0.00,0.00,0.00,0.0000,0.0000,,0.00
10471.0,PJ,71950052812735,2024-02-18,São Paulo,SP,Premium,738.0,38016.48,200557,2025-09-13,Loja Parceira,Parcelado,4099.22,12,0.106200,RECUSADA,Fraude,0,0,,,0.00,,,,,,0,,,0.00,0.00,0.00,,0,,,0.00,0.00,0.00,0.00,0.0000,0.0000,,0.00
10377.0,PF,35160917798,2024-08-15,Belo Horizonte,MG,Mass Market,410.0,9264.76,200558,2025-10-02,Loja Parceira,Antecipação,21190.81,18,0.110000,RECUSADA,Documentação,0,0,,,0.00,,,,,,0,,,0.00,0.00,0.00,,0,,,0.00,0.00,0.00,0.00,0.0000,0.0000,,0.00
10120.0,PJ,45991022901476,2025-11-27,Recife,PE,Mass Market,391.0,5328.40,200559,2025-10-04,Loja Parceira,Antecipação,3846.50,18,0.015100,APROVADA,,1,1,2025-10-10,2025-10-10,14283.62,0.0731000000,24.0,ATIVO,Loja Parceira,Antecipação,12,2025-11-09,2026-10-05,14141.16,12141.12,2142.60,ABERTA | ATRASADA | PAGA,10,2025-12-10,2026-10-10,9019.28,1.77,17.58,39.48,3.7134,2.6807,6.0,19.35
10124.0,PF,83885160607,2025-09-24,Belo Horizonte,MG,Emergente,573.0,1714.51,200560,2025-04-27,App,Parcelado,29908.82,12,0.077400,APROVADA,,1,1,2025-05-08,2025-05-08,21241.27,0.0340000000,12.0,ATIVO,App,Parcelado,12,2025-06-07,2026-05-03,20942.56,18055.08,3186.24,ABERTA | PAGA,10,2025-06-08,2026-05-03,15486.86,0.00,0.00,37.51,0.7102,12.3891,11.0,0.00
10169.0,PF,18299229959,2024-01-19,Goiânia,GO,Mass Market,553.0,2872.55,200561,2025-11-23,Loja Parceira,Antecipação,5911.85,9,0.090500,APROVADA,,0,0,,,0.00,,,,,,0,,,0.00,0.00,0.00,,0,,,0.00,0.00,0.00,0.00,0.0000,0.0000,,0.00
10071.0,PF,49649909133,2025-04-24,Florianópolis,SC,PME,409.0,9738.54,200562,2025-07-03,Loja Parceira,Antecipação,18027.18,24,0.080000,APROVADA,,1,1,2025-07-06,2025-07-06,16505.16,0.0751000000,6.0,ATIVO,Loja Parceira,Antecipação,6,2025-08-05,2026-01-02,16529.63,14029.38,2475.78,ABERTA | PAGA,3,2025-11-13,2026-02-06,7852.14,0.00,0.00,0.00,0.9156,1.6948,3.0,0.00
10151.0,PF,5153195205,2025-10-07,São Paulo,SP,Premium,747.0,19272.59,200563,2025-06-03,Loja Parceira,Capital de Giro,12635.55,12,0.023600,RECUSADA,Fraude,0,0,,,0.00,,,,,,0,,,0.00,0.00,0.00,,0,,,0.00,0.00,0.00,0.00,0.0000,0.0000,,0.00
10207.0,PF,28682300478,2025-07-12,Porto Alegre,RS,PME,417.0,3381.84,200564,2025-01-20,Televendas,Parcelado,4228.40,12,0.037900,APROVADA,,1,1,2025-02-01,2025-02-01,5725.08,0.0205000000,18.0,ATIVO,Televendas,Parcelado,9,2025-03-03,2025-10-29,5653.60,4866.30,858.78,ABERTA | ATRASADA | PAGA,7,2025-04-07,2025-10-30,3757.04,7.85,11.31,0.00,1.3540,1.6929,12.0,19.16
10048.0,PF,34873471434,2025-06-16,Goiânia,GO,Premium,706.0,16827.39,200565,2025-05-16,App,Parcelado,1321.40,6,0.041300,APROVADA,,1,1,2025-05-19,2025-05-19,20019.95,0.0975000000,3.0,LIQUIDADO,App,Parcelado,3,2025-06-18,2025-08-17,19778.46,17016.96,3003.00,ABERTA | PAGA,3,2025-07-23,2025-08-19,12752.02,0.00,0.00,0.00,15.1506,1.1897,3.0,0.00
10153.0,PF,30305486874,2024-07-27,São Paulo,SP,PME,398.0,2322.57,200566,2025-06-14,Televendas,Parcelado,18870.60,6,0.102300,PENDENTE,,0,0,,,0.00,,,,,,0,,,0.00,0.00,0.00,,0,,,0.00,0.00,0.00,0.00,0.0000,0.0000,,0.00
10346.0,PF,75842824172,2024-07-17,Belo Horizonte,MG,Premium,465.0,4092.51,200567,2025-07-02,Televendas,Parcelado,24299.35,18,0.063600,APROVADA,,1,1,2025-07-02,2025-07-02,11012.82,0.0511000000,18.0,ATIVO,Televendas,Parcelado,9,2025-08-01,2026-03-29,11113.06,9360.90,1651.95,ABERTA | ATRASADA | PAGA,8,2025-08-21,2026-03-29,8419.01,14.50,10.34,11.79,0.4532,2.6910,0.0,24.84
10292.0,PJ,83670241038657,2024-09-12,Recife,PE,Premium,314.0,13816.93,200568,2025-10-29,App,Consignado,25339.46,12,0.066100,APROVADA,,1,1,2025-11-04,2025-11-04,20687.70,0.0536000000,12.0,ATIVO,App,Consignado,12,2025-12-04,2026-10-30,20601.52,17584.56,3103.20,ABERTA | ATRASADA | PAGA,13,2025-12-05,2026-11-01,16927.74,31.85,10.75,19.38,0.8164,1.4973,6.0,42.60
10067.0,PJ,13435240824008,2025-10-25,Rio de Janeiro,RJ,MEI,397.0,8179.71,200569,2025-06-21,Loja Parceira,Parcelado,14740.05,9,0.113200,APROVADA,,1,1,2025-06-25,2025-06-25,28939.60,0.0878000000,6.0,ATIVO,Loja Parceira,Parcelado,6,2025-07-25,2025-12-22,28607.88,24598.68,4340.94,ABERTA | PAGA,5,2025-08-04,2026-01-26,23275.85,0.00,0.00,0.00,1.9633,3.5380,4.0,0.00
10049.0,PF,55812236231,2025-01-15,Rio de Janeiro,RJ,Mass Market,510.0,3530.83,200570,2025-07-13,App,Antecipação,23434.94,6,0.081900,RECUSADA,Fraude,0,0,,,0.00,,,,,,0,,,0.00,0.00,0.00,,0,,,0.00,0.00,0.00,0.00,0.0000,0.0000,,0.00
10151.0,PF,5153195205,2025-10-07,São Paulo,SP,Premium,747.0,19272.59,200571,2025-10-28,App,Parcelado,20348.99,12,0.109400,RECUSADA,Score baixo,0,0,,,0.00,,,,,,0,,,0.00,0.00,0.00,,0,,,0.00,0.00,0.00,0.00,0.0000,0.0000,,0.00
10018.0,PF,73829973763,2024-12-19,Recife,PE,Premium,391.0,5074.58,200572,2025-11-24,App,Parcelado,21865.51,12,0.062900,APROVADA,,1,1,2025-12-01,2025-12-01,15393.81,0.0983000000,6.0,ATIVO,App,Parcelado,6,2025-12-31,2026-05-30,15523.10,13084.74,2309.10,ABERTA | ATRASADA | PAGA,5,2026-01-20,2026-07-04,10130.29,61.28,29.78,46.64,0.7040,3.0335,7.0,91.06
10099.0,PF,47451712368,2024-01-20,Goiânia,GO,MEI,625.0,2999.60,200573,2025-06-14,App,Antecipação,15031.67,6,0.030700,APROVADA,,1,1,2025-06-16,2025-06-16,29788.51,0.1085000000,9.0,LIQUIDADO,App,Antecipação,9,2025-07-16,2026-03-13,29656.05,25320.24,4468.32,ABERTA | PAGA,7,2025-08-05,2026-03-18,19342.51,0.00,0.00,0.00,1.9817,9.9308,2.0,0.00
10059.0,PF,6716572628,2024-04-06,Belo Horizonte,MG,PME,684.0,12007.73,200574,2025-05-15,App,Antecipação,19185.65,18,0.112600,RECUSADA,Política,0,0,,,0.00,,,,,,0,,,0.00,0.00,0.00,,0,,,0.00,0.00,0.00,0.00,0.0000,0.0000,,0.00
10166.0,PF,17785289226,2025-02-02,Rio de Janeiro,RJ,MEI,541.0,4897.59,200575,2025-09-03,Televendas,Parcelado,24263.01,6,0.063200,RECUSADA,Fraude,0,0,,,0.00,,,,,,0,,,0.00,0.00,0.00,,0,,,0.00,0.00,0.00,0.00,0.0000,0.0000,,0.00
10201.0,PF,91878519108,2025-12-02,Florianópolis,SC,MEI,620.0,7164.43,200576,2025-09-10,App,Parcelado,12237.58,9,0.034100,PENDENTE,,0,0,,,0.00,,,,,,0,,,0.00,0.00,0.00,,0,,,0.00,0.00,0.00,0.00,0.0000,0.0000,,0.00
10344.0,PF,28309652074,2025-09-18,Curitiba,PR,Mass Market,478.0,1468.28,200577,2025-12-23,Televendas,Parcelado,24276.38,18,0.046800,RECUSADA,Política,0,0,,,0.00,,,,,,0,,,0.00,0.00,0.00,,0,,,0.00,0.00,0.00,0.00,0.0000,0.0000,,0.00
10145.0,PF,30515220472,2024-01-29,Fortaleza,CE,Emergente,312.0,800.00,200578,2025-11-18,Loja Parceira,Parcelado,17964.50,9,0.020300,RECUSADA,Política,0,0,,,0.00,,,,,,0,,,0.00,0.00,0.00,,0,,,0.00,0.00,0.00,0.00,0.0000,0.0000,,0.00
10402.0,PF,41397552314,2025-02-05,Porto Alegre,RS,Emergente,315.0,800.00,200579,2025-03-10,Televendas,Parcelado,5394.08,18,0.064200,APROVADA,,1,1,2025-03-17,2025-03-17,21494.62,0.0272000000,12.0,ATIVO,Televendas,Parcelado,12,2025-04-16,2026-03-12,21560.73,18270.48,3224.16,ABERTA | ATRASADA | PAGA,10,2025-04-17,2026-03-22,14253.10,31.68,19.58,0.00,3.9849,26.8683,7.0,51.26
10163.0,PF,18844225831,2024-05-11,Recife,PE,Mass Market,395.0,1589.62,200580,2025-11-18,Loja Parceira,Parcelado,1228.18,18,0.104600,APROVADA,,1,1,2025-11-24,2025-11-24,26628.21,0.0529000000,6.0,ATIVO,Loja Parceira,Parcelado,6,2025-12-24,2026-05-23,26505.74,22633.98,3994.26,ABERTA | ATRASADA | PAGA,5,2026-02-27,2026-05-25,21849.56,85.50,155.78,0.00,21.6810,16.7513,6.0,241.28
10457.0,PF,29979688457,2025-02-23,São Paulo,SP,Mass Market,499.0,4558.04,200581,2025-02-01,App,Parcelado,11201.23,18,0.113000,APROVADA,,1,1,2025-02-08,2025-02-08,12484.35,0.0714000000,12.0,LIQUIDADO,App,Parcelado,12,2025-03-10,2026-02-03,12628.08,10611.72,1872.60,ABERTA | PAGA,11,2025-03-15,2026-02-04,9402.48,0.00,0.00,21.94,1.1146,2.7390,7.0,0.00
10480.0,PF,48014138113,2025-05-03,Rio de Janeiro,RJ,Mass Market,577.0,6658.31,200582,2025-05-23,WhatsApp,Capital de Giro,16627.54,6,0.112900,RECUSADA,Renda insuficiente,0,0,,,0.00,,,,,,0,,,0.00,0.00,0.00,,0,,,0.00,0.00,0.00,0.00,0.0000,0.0000,,0.00
10438.0,PF,51827553942,2025-07-13,Recife,PE,Mass Market,455.0,4447.58,200583,2025-03-07,App,Parcelado,25274.70,6,0.028100,RECUSADA,Score baixo,0,0,,,0.00,,,,,,0,,,0.00,0.00,0.00,,0,,,0.00,0.00,0.00,0.00,0.0000,0.0000,,0.00
10241.0,PJ,65965756924593,2025-02-14,Goiânia,GO,Mass Market,481.0,7616.61,200584,2025-12-15,Loja Parceira,Parcelado,4260.83,9,0.055100,APROVADA,,1,1,2025-12-19,2025-12-19,2144.61,0.0671000000,18.0,ATIVO,Loja Parceira,Parcelado,9,2026-01-18,2026-09-15,2131.40,1822.95,321.66,ABERTA | ATRASADA | PAGA,8,2026-01-19,2026-09-17,1886.91,6.83,0.54,0.00,0.5033,0.2816,4.0,7.37
10068.0,PF,42710947775,2024-11-09,Belo Horizonte,MG,Mass Market,457.0,1862.46,200585,2025-01-29,Indicação,Parcelado,24106.09,12,0.018000,APROVADA,,1,1,2025-02-05,2025-02-05,10244.08,0.0154000000,6.0,ATIVO,Indicação,Parcelado,6,2025-03-07,2025-08-04,10288.42,8707.44,1536.60,ABERTA | PAGA,6,2025-04-11,2025-08-09,8251.04,0.00,0.00,0.00,0.4250,5.5003,7.0,0.00
10174.0,PF,47321046963,2024-03-06,Salvador,BA,Emergente,417.0,1019.65,200586,2025-03-01,App,Capital de Giro,25958.77,18,0.104800,APROVADA,,1,1,2025-03-05,2025-03-05,3775.53,0.1003000000,12.0,ATIVO,App,Capital de Giro,12,2025-04-04,2026-02-28,3783.13,3209.16,566.28,ABERTA | ATRASADA | PAGA,11,2025-04-09,2026-01-30,2787.17,6.09,5.50,10.96,0.1454,3.7028,4.0,11.59
10048.0,PF,34873471434,2025-06-16,Goiânia,GO,Premium,706.0,16827.39,200587,2025-02-10,App,Antecipação,4945.28,18,0.052700,PENDENTE,,0,0,,,0.00,,,,,,0,,,0.00,0.00,0.00,,0,,,0.00,0.00,0.00,0.00,0.0000,0.0000,,0.00
10482.0,PF,19576122868,2025-06-03,Goiânia,GO,MEI,549.0,4288.27,200588,2025-02-23,WhatsApp,Parcelado,25622.03,18,0.081300,RECUSADA,Fraude,0,0,,,0.00,,,,,,0,,,0.00,0.00,0.00,,0,,,0.00,0.00,0.00,0.00,0.0000,0.0000,,0.00
10107.0,PJ,93352904228421,2024-10-09,Belo Horizonte,MG,Mass Market,476.0,27589.69,200589,2025-02-24,Televendas,Antecipação,29747.88,24,0.090100,RECUSADA,Score baixo,0,0,,,0.00,,,,,,0,,,0.00,0.00,0.00,,0,,,0.00,0.00,0.00,0.00,0.0000,0.0000,,0.00
10225.0,PF,70088600848,2024-05-14,Florianópolis,SC,MEI,546.0,4014.42,200590,2025-03-16,WhatsApp,Parcelado,21941.75,18,0.060100,RECUSADA,Renda insuficiente,0,0,,,0.00,,,,,,0,,,0.00,0.00,0.00,,0,,,0.00,0.00,0.00,0.00,0.0000,0.0000,,0.00
10160.0,PF,92856543102,2025-04-16,Recife,PE,PME,345.0,4167.82,200591,2025-12-13,App,Parcelado,23650.71,9,0.047200,PENDENTE,,0,0,,,0.00,,,,,,0,,,0.00,0.00,0.00,,0,,,0.00,0.00,0.00,0.00,0.0000,0.0000,,0.00
10118.0,PJ,94024455022961,2024-05-29,Recife,PE,MEI,386.0,5418.39,200592,2025-01-09,WhatsApp,Parcelado,29835.25,9,0.116000,RECUSADA,Renda insuficiente,0,0,,,0.00,,,,,,0,,,0.00,0.00,0.00,,0,,,0.00,0.00,0.00,0.00,0.0000,0.0000,,0.00
10148.0,PF,71179808932,2025-12-03,São Paulo,SP,PME,325.0,4067.45,200593,2025-06-01,App,Parcelado,18361.70,18,0.116300,RECUSADA,Política,0,0,,,0.00,,,,,,0,,,0.00,0.00,0.00,,0,,,0.00,0.00,0.00,0.00,0.0000,0.0000,,0.00
10464.0,PJ,20802144270312,2024-08-08,Rio de Janeiro,RJ,Mass Market,372.0,5977.99,200594,2025-09-06,WhatsApp,Capital de Giro,9582.65,6,0.045400,APROVADA,,1,1,2025-09-12,2025-09-12,24312.72,0.0655000000,12.0,LIQUIDADO,WhatsApp,Capital de Giro,12,2025-10-12,2026-09-07,24445.83,20665.80,3646.92,ABERTA | ATRASADA | PAGA,10,2025-10-12,2026-09-09,16073.48,50.92,5.69,0.00,2.5372,4.0670,6.0,56.61
10149.0,PF,46095396218,2024-05-18,Goiânia,GO,MEI,538.0,4646.76,200595,2025-12-06,Indicação,Antecipação,25207.16,6,0.065400,APROVADA,,1,1,2025-12-13,2025-12-13,24990.68,0.0916000000,18.0,ATIVO,Indicação,Antecipação,9,2026-01-12,2026-09-09,25126.20,21242.07,3748.59,ABERTA | PAGA,8,2026-01-22,2026-09-14,13537.44,0.00,0.00,19.13,0.9914,5.3781,7.0,0.00
10431.0,PJ,30988392053021,2025-02-18,Porto Alegre,RS,Premium,694.0,19743.38,200596,2025-06-22,WhatsApp,Parcelado,18627.33,12,0.117100,APROVADA,,1,1,2025-07-03,2025-07-03,16979.36,0.0156000000,12.0,ATIVO,WhatsApp,Parcelado,12,2025-08-02,2026-06-28,16955.39,14432.40,2546.88,ABERTA | ATRASADA | PAGA,10,2025-08-04,2026-06-28,12610.67,40.21,23.66,0.00,0.9115,0.8600,11.0,63.87
10292.0,PJ,83670241038657,2024-09-12,Recife,PE,Premium,314.0,13816.93,200597,2025-06-02,Televendas,Capital de Giro,17645.26,18,0.015500,APROVADA,,1,1,2025-06-13,2025-06-13,19709.72,0.0695000000,12.0,ATIVO,Televendas,Capital de Giro,12,2025-07-13,2026-06-08,19393.19,16753.32,2956.44,ABERTA | ATRASADA | PAGA,9,2025-07-23,2026-06-08,14135.11,13.27,17.81,0.00,1.1170,1.4265,11.0,31.08
10142.0,PF,39240758181,2024-06-28,Fortaleza,CE,MEI,331.0,3172.02,200598,2025-09-26,App,Capital de Giro,7982.25,6,0.058300,PENDENTE,,0,0,,,0.00,,,,,,0,,,0.00,0.00,0.00,,0,,,0.00,0.00,0.00,0.00,0.0000,0.0000,,0.00
10418.0,PF,97723692929,2025-05-29,Goiânia,GO,Premium,474.0,4501.61,200599,2025-01-08,WhatsApp,Parcelado,22811.86,18,0.025500,APROVADA,,1,1,2025-01-19,2025-01-19,27897.52,0.0853000000,18.0,ATIVO,WhatsApp,Parcelado,9,2025-02-18,2025-10-16,27790.15,23712.93,4184.64,ABERTA | ATRASADA | PAGA,8,2025-02-18,2025-10-16,21112.13,87.52,76.83,12.07,1.2229,6.1972,11.0,164.35
10475.0,PJ,8620959351863,2025-12-16,Curitiba,PR,MEI,597.0,20816.44,200600,2025-03-10,Televendas,Parcelado,2909.18,18,0.068500,RECUSADA,Documentação,0,0,,,0.00,,,,,,0,,,0.00,0.00,0.00,,0,,,0.00,0.00,0.00,0.00,0.0000,0.0000,,0.00
10454.0,PF,80068114921,2025-09-09,Recife,PE,Emergente,482.0,1141.51,200601,2025-01-09,App,Parcelado,27766.47,12,0.017600,APROVADA,,1,1,2025-01-17,2025-01-17,13502.59,0.1040000000,12.0,ATIVO,App,Parcelado,12,2025-02-16,2026-01-12,13367.77,11477.16,2025.36,ABERTA | ATRASADA | PAGA,9,2025-02-18,2026-01-14,8731.75,21.33,14.87,13.44,0.4863,11.8287,8.0,36.20
10159.0,PF,56909275571,2024-12-04,Salvador,BA,Premium,453.0,7070.23,200602,2025-10-19,Televendas,Parcelado,10111.79,3,0.057700,APROVADA,,1,1,2025-10-28,2025-10-28,12027.21,0.1078000000,18.0,LIQUIDADO,Televendas,Parcelado,9,2025-11-27,2026-07-25,11934.34,10223.10,1804.05,ABERTA | ATRASADA | PAGA,7,2025-12-27,2026-07-27,6437.55,27.35,21.57,0.00,1.1894,1.7011,9.0,48.92
10010.0,PF,22691669784,2024-03-19,Florianópolis,SC,PME,716.0,8096.89,200603,2025-10-31,App,Parcelado,4269.35,6,0.038200,PENDENTE,,0,0,,,0.00,,,,,,0,,,0.00,0.00,0.00,,0,,,0.00,0.00,0.00,0.00,0.0000,0.0000,,0.00
10137.0,PF,65281685054,2024-01-29,Fortaleza,CE,Mass Market,331.0,1840.02,200604,2025-07-09,WhatsApp,Parcelado,13549.81,18,0.071000,APROVADA,,1,1,2025-07-21,2025-07-21,1165.20,0.0146000000,9.0,ATIVO,WhatsApp,Parcelado,9,2025-08-20,2026-04-17,1176.55,990.45,174.78,ABERTA | ATRASADA | PAGA,6,2025-09-21,2026-04-18,774.13,5.61,2.96,0.19,0.0860,0.6333,12.0,8.57
10456.0,PF,5577848728,2024-09-11,Salvador,BA,Premium,375.0,4047.97,200605,2025-05-03,Televendas,Parcelado,1752.86,18,0.119600,APROVADA,,1,1,2025-05-15,2025-05-15,22995.85,0.0888000000,12.0,ATIVO,Televendas,Parcelado,12,2025-06-14,2026-05-10,23240.85,19546.44,3449.40,ABERTA | PAGA,14,2025-06-24,2026-05-30,20949.37,0.00,0.00,100.95,13.1190,5.6808,12.0,0.00
10077.0,PF,49027874296,2024-05-14,Belo Horizonte,MG,PME,599.0,6142.59,200606,2025-07-30,WhatsApp,Capital de Giro,20696.47,24,0.099100,APROVADA,,0,0,,,0.00,,,,,,0,,,0.00,0.00,0.00,,0,,,0.00,0.00,0.00,0.00,0.0000,0.0000,,0.00
10076.0,PJ,71906594013990,2025-06-09,Florianópolis,SC,Emergente,437.0,5028.15,200607,2025-08-27,App,Capital de Giro,27129.81,12,0.103800,RECUSADA,Documentação,0,0,,,0.00,,,,,,0,,,0.00,0.00,0.00,,0,,,0.00,0.00,0.00,0.00,0.0000,0.0000,,0.00
10440.0,PF,52111790807,2025-11-22,São Paulo,SP,MEI,471.0,3220.90,200608,2025-10-14,Loja Parceira,Consignado,25199.26,6,0.081700,APROVADA,,1,1,2025-10-25,2025-10-25,18341.65,0.0313000000,12.0,ATIVO,Loja Parceira,Consignado,12,2025-11-24,2026-10-20,18483.03,15590.40,2751.24,ABERTA | ATRASADA | PAGA,9,2025-11-25,2026-09-25,11951.78,31.08,25.70,0.00,0.7279,5.6946,11.0,56.78
10253.0,PF,25537147859,2024-12-09,São Paulo,SP,PME,510.0,5544.04,200609,2025-06-26,Loja Parceira,Parcelado,4257.40,6,0.019400,RECUSADA,Documentação,0,0,,,0.00,,,,,,0,,,0.00,0.00,0.00,,0,,,0.00,0.00,0.00,0.00,0.0000,0.0000,,0.00
10408.0,PJ,39427881658039,2024-08-15,Rio de Janeiro,RJ,MEI,645.0,25117.05,200610,2025-08-31,Indicação,Antecipação,4225.00,18,0.036700,RECUSADA,Renda insuficiente,0,0,,,0.00,,,,,,0,,,0.00,0.00,0.00,,0,,,0.00,0.00,0.00,0.00,0.0000,0.0000,,0.00
10257.0,PF,27422579050,2024-10-29,Curitiba,PR,PME,382.0,3929.65,200611,2025-07-12,App,Antecipação,24496.32,6,0.112100,RECUSADA,Política,0,0,,,0.00,,,,,,0,,,0.00,0.00,0.00,,0,,,0.00,0.00,0.00,0.00,0.0000,0.0000,,0.00
10319.0,PF,97062962015,2024-12-03,Belo Horizonte,MG,MEI,497.0,2467.22,200612,2025-07-19,App,Capital de Giro,27765.50,9,0.053400,RECUSADA,Documentação,0,0,,,0.00,,,,,,0,,,0.00,0.00,0.00,,0,,,0.00,0.00,0.00,0.00,0.0000,0.0000,,0.00
10290.0,PF,37597383206,2024-10-29,Recife,PE,Emergente,415.0,904.10,200613,2025-06-16,WhatsApp,Parcelado,14089.76,12,0.025900,APROVADA,,1,1,2025-06-21,2025-06-21,1492.67,0.0910000000,6.0,LIQUIDADO,WhatsApp,Parcelado,6,2025-07-21,2025-12-18,1482.68,1268.76,223.92,PAGA,7,2025-07-31,2025-12-28,1447.44,0.00,0.00,0.46,0.1059,1.6510,5.0,0.00
10262.0,PF,51713395962,2025-12-15,Recife,PE,Premium,512.0,9674.36,200614,2025-07-26,App,Antecipação,15219.65,3,0.088800,APROVADA,,1,1,2025-07-31,2025-07-31,20010.13,0.0278000000,6.0,ATIVO,App,Antecipação,6,2025-08-30,2026-01-27,19844.27,17008.62,3001.50,ABERTA | ATRASADA | PAGA,5,2025-11-08,2026-01-27,13142.55,51.49,51.33,0.00,1.3148,2.0684,5.0,102.82
10084.0,PF,26398214658,2024-08-09,Belo Horizonte,MG,Mass Market,530.0,2868.33,200615,2025-11-23,Loja Parceira,Parcelado,9888.73,6,0.046400,RECUSADA,Score baixo,0,0,,,0.00,,,,,,0,,,0.00,0.00,0.00,,0,,,0.00,0.00,0.00,0.00,0.0000,0.0000,,0.00
10145.0,PF,30515220472,2024-01-29,Fortaleza,CE,Emergente,312.0,800.00,200616,2025-04-22,Loja Parceira,Parcelado,26880.82,12,0.043200,APROVADA,,1,1,2025-04-26,2025-04-26,656.77,0.0936000000,6.0,ATIVO,Loja Parceira,Parcelado,6,2025-05-26,2025-10-23,650.24,558.24,98.52,ABERTA | ATRASADA | PAGA,4,2025-09-03,2025-10-23,320.28,1.48,0.04,0.00,0.0244,0.8210,4.0,1.52
10322.0,PF,97310324171,2024-02-10,Recife,PE,Emergente,417.0,813.22,200617,2025-10-15,Televendas,Parcelado,19524.64,9,0.119800,APROVADA,,1,1,2025-10-16,2025-10-16,25379.51,0.0428000000,12.0,LIQUIDADO,Televendas,Parcelado,11,2025-11-15,2026-10-11,23556.86,19774.92,3489.64,ABERTA | ATRASADA | PAGA,7,2025-11-20,2026-10-12,14739.97,95.10,24.20,0.00,1.2999,31.2087,1.0,119.30
10041.0,PF,82366299468,2025-12-23,Rio de Janeiro,RJ,Emergente,353.0,1044.25,200618,2025-03-24,Loja Parceira,Capital de Giro,9003.42,6,0.105100,APROVADA,,1,1,2025-03-31,2025-03-31,10065.40,0.0373000000,24.0,ATIVO,Loja Parceira,Capital de Giro,12,2025-04-30,2026-03-26,10031.93,8555.64,1509.84,ABERTA | ATRASADA | PAGA,12,2025-06-01,2026-04-15,7469.30,8.09,3.42,15.87,1.1180,9.6389,7.0,11.51
10373.0,PF,80199488375,2024-01-27,Salvador,BA,Emergente,480.0,1593.54,200619,2025-05-16,Loja Parceira,Parcelado,9314.09,18,0.057800,RECUSADA,Score baixo,0,0,,,0.00,,,,,,0,,,0.00,0.00,0.00,,0,,,0.00,0.00,0.00,0.00,0.0000,0.0000,,0.00
10124.0,PF,83885160607,2025-09-24,Belo Horizonte,MG,Emergente,573.0,1714.51,200620,2025-04-15,App,Consignado,26790.40,18,0.117900,APROVADA,,1,1,2025-04-27,2025-04-27,10178.06,0.0731000000,12.0,LIQUIDADO,App,Consignado,12,2025-05-27,2026-04-22,10081.67,8651.40,1526.76,ABERTA | ATRASADA | PAGA,8,2025-07-01,2026-05-02,5781.70,24.73,10.47,0.00,0.3799,5.9364,12.0,35.20
10166.0,PF,17785289226,2025-02-02,Rio de Janeiro,RJ,MEI,541.0,4897.59,200621,2025-11-04,App,Capital de Giro,902.20,6,0.083300,APROVADA,,1,1,2025-11-07,2025-11-07,10550.22,0.0829000000,12.0,ATIVO,App,Capital de Giro,12,2025-12-07,2026-11-02,10530.29,8967.72,1582.56,ABERTA | ATRASADA | PAGA,7,2026-01-08,2026-11-07,6109.07,2.75,2.36,0.00,11.6939,2.1542,3.0,5.11
10424.0,PF,81806356512,2024-08-30,Porto Alegre,RS,MEI,406.0,3016.32,200622,2025-02-23,App,Parcelado,10020.43,18,0.092900,RECUSADA,Score baixo,0,0,,,0.00,,,,,,0,,,0.00,0.00,0.00,,0,,,0.00,0.00,0.00,0.00,0.0000,0.0000,,0.00
10240.0,PJ,71543799371240,2025-02-21,Recife,PE,PME,557.0,26333.79,200623,2025-04-14,App,Consignado,16853.52,9,0.018300,RECUSADA,Política,0,0,,,0.00,,,,,,0,,,0.00,0.00,0.00,,0,,,0.00,0.00,0.00,0.00,0.0000,0.0000,,0.00
10458.0,PF,83174564240,2025-01-05,Salvador,BA,Mass Market,444.0,1239.82,200624,2025-12-15,Loja Parceira,Parcelado,4872.42,12,0.027800,APROVADA,,1,1,2025-12-22,2025-12-22,15588.69,0.0242000000,12.0,ATIVO,Loja Parceira,Parcelado,12,2026-01-21,2026-12-17,15634.49,13250.40,2338.32,ABERTA | ATRASADA | PAGA,10,2026-01-23,2026-12-17,12954.06,64.46,49.70,0.00,3.1994,12.5733,7.0,114.16
10486.0,PF,35048889921,2024-08-25,Salvador,BA,MEI,699.0,4715.82,200625,2025-08-14,WhatsApp,Consignado,3216.91,18,0.081500,APROVADA,,1,1,2025-08-24,2025-08-24,11659.08,0.0641000000,3.0,ATIVO,WhatsApp,Consignado,3,2025-09-23,2025-11-22,11815.34,9910.23,1748.85,ABERTA | PAGA,2,2025-11-23,2025-12-27,4036.20,0.00,0.00,0.00,3.6243,2.4723,10.0,0.00
10279.0,PJ,43006848666188,2025-08-12,Rio de Janeiro,RJ,Mass Market,551.0,15790.16,200626,2025-02-28,Loja Parceira,Parcelado,24550.65,18,0.109400,RECUSADA,Fraude,0,0,,,0.00,,,,,,0,,,0.00,0.00,0.00,,0,,,0.00,0.00,0.00,0.00,0.0000,0.0000,,0.00
10187.0,PF,27858549733,2025-03-22,Curitiba,PR,Premium,850.0,9628.57,200627,2025-07-14,Televendas,Parcelado,26884.93,18,0.080500,PENDENTE,,0,0,,,0.00,,,,,,0,,,0.00,0.00,0.00,,0,,,0.00,0.00,0.00,0.00,0.0000,0.0000,,0.00
10301.0,PF,7029667066,2025-07-13,Curitiba,PR,Premium,623.0,11756.08,200628,2025-03-08,Indicação,Antecipação,24796.39,6,0.029100,RECUSADA,Renda insuficiente,0,0,,,0.00,,,,,,0,,,0.00,0.00,0.00,,0,,,0.00,0.00,0.00,0.00,0.0000,0.0000,,0.00
10018.0,PF,73829973763,2024-12-19,Recife,PE,Premium,391.0,5074.58,200629,2025-03-05,Televendas,Capital de Giro,27014.24,3,0.027200,APROVADA,,1,1,2025-03-13,2025-03-13,4487.90,0.0610000000,6.0,ATIVO,Televendas,Capital de Giro,6,2025-04-12,2025-09-09,4498.00,3814.74,673.20,ABERTA | ATRASADA | PAGA,3,2025-07-31,2025-09-09,2223.72,8.82,19.78,0.00,0.1661,0.8844,8.0,28.60
10067.0,PJ,13435240824008,2025-10-25,Rio de Janeiro,RJ,MEI,397.0,8179.71,200630,2025-09-15,WhatsApp,Antecipação,16816.80,24,0.103600,APROVADA,,1,1,2025-09-27,2025-09-27,25850.32,0.0481000000,9.0,ATIVO,WhatsApp,Antecipação,9,2025-10-27,2026-06-24,26357.36,21972.78,3877.56,ABERTA | PAGA,1,2025-12-26,2025-12-26,3004.11,0.00,0.00,29.17,1.5372,3.1603,12.0,0.00
10217.0,PF,39837354033,2024-11-18,Curitiba,PR,Emergente,625.0,2588.91,200631,2025-11-26,Loja Parceira,Consignado,24461.61,9,0.029600,RECUSADA,Renda insuficiente,0,0,,,0.00,,,,,,0,,,0.00,0.00,0.00,,0,,,0.00,0.00,0.00,0.00,0.0000,0.0000,,0.00
10101.0,PF,65137098593,2025-07-23,São Paulo,SP,Emergente,584.0,1400.00,200632,2025-10-17,App,Antecipação,11829.26,9,0.069600,RECUSADA,Renda insuficiente,0,0,,,0.00,,,,,,0,,,0.00,0.00,0.00,,0,,,0.00,0.00,0.00,0.00,0.0000,0.0000,,0.00
10041.0,PF,82366299468,2025-12-23,Rio de Janeiro,RJ,Emergente,353.0,1044.25,200633,2025-02-28,App,Capital de Giro,20154.90,18,0.018900,APROVADA,,1,1,2025-03-02,2025-03-02,2820.53,0.0452000000,12.0,ATIVO,App,Capital de Giro,12,2025-04-01,2026-02-25,2833.78,2397.48,423.12,ABERTA | PAGA,9,2025-04-06,2026-04-01,2103.07,0.00,0.00,0.00,0.1399,2.7010,2.0,0.00
10287.0,PF,63536541951,2025-06-22,Rio de Janeiro,RJ,Emergente,318.0,1139.05,200634,2025-02-12,App,Antecipação,29670.65,18,0.023500,APROVADA,,1,1,2025-02-19,2025-02-19,2350.30,0.0474000000,12.0,ATIVO,App,Antecipação,12,2025-03-21,2026-02-14,2352.64,1997.76,352.56,ABERTA | ATRASADA | PAGA,10,2025-04-10,2026-03-06,1757.54,2.66,5.29,0.00,0.0792,2.0634,7.0,7.95
10166.0,PF,17785289226,2025-02-02,Rio de Janeiro,RJ,MEI,541.0,4897.59,200635,2025-12-28,Indicação,Capital de Giro,7158.97,24,0.085600,RECUSADA,Política,0,0,,,0.00,,,,,,0,,,0.00,0.00,0.00,,0,,,0.00,0.00,0.00,0.00,0.0000,0.0000,,0.00
10108.0,PF,2053950240,2024-12-11,Porto Alegre,RS,Premium,610.0,13342.27,200636,2025-07-29,Televendas,Parcelado,12002.04,9,0.087400,APROVADA,,1,1,2025-07-29,2025-07-29,28808.97,0.0504000000,12.0,ATIVO,Televendas,Parcelado,12,2025-08-28,2026-07-24,29020.37,24487.68,4321.32,ABERTA | PAGA,8,2025-09-29,2026-07-25,14257.45,0.00,0.00,0.00,2.4003,2.1592,0.0,0.00
10493.0,PF,41686227837,2025-03-11,Salvador,BA,PME,699.0,5367.90,200637,2025-06-10,App,Antecipação,14661.40,18,0.050900,APROVADA,,1,1,2025-06-16,2025-06-16,6722.36,0.0773000000,12.0,ATIVO,App,Antecipação,12,2025-07-16,2026-06-11,6777.51,5714.04,1008.36,ABERTA | ATRASADA | PAGA,11,2025-07-16,2026-05-13,4990.76,16.85,3.73,0.00,0.4585,1.2523,6.0,20.58
10035.0,PJ,25634216073375,2025-12-15,Salvador,BA,Mass Market,450.0,5014.20,200638,2025-05-15,Loja Parceira,Parcelado,4571.46,3,0.037600,APROVADA,,1,1,2025-05-18,2025-05-18,15915.90,0.0746000000,12.0,CANCELADO,Loja Parceira,Parcelado,12,2025-06-17,2026-05-13,15841.84,13528.56,2387.40,ABERTA | ATRASADA,2,2025-07-17,2026-03-19,2670.33,21.55,23.19,0.00,3.4816,3.1742,3.0,44.74
10231.0,PF,29396856218,2025-03-16,Curitiba,PR,MEI,519.0,5202.54,200639,2025-03-16,Televendas,Capital de Giro,2890.64,3,0.100400,APROVADA,,0,0,,,0.00,,,,,,0,,,0.00,0.00,0.00,,0,,,0.00,0.00,0.00,0.00,0.0000,0.0000,,0.00
10228.0,PJ,10166687002176,2024-04-16,Porto Alegre,RS,Mass Market,442.0,7847.28,200640,2025-09-15,App,Antecipação,24976.82,12,0.037800,APROVADA,,1,1,2025-09-18,2025-09-18,21080.57,0.1029000000,12.0,ATIVO,App,Antecipação,12,2025-10-18,2026-09-13,21189.15,17918.52,3162.12,ABERTA | ATRASADA | PAGA,12,2025-10-18,2026-09-13,17415.99,40.33,38.51,0.00,0.8440,2.6864,3.0,78.84
10352.0,PF,96666760083,2025-01-18,Porto Alegre,RS,PME,402.0,3881.37,200641,2025-08-31,App,Capital de Giro,29315.43,3,0.071900,RECUSADA,Score baixo,0,0,,,0.00,,,,,,0,,,0.00,0.00,0.00,,0,,,0.00,0.00,0.00,0.00,0.0000,0.0000,,0.00
10163.0,PF,18844225831,2024-05-11,Recife,PE,Mass Market,395.0,1589.62,200642,2025-12-23,Televendas,Capital de Giro,12439.39,9,0.116700,APROVADA,,1,1,2025-12-29,2025-12-29,18427.44,0.0716000000,12.0,ATIVO,Televendas,Capital de Giro,12,2026-01-28,2026-12-24,18518.24,15663.36,2764.08,ABERTA | PAGA,7,2026-03-29,2026-12-29,7696.60,0.00,0.00,8.29,1.4814,11.5924,6.0,0.00
10386.0,PF,43973598933,2024-01-17,Recife,PE,Emergente,529.0,3667.07,200643,2025-02-23,App,Antecipação,3085.67,12,0.030500,APROVADA,,1,1,2025-03-03,2025-03-03,26454.41,0.0692000000,12.0,ATIVO,App,Antecipação,12,2025-04-02,2026-02-26,26362.89,22486.20,3968.16,ABERTA | PAGA,11,2025-04-12,2026-02-28,17068.99,0.00,0.00,4.39,8.5733,7.2140,8.0,0.00
10072.0,PF,41232812067,2025-02-16,Fortaleza,CE,Mass Market,429.0,1751.93,200644,2025-06-13,App,Parcelado,2441.45,9,0.113800,APROVADA,,1,1,2025-06-19,2025-06-19,22963.04,0.0936000000,6.0,LIQUIDADO,App,Parcelado,6,2025-07-19,2025-12-16,22767.28,19518.60,3444.48,ATRASADA | PAGA,6,2025-07-21,2025-12-21,22503.99,73.56,34.60,0.00,9.4055,13.1073,6.0,108.16
10135.0,PF,51518644925,2025-04-13,São Paulo,SP,Premium,715.0,13361.04,200645,2025-12-22,Loja Parceira,Antecipação,26793.89,6,0.034200,APROVADA,,1,1,2025-12-30,2025-12-30,20725.29,0.0331000000,24.0,ATIVO,Loja Parceira,Antecipação,12,2026-01-29,2026-12-25,20521.14,17616.48,3108.84,ABERTA | ATRASADA | PAGA,5,2026-03-02,2026-11-27,8422.95,39.17,28.86,39.43,0.7735,1.5512,8.0,68.03
10352.0,PF,96666760083,2025-01-18,Porto Alegre,RS,PME,402.0,3881.37,200646,2025-07-14,Televendas,Parcelado,14182.52,9,0.074600,APROVADA,,1,1,2025-07-18,2025-07-18,25084.64,0.0465000000,3.0,ATIVO,Televendas,Parcelado,3,2025-08-17,2025-10-16,25285.94,21321.93,3762.69,ABERTA | PAGA,4,2025-08-18,2025-10-21,24899.73,0.00,0.00,55.37,1.7687,6.4628,4.0,0.00
10378.0,PJ,27080869782922,2024-02-02,Fortaleza,CE,Mass Market,508.0,12925.17,200647,2025-02-14,Loja Parceira,Parcelado,9940.81,12,0.054600,APROVADA,,1,1,2025-02-21,2025-02-21,10392.21,0.0161000000,6.0,ATIVO,Loja Parceira,Parcelado,6,2025-03-23,2025-08-20,10316.57,8833.38,1558.86,ABERTA | ATRASADA | PAGA,7,2025-03-23,2025-08-25,8517.61,20.20,20.19,0.00,1.0454,0.8040,7.0,40.39
10069.0,PJ,20471167190229,2025-10-25,São Paulo,SP,Emergente,549.0,4614.81,200648,2025-01-10,App,Parcelado,14555.61,12,0.116300,RECUSADA,Renda insuficiente,0,0,,,0.00,,,,,,0,,,0.00,0.00,0.00,,0,,,0.00,0.00,0.00,0.00,0.0000,0.0000,,0.00
10424.0,PF,81806356512,2024-08-30,Porto Alegre,RS,MEI,406.0,3016.32,200649,2025-12-05,App,Parcelado,9889.97,18,0.043700,APROVADA,,1,1,2025-12-15,2025-12-15,2467.13,0.0563000000,18.0,ATIVO,App,Parcelado,9,2026-01-14,2026-09-11,2448.94,2097.09,370.08,ATRASADA | PAGA,12,2026-01-24,2026-09-16,2398.83,6.10,2.09,2.10,0.2495,0.8179,10.0,8.19
10486.0,PF,35048889921,2024-08-25,Salvador,BA,MEI,699.0,4715.82,200650,2025-10-07,Loja Parceira,Parcelado,14926.56,18,0.057000,APROVADA,,1,1,2025-10-08,2025-10-08,20832.70,0.0532000000,24.0,ATIVO,Loja Parceira,Parcelado,12,2025-11-07,2026-10-03,21092.67,17707.80,3124.92,ABERTA | Aberta | PAGA,10,2025-12-07,2026-10-23,13793.89,0.00,0.00,0.00,1.3957,4.4176,1.0,0.00
10195.0,PF,47887287431,2024-04-28,Recife,PE,Premium,353.0,4877.99,200651,2025-12-11,Loja Parceira,Antecipação,25856.91,12,0.118200,APROVADA,,1,1,2025-12-21,2025-12-21,27094.42,0.0591000000,6.0,ATIVO,Loja Parceira,Antecipação,6,2026-01-20,2026-06-19,27176.22,23030.28,4064.16,ABERTA | ATRASADA | PAGA,4,2026-02-19,2026-06-09,13350.09,103.58,67.24,0.00,1.0479,5.5544,10.0,170.82
10268.0,PF,45458929750,2025-05-30,Recife,PE,Emergente,365.0,2038.53,200652,2025-12-04,WhatsApp,Parcelado,17972.89,18,0.071300,APROVADA,,1,1,2025-12-10,2025-12-10,8354.25,0.0712000000,3.0,ATIVO,WhatsApp,Parcelado,3,2026-01-09,2026-03-10,8415.64,7101.12,1253.13,ABERTA | PAGA,1,2026-03-11,2026-03-11,2676.30,0.00,0.00,0.00,0.4648,4.0982,6.0,0.00
10048.0,PF,34873471434,2025-06-16,Goiânia,GO,Premium,706.0,16827.39,200653,2025-02-26,App,Parcelado,20992.29,6,0.067800,RECUSADA,Política,0,0,,,0.00,,,,,,0,,,0.00,0.00,0.00,,0,,,0.00,0.00,0.00,0.00,0.0000,0.0000,,0.00
10315.0,PF,70433154100,2024-04-23,Fortaleza,CE,PME,499.0,4389.48,200654,2025-12-20,Televendas,Parcelado,11257.78,6,0.042100,APROVADA,,1,1,2025-12-20,2025-12-20,1032.12,0.0506000000,9.0,LIQUIDADO,Televendas,Parcelado,9,2026-01-19,2026-09-16,1019.67,877.32,154.80,ABERTA | ATRASADA | PAGA,7,2026-03-22,2026-10-21,782.28,5.79,1.11,0.00,0.0917,0.2351,0.0,6.90
10129.0,PF,,2025-08-24,Florianópolis,SC,Mass Market,411.0,1020.81,200655,2025-07-18,App,Parcelado,22285.92,18,0.088600,PENDENTE,,0,0,,,0.00,,,,,,0,,,0.00,0.00,0.00,,0,,,0.00,0.00,0.00,0.00,0.0000,0.0000,,0.00
10443.0,PF,18750036915,2024-07-07,Belo Horizonte,MG,PME,513.0,5876.44,200656,2025-07-04,App,Capital de Giro,20165.20,9,0.016500,APROVADA,,1,1,2025-07-09,2025-07-09,546.59,0.0909000000,6.0,CANCELADO,App,Capital de Giro,6,2025-08-08,2026-01-05,544.33,464.58,81.96,ABERTA | ATRASADA,3,2025-09-09,2026-01-05,174.12,1.40,3.20,0.00,0.0271,0.0930,5.0,4.60
10004.0,PF,61849593103,2025-11-20,Florianópolis,SC,MEI,575.0,8898.96,200657,2025-08-24,App,Parcelado,4027.08,24,0.020200,RECUSADA,Política,0,0,,,0.00,,,,,,0,,,0.00,0.00,0.00,,0,,,0.00,0.00,0.00,0.00,0.0000,0.0000,,0.00
10427.0,PJ,49562137213865,2025-08-13,Belo Horizonte,MG,PME,302.0,20064.78,200658,2025-04-18,App,Parcelado,17392.96,12,0.077900,APROVADA,,1,1,2025-04-28,2025-04-28,14883.66,0.0865000000,12.0,ATIVO,App,Parcelado,12,2025-05-28,2026-04-23,14924.85,12651.12,2232.60,ABERTA | PAGA,7,2025-07-02,2026-04-23,8606.08,0.00,0.00,5.05,0.8557,0.7418,10.0,0.00
10026.0,PF,9169985435,2025-11-04,Fortaleza,CE,MEI,555.0,9140.87,200659,2025-11-23,Loja Parceira,Parcelado,8073.93,18,0.050900,RECUSADA,Score baixo,0,0,,,0.00,,,,,,0,,,0.00,0.00,0.00,,0,,,0.00,0.00,0.00,0.00,0.0000,0.0000,,0.00
10159.0,PF,56909275571,2024-12-04,Salvador,BA,Premium,453.0,7070.23,200660,2025-12-19,Loja Parceira,Parcelado,24220.82,12,0.115100,APROVADA,,1,1,2025-12-29,2025-12-29,17226.86,0.0507000000,6.0,ATIVO,Loja Parceira,Parcelado,6,2026-01-28,2026-06-27,17599.91,14642.82,2584.02,PAGA,7,2026-02-17,2026-06-27,17491.87,0.00,0.00,0.00,0.7112,2.4365,10.0,0.00
10148.0,PF,71179808932,2025-12-03,São Paulo,SP,PME,325.0,4067.45,200661,2025-10-02,App,Parcelado,13065.16,12,0.109800,APROVADA,,1,1,2025-10-06,2025-10-06,11020.34,0.0541000000,24.0,ATIVO,App,Parcelado,12,2025-11-05,2026-10-01,10962.73,9367.32,1653.00,ABERTA | ATRASADA | PAGA,8,2025-12-05,2026-08-07,6270.49,26.34,8.25,0.00,0.8435,2.7094,4.0,34.59
10263.0,PF,92330958498,2025-01-21,Goiânia,GO,MEI,565.0,4602.69,200662,2025-12-28,Loja Parceira,Parcelado,29843.18,9,0.089900,RECUSADA,Documentação,0,0,,,0.00,,,,,,0,,,0.00,0.00,0.00,,0,,,0.00,0.00,0.00,0.00,0.0000,0.0000,,0.00
10229.0,PF,59180339740,2024-01-24,Belo Horizonte,MG,Emergente,399.0,1062.55,200663,2025-08-31,App,Capital de Giro,3228.76,18,0.100900,RECUSADA,Renda insuficiente,0,0,,,0.00,,,,,,0,,,0.00,0.00,0.00,,0,,,0.00,0.00,0.00,0.00,0.0000,0.0000,,0.00
10199.0,PJ,17426841459332,2024-08-12,Goiânia,GO,MEI,609.0,27902.53,200664,2025-10-19,WhatsApp,Antecipação,23520.26,12,0.085100,APROVADA,,1,1,2025-10-31,2025-10-31,9001.98,0.0536000000,6.0,ATIVO,WhatsApp,Antecipação,6,2025-11-30,2026-04-29,8873.59,7651.68,1350.30,ABERTA | PAGA,3,2025-11-30,2026-04-29,4343.93,0.00,0.00,1.64,0.3827,0.3226,12.0,0.00
10049.0,PF,55812236231,2025-01-15,Rio de Janeiro,RJ,Mass Market,510.0,3530.83,200665,2025-09-23,Indicação,Parcelado,20374.20,24,0.028200,APROVADA,,1,1,2025-10-05,2025-10-05,22047.21,0.0329000000,3.0,ATIVO,Indicação,Parcelado,3,2025-11-04,2026-01-03,22365.05,18740.13,3307.08,ABERTA | PAGA,2,2025-12-09,2026-01-03,14807.12,0.00,0.00,78.20,1.0821,6.2442,12.0,0.00
10066.0,PF,18233749894,2025-10-18,Porto Alegre,RS,Emergente,523.0,1504.21,200666,2025-12-02,App,Consignado,23141.22,6,0.095400,APROVADA,,1,1,2025-12-05,2025-12-05,29443.37,0.0632000000,3.0,CANCELADO,App,Consignado,3,2026-01-04,2026-03-05,29211.87,25026.87,4416.51,ABERTA | ATRASADA,1,2026-04-09,2026-04-09,10260.90,78.77,11.52,0.00,1.2723,19.5740,3.0,90.29
10299.0,PF,21003236519,2024-08-07,Rio de Janeiro,RJ,PME,525.0,10509.20,200667,2025-05-04,Loja Parceira,Parcelado,9572.13,6,0.037100,RECUSADA,Score baixo,0,0,,,0.00,,,,,,0,,,0.00,0.00,0.00,,0,,,0.00,0.00,0.00,0.00,0.0000,0.0000,,0.00
10380.0,PF,65472269848,2025-09-28,Recife,PE,MEI,302.0,2382.91,200668,2025-02-10,App,Parcelado,15015.61,9,0.049000,APROVADA,,1,1,2025-02-21,2025-02-21,16039.40,0.0151000000,6.0,ATIVO,App,Parcelado,6,2025-03-23,2025-08-20,15559.13,13633.50,2405.88,ABERTA | PAGA,5,2025-03-25,2025-07-23,10175.55,0.00,0.00,0.00,1.0682,6.7310,11.0,0.00
10057.0,PF,4966319314,2025-03-17,São Paulo,SP,Emergente,438.0,2861.86,200669,2025-06-24,App,Consignado,23997.00,12,0.101000,APROVADA,,1,1,2025-06-24,2025-06-24,27930.83,0.0869000000,18.0,ATIVO,App,Consignado,9,2025-07-24,2026-03-21,28095.06,23741.19,4189.59,ABERTA | PAGA,8,2025-07-24,2026-02-20,21394.48,0.00,0.00,0.00,1.1639,9.7597,0.0,0.00
10258.0,PF,72368876767,2024-06-02,Rio de Janeiro,RJ,Emergente,515.0,1326.93,200670,2025-01-15,App,Parcelado,7359.97,24,0.071300,RECUSADA,Documentação,0,0,,,0.00,,,,,,0,,,0.00,0.00,0.00,,0,,,0.00,0.00,0.00,0.00,0.0000,0.0000,,0.00
10341.0,PF,44665743748,2024-03-26,Florianópolis,SC,Mass Market,454.0,4978.75,200671,2025-09-04,WhatsApp,Consignado,7167.98,9,0.105300,RECUSADA,Documentação,0,0,,,0.00,,,,,,0,,,0.00,0.00,0.00,,0,,,0.00,0.00,0.00,0.00,0.0000,0.0000,,0.00
10325.0,PF,15869380686,2025-05-10,Rio de Janeiro,RJ,MEI,795.0,10942.98,200672,2025-02-12,Loja Parceira,Parcelado,16756.00,12,0.037400,RECUSADA,Renda insuficiente,0,0,,,0.00,,,,,,0,,,0.00,0.00,0.00,,0,,,0.00,0.00,0.00,0.00,0.0000,0.0000,,0.00
10129.0,PF,,2025-08-24,Florianópolis,SC,Mass Market,411.0,1020.81,200673,2025-01-10,App,Parcelado,15945.13,9,0.078800,RECUSADA,Política,0,0,,,0.00,,,,,,0,,,0.00,0.00,0.00,,0,,,0.00,0.00,0.00,0.00,0.0000,0.0000,,0.00
10214.0,PF,28733427086,2024-06-07,Porto Alegre,RS,Premium,775.0,2688.82,200674,2025-08-13,Televendas,Parcelado,8826.74,12,0.023800,RECUSADA,Política,0,0,,,0.00,,,,,,0,,,0.00,0.00,0.00,,0,,,0.00,0.00,0.00,0.00,0.0000,0.0000,,0.00
10171.0,PF,78447364710,2025-10-16,Rio de Janeiro,RJ,Emergente,467.0,814.74,200675,2025-03-22,Loja Parceira,Capital de Giro,9293.23,24,0.082500,APROVADA,,1,1,2025-03-27,2025-03-27,26442.21,0.0161000000,18.0,LIQUIDADO,Loja Parceira,Capital de Giro,9,2025-04-26,2025-12-22,26627.57,22475.88,3966.30,ABERTA | PAGA,7,2025-04-28,2025-11-27,17197.25,0.00,0.00,52.01,2.8453,32.4548,5.0,0.00
10257.0,PF,27422579050,2024-10-29,Curitiba,PR,PME,382.0,3929.65,200676,2025-05-11,Televendas,Capital de Giro,8696.43,6,0.095100,APROVADA,,1,1,2025-05-22,2025-05-22,3932.28,0.0786000000,9.0,LIQUIDADO,Televendas,Capital de Giro,9,2025-06-21,2026-02-16,3927.88,3342.42,589.86,ABERTA | ATRASADA | PAGA,9,2025-08-25,2026-03-08,3481.22,2.71,0.66,5.96,0.4522,1.0007,11.0,3.37
10101.0,PF,65137098593,2025-07-23,São Paulo,SP,Emergente,584.0,1400.00,200677,2025-04-29,Loja Parceira,Capital de Giro,23259.61,12,0.076400,RECUSADA,Score baixo,0,0,,,0.00,,,,,,0,,,0.00,0.00,0.00,,0,,,0.00,0.00,0.00,0.00,0.0000,0.0000,,0.00
10208.0,PF,68633752431,2024-01-09,Florianópolis,SC,Emergente,521.0,1453.16,200678,2025-08-10,Loja Parceira,Parcelado,19731.08,24,0.043000,APROVADA,,1,1,2025-08-11,2025-08-11,5311.88,0.0966000000,12.0,ATIVO,Loja Parceira,Parcelado,12,2025-09-10,2026-08-06,5300.83,4515.12,796.80,ABERTA | ATRASADA | PAGA,12,2025-10-11,2026-08-16,4407.16,8.12,7.93,12.27,0.2692,3.6554,1.0,16.05
10290.0,PF,37597383206,2024-10-29,Recife,PE,Emergente,415.0,904.10,200679,2025-03-13,App,Parcelado,25056.31,24,0.018300,PENDENTE,,0,0,,,0.00,,,,,,0,,,0.00,0.00,0.00,,0,,,0.00,0.00,0.00,0.00,0.0000,0.0000,,0.00
10353.0,PF,50583003354,2024-05-07,Curitiba,PR,Emergente,319.0,4605.75,200680,2025-07-11,App,Parcelado,29276.45,12,0.027500,APROVADA,,1,1,2025-07-11,2025-07-11,28602.94,0.0407000000,3.0,ATIVO,App,Parcelado,3,2025-08-10,2025-10-09,28127.18,24312.51,4290.45,ABERTA | PAGA,2,2025-08-30,2025-10-11,18358.83,0.00,0.00,0.00,0.9770,6.2103,0.0,0.00
10470.0,PF,30097925132,2024-12-18,Porto Alegre,RS,MEI,498.0,10053.60,200681,2025-10-12,Indicação,Parcelado,14487.85,12,0.080300,APROVADA,,1,1,2025-10-16,2025-10-16,3515.61,0.0464000000,12.0,ATIVO,Indicação,Parcelado,12,2025-11-15,2026-10-11,3468.28,2988.24,527.40,ABERTA | PAGA,6,2025-11-16,2026-09-16,1429.39,0.00,0.00,2.42,0.2427,0.3497,4.0,0.00
10285.0,PF,92524191380,2024-12-05,Fortaleza,CE,PME,571.0,15705.75,200682,2025-10-07,App,Consignado,2467.47,9,0.113100,PENDENTE,,0,0,,,0.00,,,,,,0,,,0.00,0.00,0.00,,0,,,0.00,0.00,0.00,0.00,0.0000,0.0000,,0.00
10115.0,PJ,15280988516560,2024-06-11,Porto Alegre,RS,MEI,550.0,19731.67,200683,2025-03-13,Indicação,Parcelado,1918.72,12,0.036700,RECUSADA,Renda insuficiente,0,0,,,0.00,,,,,,0,,,0.00,0.00,0.00,,0,,,0.00,0.00,0.00,0.00,0.0000,0.0000,,0.00
10263.0,PF,92330958498,2025-01-21,Goiânia,GO,MEI,565.0,4602.69,200684,2025-01-31,Loja Parceira,Antecipação,9222.12,18,0.092200,APROVADA,,1,1,2025-02-07,2025-02-07,13390.17,0.0452000000,18.0,ATIVO,Loja Parceira,Antecipação,9,2025-03-09,2025-11-04,13377.27,11381.67,2008.53,ABERTA | ATRASADA | PAGA,9,2025-05-10,2025-12-09,10164.98,45.84,30.00,0.00,1.4520,2.9092,7.0,75.84
10149.0,PF,46095396218,2024-05-18,Goiânia,GO,MEI,538.0,4646.76,200685,2025-11-06,App,Antecipação,28010.07,18,0.106000,RECUSADA,Política,0,0,,,0.00,,,,,,0,,,0.00,0.00,0.00,,0,,,0.00,0.00,0.00,0.00,0.0000,0.0000,,0.00
10299.0,PF,21003236519,2024-08-07,Rio de Janeiro,RJ,PME,525.0,10509.20,200686,2025-09-04,App,Parcelado,15934.79,9,0.069700,RECUSADA,Renda insuficiente,0,0,,,0.00,,,,,,0,,,0.00,0.00,0.00,,0,,,0.00,0.00,0.00,0.00,0.0000,0.0000,,0.00
10441.0,PJ,59579472846392,2024-04-14,Porto Alegre,RS,PME,436.0,21035.55,200687,2025-12-15,App,Capital de Giro,8517.70,6,0.085300,APROVADA,,1,1,2025-12-27,2025-12-27,22707.87,0.0957000000,6.0,ATIVO,App,Capital de Giro,6,2026-01-26,2026-06-25,22244.47,19301.70,3406.20,ABERTA | ATRASADA | PAGA,3,2026-04-01,2026-07-05,11089.36,119.36,80.77,0.00,2.6660,1.0795,12.0,200.13
10035.0,PJ,25634216073375,2025-12-15,Salvador,BA,Mass Market,450.0,5014.20,200688,2025-12-22,Indicação,Parcelado,12275.42,9,0.100600,APROVADA,,1,1,2025-12-23,2025-12-23,26945.95,0.0901000000,6.0,CANCELADO,Indicação,Parcelado,6,2026-01-22,2026-06-21,27024.98,22904.04,4041.90,ABERTA | ATRASADA,2,2026-06-23,2026-07-26,4528.97,46.35,9.09,0.00,2.1951,5.3739,1.0,55.44
10452.0,PF,44964759876,2024-03-23,Porto Alegre,RS,Emergente,481.0,2555.72,200689,2025-05-24,App,Parcelado,18158.56,6,0.042400,RECUSADA,Score baixo,0,0,,,0.00,,,,,,0,,,0.00,0.00,0.00,,0,,,0.00,0.00,0.00,0.00,0.0000,0.0000,,0.00
10332.0,PF,46299606530,2024-02-18,Goiânia,GO,PME,498.0,9425.72,200690,2025-06-28,App,Parcelado,19762.01,6,0.046200,RECUSADA,Score baixo,0,0,,,0.00,,,,,,0,,,0.00,0.00,0.00,,0,,,0.00,0.00,0.00,0.00,0.0000,0.0000,,0.00
10476.0,PF,87829456511,2025-02-18,São Paulo,SP,Emergente,446.0,800.00,200691,2025-08-08,App,Capital de Giro,5040.63,12,0.015100,APROVADA,,1,1,2025-08-16,2025-08-16,28979.62,0.0627000000,6.0,ATIVO,App,Capital de Giro,6,2025-09-15,2026-02-12,28706.12,24632.70,4346.94,ABERTA | ATRASADA | PAGA,3,2025-10-15,2026-01-15,14289.35,44.51,8.58,0.00,5.7492,36.2245,8.0,53.09
10286.0,PF,307562208,2025-08-04,Belo Horizonte,MG,Premium,732.0,18797.92,200692,,App,Parcelado,29322.43,6,0.116100,RECUSADA,Renda insuficiente,0,0,,,0.00,,,,,,0,,,0.00,0.00,0.00,,0,,,0.00,0.00,0.00,0.00,0.0000,0.0000,,0.00
10302.0,PF,25324472099,2024-03-24,Fortaleza,CE,Mass Market,465.0,1089.69,200693,2025-01-21,Loja Parceira,Parcelado,16570.78,6,0.111300,RECUSADA,Documentação,0,0,,,0.00,,,,,,0,,,0.00,0.00,0.00,,0,,,0.00,0.00,0.00,0.00,0.0000,0.0000,,0.00
10310.0,PF,93252500292,2025-11-04,Rio de Janeiro,RJ,Emergente,749.0,1941.12,200694,2025-08-31,App,Parcelado,4502.81,12,0.095300,APROVADA,,1,1,2025-09-09,2025-09-09,13005.95,0.0291000000,12.0,ATIVO,App,Parcelado,12,2025-10-09,2026-09-04,12839.70,11055.00,1950.84,ABERTA | PAGA,10,2025-11-08,2026-09-04,8841.33,0.00,0.00,36.93,2.8884,6.7002,9.0,0.00
10207.0,PF,28682300478,2025-07-12,Porto Alegre,RS,PME,417.0,3381.84,200695,2025-05-25,Televendas,Parcelado,26862.24,6,0.023300,RECUSADA,Renda insuficiente,0,0,,,0.00,,,,,,0,,,0.00,0.00,0.00,,0,,,0.00,0.00,0.00,0.00,0.0000,0.0000,,0.00
10105.0,PF,58506431713,2025-04-19,Recife,PE,Premium,731.0,22948.96,200696,2025-09-18,App,Capital de Giro,2701.83,3,0.062000,APROVADA,,1,1,2025-09-23,2025-09-23,10766.80,0.0413000000,24.0,ATIVO,App,Capital de Giro,12,2025-10-23,2026-09-18,10730.69,9151.80,1614.96,ABERTA | PAGA,6,2026-01-26,2026-09-23,5243.35,0.00,0.00,0.00,3.9850,0.4692,5.0,0.00
10445.0,PJ,63655647292931,2024-05-13,São Paulo,SP,MEI,697.0,22058.19,200697,2025-06-05,App,Antecipação,27278.20,9,0.025700,aprovada,,1,1,2025-06-15,2025-06-15,15865.78,0.0876000000,6.0,LIQUIDADO,App,Antecipação,6,2025-07-15,2025-12-12,15863.94,13485.90,2379.84,ABERTA | PAGA,7,2025-07-16,2025-11-13,13196.70,0.00,0.00,0.35,0.5816,0.7193,10.0,0.00
10157.0,PJ,62757059640165,2025-05-18,Porto Alegre,RS,Mass Market,647.0,20210.04,200698,2025-05-21,Loja Parceira,Parcelado,29898.69,6,0.016700,RECUSADA,Renda insuficiente,0,0,,,0.00,,,,,,0,,,0.00,0.00,0.00,,0,,,0.00,0.00,0.00,0.00,0.0000,0.0000,,0.00
10120.0,PJ,45991022901476,2025-11-27,Recife,PE,Mass Market,391.0,5328.40,200699,2025-01-05,App,Parcelado,21162.74,12,0.079700,RECUSADA,Política,0,0,,,0.00,,,,,,0,,,0.00,0.00,0.00,,0,,,0.00,0.00,0.00,0.00,0.0000,0.0000,,0.00
10054.0,PF,64641708053,2025-02-22,Rio de Janeiro,RJ,Mass Market,537.0,3851.11,200700,2025-05-06,Indicação,Capital de Giro,23228.19,6,0.115900,RECUSADA,Documentação,0,0,,,0.00,,,,,,0,,,0.00,0.00,0.00,,0,,,0.00,0.00,0.00,0.00,0.0000,0.0000,,0.00
10399.0,PJ,24508821009968,2025-02-12,Florianópolis,SC,Mass Market,323.0,9273.72,200701,2025-04-23,Loja Parceira,Parcelado,10450.43,18,0.109800,APROVADA,,1,1,2025-04-30,2025-04-30,11055.49,0.1040000000,18.0,ATIVO,Loja Parceira,Parcelado,9,2025-05-30,2026-01-25,11160.32,9397.17,1658.34,ABERTA | PAGA,4,2025-08-03,2026-02-14,3724.93,0.00,0.00,0.00,1.0579,1.1921,7.0,0.00
10011.0,PJ,80184514627048,2024-08-01,Fortaleza,CE,PME,636.0,69901.42,200702,2025-06-12,App,Capital de Giro,28276.52,24,0.088200,APROVADA,,1,1,2025-06-12,2025-06-12,29051.94,0.0607000000,6.0,LIQUIDADO,App,Capital de Giro,6,2025-07-12,2025-12-09,29001.00,24694.14,4357.80,ABERTA | ATRASADA | PAGA,5,2025-07-17,2025-10-11,19169.10,102.24,82.39,0.00,1.0274,0.4156,0.0,184.63
10144.0,PF,50606853615,2025-12-19,Fortaleza,CE,Premium,425.0,4042.25,200703,2025-07-24,Loja Parceira,Parcelado,16126.56,18,0.025100,APROVADA,,1,1,2025-07-25,2025-07-25,27134.86,0.0629000000,6.0,LIQUIDADO,Loja Parceira,Parcelado,6,2025-08-24,2026-01-21,27207.81,23064.66,4070.22,ABERTA | ATRASADA | PAGA,5,2025-08-29,2026-01-26,17837.64,92.94,22.59,0.00,1.6826,6.7128,1.0,115.53
10399.0,PJ,24508821009968,2025-02-12,Florianópolis,SC,Mass Market,323.0,9273.72,200704,2025-03-20,App,Parcelado,22105.46,12,0.043800,APROVADA,,1,1,2025-03-29,2025-03-29,1950.00,0.1044000000,9.0,LIQUIDADO,App,Parcelado,9,2025-04-28,2025-12-24,1966.61,1657.53,292.50,ABERTA | ATRASADA | PAGA,5,2025-04-29,2025-11-26,1112.18,0.56,0.18,0.00,0.0882,0.2103,9.0,0.74
10395.0,PJ,61207501102481,2024-07-18,Porto Alegre,RS,MEI,660.0,19661.50,200705,2025-11-20,App,Parcelado,27761.18,24,0.048600,APROVADA,,1,1,2025-11-24,2025-11-24,5428.14,0.0741000000,9.0,ATIVO,App,Parcelado,9,2025-12-24,2026-08-21,5451.86,4613.94,814.23,ABERTA | PAGA,5,2025-12-29,2026-08-26,3065.73,0.00,0.00,0.67,0.1955,0.2761,4.0,0.00
10135.0,PF,51518644925,2025-04-13,São Paulo,SP,Premium,715.0,13361.04,200706,2025-09-27,Indicação,Parcelado,29267.81,18,0.095100,RECUSADA,Renda insuficiente,0,0,,,0.00,,,,,,0,,,0.00,0.00,0.00,,0,,,0.00,0.00,0.00,0.00,0.0000,0.0000,,0.00
10467.0,PJ,60136730371837,2024-06-23,Rio de Janeiro,RJ,PME,449.0,23940.15,200707,2025-06-01,WhatsApp,Capital de Giro,25079.53,3,0.099200,APROVADA,,1,1,2025-06-04,2025-06-04,11404.47,0.0237000000,24.0,ATIVO,WhatsApp,Capital de Giro,12,2025-07-04,2026-05-30,11460.09,9693.84,1710.72,ABERTA | ATRASADA | PAGA,12,2025-08-13,2026-06-19,9373.46,39.81,10.88,0.00,0.4547,0.4764,3.0,50.69
10002.0,PF,94026542351,2024-07-17,Fortaleza,CE,Premium,365.0,4090.51,200708,2025-06-11,Indicação,Parcelado,9439.02,9,0.055400,RECUSADA,Score baixo,0,0,,,0.00,,,,,,0,,,0.00,0.00,0.00,,0,,,0.00,0.00,0.00,0.00,0.0000,0.0000,,0.00
10143.0,PF,41247826137,2025-01-27,Goiânia,GO,MEI,474.0,2957.17,200709,2025-03-01,Loja Parceira,Antecipação,29013.15,18,0.058900,APROVADA,,1,1,2025-03-04,2025-03-04,15236.70,0.0897000000,24.0,ATIVO,Loja Parceira,Antecipação,12,2025-04-03,2026-02-27,14990.37,12951.24,2285.52,ABERTA | ATRASADA | PAGA,12,2025-04-23,2026-03-19,12191.59,46.02,24.60,40.68,0.5252,5.1525,3.0,70.62
10029.0,PF,54278498084,2025-06-27,São Paulo,SP,Emergente,496.0,3670.65,200710,2025-09-22,Loja Parceira,Antecipação,19029.53,9,0.019700,RECUSADA,Política,0,0,,,0.00,,,,,,0,,,0.00,0.00,0.00,,0,,,0.00,0.00,0.00,0.00,0.0000,0.0000,,0.00
10236.0,PF,12126788861,2024-04-27,Porto Alegre,RS,PME,368.0,2460.69,200711,2025-11-23,App,Parcelado,27953.95,3,0.045400,APROVADA,,1,1,2025-11-30,2025-11-30,28400.65,0.0275000000,24.0,ATIVO,App,Parcelado,12,2025-12-30,2026-11-25,28371.50,24140.52,4260.12,ABERTA | ATRASADA | PAGA,9,2026-01-29,2026-10-31,16375.68,33.56,15.92,36.73,1.0160,11.5417,7.0,49.48
10278.0,PF,96582710910,2024-12-29,Salvador,BA,PME,304.0,3850.78,200712,2025-09-23,App,Antecipação,20445.10,18,0.062400,APROVADA,,1,1,2025-09-28,2025-09-28,11065.27,0.0995000000,18.0,CANCELADO,App,Antecipação,9,2025-10-28,2026-06-25,11137.03,9405.45,1659.78,ABERTA | ATRASADA,5,2025-10-28,2026-06-05,6226.01,74.55,65.82,0.00,0.5412,2.8735,5.0,140.37
10347.0,PF,48251353465,2024-03-04,Goiânia,GO,Mass Market,405.0,1189.91,200713,2025-05-31,Televendas,Parcelado,9563.55,18,0.027300,APROVADA,,1,1,2025-06-11,2025-06-11,2836.00,0.0422000000,12.0,LIQUIDADO,Televendas,Parcelado,12,2025-07-11,2026-06-06,2806.34,2410.56,425.40,ABERTA | ATRASADA | PAGA,11,2025-07-16,2026-06-26,2059.77,5.81,6.59,0.00,0.2965,2.3834,11.0,12.40
10114.0,PF,65452711116,2025-11-24,Salvador,BA,MEI,654.0,12330.60,200714,2025-11-01,App,Parcelado,11415.72,6,0.062600,APROVADA,,1,1,2025-11-10,2025-11-10,16827.96,0.1040000000,24.0,ATIVO,App,Parcelado,12,2025-12-10,2026-11-05,16772.54,14303.76,2524.20,ABERTA | ATRASADA | PAGA,11,2026-01-29,2026-10-11,10926.24,30.74,3.40,50.43,1.4741,1.3647,9.0,34.14
10103.0,PF,13826758692,2025-09-09,São Paulo,SP,PME,621.0,11055.14,200715,2025-08-06,Televendas,Capital de Giro,16738.92,12,0.104600,RECUSADA,Documentação,0,0,,,0.00,,,,,,0,,,0.00,0.00,0.00,,0,,,0.00,0.00,0.00,0.00,0.0000,0.0000,,0.00
10117.0,PF,51493689980,2024-05-28,Curitiba,PR,Premium,513.0,8482.10,200716,2025-02-22,WhatsApp,Parcelado,23805.44,6,0.076000,APROVADA,,1,1,2025-03-05,2025-03-05,28623.07,0.0287000000,24.0,ATIVO,WhatsApp,Parcelado,12,2025-04-04,2026-02-28,28518.23,24329.64,4293.48,ABERTA | ATRASADA | PAGA,9,2025-04-05,2026-03-05,21033.57,85.50,16.65,0.00,1.2024,3.3745,11.0,102.15
10004.0,PF,61849593103,2025-11-20,Florianópolis,SC,MEI,575.0,8898.96,200717,2025-04-21,App,Capital de Giro,9880.49,18,0.023300,RECUSADA,Política,0,0,,,0.00,,,,,,0,,,0.00,0.00,0.00,,0,,,0.00,0.00,0.00,0.00,0.0000,0.0000,,0.00
10467.0,PJ,60136730371837,2024-06-23,Rio de Janeiro,RJ,PME,449.0,23940.15,200718,2025-12-26,Loja Parceira,Parcelado,17602.07,9,0.035100,PENDENTE,,0,0,,,0.00,,,,,,0,,,0.00,0.00,0.00,,0,,,0.00,0.00,0.00,0.00,0.0000,0.0000,,0.00
10359.0,PF,61849926189,2025-08-06,Curitiba,PR,PME,533.0,8772.22,200719,2025-07-11,WhatsApp,Capital de Giro,10695.94,9,0.064800,RECUSADA,Fraude,0,0,,,0.00,,,,,,0,,,0.00,0.00,0.00,,0,,,0.00,0.00,0.00,0.00,0.0000,0.0000,,0.00
10247.0,PJ,10143888993756,2024-08-23,Curitiba,PR,MEI,349.0,6372.81,200720,2025-05-03,App,Antecipação,24565.20,18,0.053000,APROVADA,,1,1,2025-05-11,2025-05-11,27968.05,0.0937000000,24.0,CANCELADO,App,Antecipação,12,2025-06-10,2026-05-06,28384.40,23772.84,4195.20,ABERTA | ATRASADA,7,2025-07-30,2026-03-07,11890.46,41.01,84.10,0.00,1.1385,4.3887,8.0,125.11
10363.0,PF,43744701204,2024-12-18,Curitiba,PR,Emergente,467.0,800.00,200721,2025-12-06,Televendas,Antecipação,14268.48,12,0.052700,PENDENTE,,0,0,,,0.00,,,,,,0,,,0.00,0.00,0.00,,0,,,0.00,0.00,0.00,0.00,0.0000,0.0000,,0.00
10320.0,PF,33688444310,2025-08-17,Florianópolis,SC,Premium,649.0,26683.15,200722,2025-08-04,Loja Parceira,Capital de Giro,2763.32,12,0.070600,APROVADA,,1,1,2025-08-13,2025-08-13,3501.76,0.0832000000,24.0,ATIVO,Loja Parceira,Capital de Giro,12,2025-09-12,2026-08-08,3491.13,2976.48,525.24,ABERTA | PAGA,9,2025-09-14,2026-07-19,2007.08,0.00,0.00,0.46,1.2672,0.1312,9.0,0.00
10120.0,PJ,45991022901476,2025-11-27,Recife,PE,Mass Market,391.0,5328.40,200723,2025-05-17,App,Capital de Giro,5398.55,12,0.076400,APROVADA,,1,1,2025-05-28,2025-05-28,9724.14,0.0391000000,9.0,ATIVO,App,Capital de Giro,9,2025-06-27,2026-02-22,9572.51,8265.51,1458.63,ABERTA | ATRASADA | PAGA,5,2025-08-01,2026-01-24,5168.57,31.54,6.90,0.00,1.8013,1.8250,11.0,38.44
10285.0,PF,92524191380,2024-12-05,Fortaleza,CE,PME,571.0,15705.75,200724,2025-01-03,Loja Parceira,Capital de Giro,2302.59,9,0.098700,RECUSADA,Score baixo,0,0,,,0.00,,,,,,0,,,0.00,0.00,0.00,,0,,,0.00,0.00,0.00,0.00,0.0000,0.0000,,0.00
10148.0,PF,71179808932,2025-12-03,São Paulo,SP,PME,325.0,4067.45,200725,2025-08-21,Indicação,Capital de Giro,15229.44,12,0.050800,RECUSADA,Política,0,0,,,0.00,,,,,,0,,,0.00,0.00,0.00,,0,,,0.00,0.00,0.00,0.00,0.0000,0.0000,,0.00
10083.0,PF,27484677378,2025-12-02,Belo Horizonte,MG,PME,578.0,6673.50,200726,2025-04-10,App,Parcelado,3636.95,6,0.099600,APROVADA,,1,1,2025-04-14,2025-04-14,29364.11,0.0660000000,12.0,ATIVO,App,Parcelado,12,2025-05-14,2026-04-09,29590.61,24959.52,4404.60,ABERTA | ATRASADA | PAGA,11,2025-07-13,2026-04-14,21865.28,175.64,125.82,0.00,8.0738,4.4001,4.0,301.46
10453.0,PJ,22023413261117,2024-12-15,Porto Alegre,RS,MEI,501.0,10101.69,200727,2025-03-05,Televendas,Parcelado,3867.13,9,0.050600,APROVADA,,1,1,2025-03-08,2025-03-08,14458.59,0.0974000000,12.0,ATIVO,Televendas,Parcelado,12,2025-04-07,2026-03-03,14485.60,12289.80,2168.76,ABERTA | ATRASADA | PAGA,9,2025-05-09,2026-02-21,8075.79,47.01,27.37,0.00,3.7388,1.4313,3.0,74.38
10405.0,PJ,57775478129142,2025-08-09,São Paulo,SP,Emergente,511.0,6724.90,200728,2025-06-18,App,Parcelado,28260.92,6,0.020800,APROVADA,,1,1,2025-06-18,2025-06-18,24600.25,0.0617000000,24.0,ATIVO,App,Parcelado,12,2025-07-18,2026-06-13,24441.11,20910.24,3690.00,ABERTA | PAGA,11,2025-07-18,2026-06-15,18078.20,0.00,0.00,4.69,0.8705,3.6581,0.0,0.00
10465.0,PF,7356475705,2024-12-02,Belo Horizonte,MG,Mass Market,451.0,1488.36,200729,2025-07-26,WhatsApp,Consignado,26243.32,18,0.073200,APROVADA,,1,1,2025-07-28,2025-07-28,866.56,0.0945000000,24.0,ATIVO,WhatsApp,Consignado,12,2025-08-27,2026-07-23,879.00,736.56,129.96,ABERTA | ATRASADA | PAGA,11,2025-10-01,2026-08-02,656.38,1.27,1.16,0.00,0.0330,0.5822,2.0,2.43
10455.0,PF,64334722820,2024-07-25,São Paulo,SP,PME,422.0,4390.35,200730,2025-11-30,WhatsApp,Parcelado,13836.55,24,0.076700,APROVADA,,1,1,2025-12-10,2025-12-10,9171.86,0.0842000000,18.0,LIQUIDADO,WhatsApp,Parcelado,9,2026-01-09,2026-09-06,9199.23,7796.07,1375.74,ABERTA | ATRASADA | PAGA,7,2026-01-09,2026-09-07,6021.65,47.24,14.78,6.27,0.6629,2.0891,10.0,62.02
10230.0,PJ,14890250392614,2025-02-26,Curitiba,PR,Mass Market,504.0,12552.97,200731,2025-03-14,App,Parcelado,29581.26,24,0.113100,PENDENTE,,0,0,,,0.00,,,,,,0,,,0.00,0.00,0.00,,0,,,0.00,0.00,0.00,0.00,0.0000,0.0000,,0.00
10287.0,PF,63536541951,2025-06-22,Rio de Janeiro,RJ,Emergente,318.0,1139.05,200732,2025-10-30,App,Parcelado,505.50,12,0.091200,PENDENTE,,0,0,,,0.00,,,,,,0,,,0.00,0.00,0.00,,0,,,0.00,0.00,0.00,0.00,0.0000,0.0000,,0.00
10160.0,PF,92856543102,2025-04-16,Recife,PE,PME,345.0,4167.82,200733,2025-04-16,WhatsApp,Capital de Giro,18612.39,6,0.111400,RECUSADA,Renda insuficiente,0,0,,,0.00,,,,,,0,,,0.00,0.00,0.00,,0,,,0.00,0.00,0.00,0.00,0.0000,0.0000,,0.00
10271.0,PJ,61103712938700,2024-07-08,São Paulo,SP,Mass Market,565.0,34415.69,200734,2025-06-28,Loja Parceira,Capital de Giro,18684.63,12,0.110400,APROVADA,,1,1,2025-07-02,2025-07-02,21526.24,0.0261000000,6.0,ATIVO,Loja Parceira,Capital de Giro,6,2025-08-01,2025-12-29,21585.49,18297.30,3228.96,ABERTA | PAGA,4,2025-08-31,2025-12-29,14197.17,0.00,0.00,56.72,1.1521,0.6255,4.0,0.00
10459.0,PF,8254780774,2024-10-23,Rio de Janeiro,RJ,MEI,410.0,3245.29,200735,2025-10-27,WhatsApp,Parcelado,13994.57,18,0.078500,RECUSADA,Fraude,0,0,,,0.00,,,,,,0,,,0.00,0.00,0.00,,0,,,0.00,0.00,0.00,0.00,0.0000,0.0000,,0.00
10037.0,PF,86850142940,2024-02-15,São Paulo,SP,PME,308.0,12287.61,200736,2025-04-20,App,Parcelado,12209.97,6,0.070400,PENDENTE,,0,0,,,0.00,,,,,,0,,,0.00,0.00,0.00,,0,,,0.00,0.00,0.00,0.00,0.0000,0.0000,,0.00
10499.0,PJ,48792069804204,2024-04-11,Fortaleza,CE,Mass Market,450.0,25725.83,200737,2025-08-02,Televendas,Antecipação,13933.80,24,0.073500,RECUSADA,Fraude,0,0,,,0.00,,,,,,0,,,0.00,0.00,0.00,,0,,,0.00,0.00,0.00,0.00,0.0000,0.0000,,0.00
10225.0,PF,70088600848,2024-05-14,Florianópolis,SC,MEI,546.0,4014.42,200738,2025-06-29,WhatsApp,Parcelado,12741.33,9,0.117700,APROVADA,,1,1,2025-07-05,2025-07-05,16131.91,0.0569000000,6.0,ATIVO,WhatsApp,Parcelado,6,2025-08-04,2026-01-01,16216.89,13712.10,2419.80,ABERTA | ATRASADA | PAGA,2,2025-08-04,2025-10-05,5292.32,41.69,1.02,0.00,1.2661,4.0185,6.0,42.71
10141.0,PF,35977468862,2025-10-02,Goiânia,GO,PME,594.0,6725.42,200739,2025-09-27,Indicação,Parcelado,22049.53,24,0.096200,Pendente,,0,0,,,0.00,,,,,,0,,,0.00,0.00,0.00,,0,,,0.00,0.00,0.00,0.00,0.0000,0.0000,,0.00
10291.0,PF,3850506413,2024-02-03,Porto Alegre,RS,Mass Market,484.0,1412.28,200740,2025-03-23,App,Capital de Giro,4492.99,18,0.026200,APROVADA,,1,1,2025-03-24,2025-03-24,4335.77,0.0349000000,12.0,ATIVO,App,Capital de Giro,12,2025-04-23,2026-03-19,4339.05,3685.44,650.40,ABERTA | ATRASADA | PAGA,8,2025-04-24,2026-03-19,2879.23,0.53,3.46,10.26,0.9650,3.0700,1.0,3.99
10480.0,PF,48014138113,2025-05-03,Rio de Janeiro,RJ,Mass Market,577.0,6658.31,200741,2025-10-16,Loja Parceira,Antecipação,6330.36,18,0.096700,RECUSADA,Renda insuficiente,0,0,,,0.00,,,,,,0,,,0.00,0.00,0.00,,0,,,0.00,0.00,0.00,0.00,0.0000,0.0000,,0.00
10150.0,PJ,51888880670654,2024-11-16,Curitiba,PR,Premium,424.0,15247.41,200742,2025-02-26,Loja Parceira,Parcelado,5825.29,9,0.032900,RECUSADA,Política,0,0,,,0.00,,,,,,0,,,0.00,0.00,0.00,,0,,,0.00,0.00,0.00,0.00,0.0000,0.0000,,0.00
10113.0,PJ,11836736576615,2025-11-06,Salvador,BA,Emergente,428.0,3363.01,200743,2025-04-20,App,Antecipação,8242.88,3,0.062000,RECUSADA,Fraude,0,0,,,0.00,,,,,,0,,,0.00,0.00,0.00,,0,,,0.00,0.00,0.00,0.00,0.0000,0.0000,,0.00
10236.0,PF,12126788861,2024-04-27,Porto Alegre,RS,PME,368.0,2460.69,200744,2025-08-22,Loja Parceira,Antecipação,15995.12,9,0.037100,APROVADA,,1,1,2025-09-03,2025-09-03,20121.05,0.0622000000,9.0,LIQUIDADO,Loja Parceira,Antecipação,9,2025-10-03,2026-05-31,20079.70,17102.88,3018.15,ABERTA | ATRASADA | PAGA,5,2025-10-03,2026-05-21,8803.14,99.63,67.74,0.00,1.2579,8.1770,12.0,167.37
10065.0,PF,85574443135,2025-05-17,Porto Alegre,RS,PME,547.0,5803.40,200745,2025-08-20,App,Parcelado,3780.66,9,0.087400,APROVADA,,1,1,2025-08-21,2025-08-21,3679.87,0.0236000000,18.0,ATIVO,App,Parcelado,9,2025-09-20,2026-05-18,3670.07,3127.86,551.97,ABERTA | ATRASADA | PAGA,10,2025-10-20,2026-05-20,2801.40,11.14,5.83,1.08,0.9733,0.6341,1.0,16.97
10360.0,PF,14117393483,2025-10-22,Belo Horizonte,MG,Emergente,455.0,1128.59,200746,2025-02-15,WhatsApp,Consignado,26110.99,3,0.107100,APROVADA,,1,1,2025-02-19,2025-02-19,3806.91,0.0473000000,9.0,ATIVO,WhatsApp,Consignado,9,2025-03-21,2025-11-16,3781.89,3235.86,571.05,ABERTA | PAGA,5,2025-05-10,2025-12-06,2103.29,0.00,0.00,0.57,0.1458,3.3732,4.0,0.00
10340.0,PF,80072290349,2024-05-16,São Paulo,SP,PME,405.0,4175.04,200747,2025-08-31,Loja Parceira,Antecipação,9272.17,12,0.045500,APROVADA,,1,1,2025-09-12,2025-09-12,9780.16,0.0943000000,12.0,ATIVO,Loja Parceira,Antecipação,12,2025-10-12,2026-09-07,9680.21,8313.12,1467.00,ABERTA | ATRASADA | PAGA,12,2025-10-12,2026-09-12,7136.76,21.08,12.33,0.00,1.0548,2.3425,12.0,33.41
10257.0,PF,27422579050,2024-10-29,Curitiba,PR,PME,382.0,3929.65,200748,2025-04-15,App,Antecipação,5294.87,12,0.023600,APROVADA,,1,1,2025-04-22,2025-04-22,25877.47,0.0594000000,18.0,LIQUIDADO,App,Antecipação,9,2025-05-22,2026-01-17,25451.31,21995.82,3881.61,ABERTA | ATRASADA | PAGA,9,2025-06-11,2026-01-22,22460.85,0.98,6.41,0.00,4.8873,6.5852,7.0,7.39
10474.0,PF,82182744857,2024-11-10,Rio de Janeiro,RJ,PME,565.0,9973.36,200749,2025-03-07,WhatsApp,Capital de Giro,20430.83,12,0.046300,RECUSADA,Renda insuficiente,0,0,,,0.00,,,,,,0,,,0.00,0.00,0.00,,0,,,0.00,0.00,0.00,0.00,0.0000,0.0000,,0.00
10248.0,PJ,79825071461125,2025-10-17,Rio de Janeiro,RJ,MEI,400.0,4543.66,200750,2025-11-27,Loja Parceira,Parcelado,1623.55,12,0.085600,APROVADA,,1,1,2025-12-03,2025-12-03,5091.62,0.1055000000,6.0,CANCELADO,Loja Parceira,Parcelado,6,2026-01-02,2026-06-01,5052.68,4327.86,763.74,ABERTA | ATRASADA,1,2026-02-02,2026-02-02,853.46,10.83,10.09,0.00,3.1361,1.1206,6.0,20.92
10456.0,PF,5577848728,2024-09-11,Salvador,BA,Premium,375.0,4047.97,200751,2025-08-23,App,Parcelado,18789.07,6,0.049500,RECUSADA,Fraude,0,0,,,0.00,,,,,,0,,,0.00,0.00,0.00,,0,,,0.00,0.00,0.00,0.00,0.0000,0.0000,,0.00
10448.0,PF,47175455884,2025-09-20,Curitiba,PR,PME,431.0,3603.19,200752,2025-01-11,Indicação,Parcelado,21096.85,24,0.044200,APROVADA,,1,1,2025-01-14,2025-01-14,10846.75,0.1006000000,12.0,ATIVO,Indicação,Parcelado,12,2025-02-13,2026-01-09,10888.12,9219.72,1626.96,ABERTA | ATRASADA | PAGA,8,2025-03-20,2026-01-09,6438.34,41.16,30.53,0.00,0.5141,3.0103,3.0,71.69
10330.0,PF,86162299911,2025-10-30,Rio de Janeiro,RJ,Mass Market,449.0,2906.28,200753,2025-10-06,Indicação,Parcelado,6840.04,6,0.034400,APROVADA,,1,1,2025-10-10,2025-10-10,2064.85,0.0701000000,3.0,ATIVO,Indicação,Parcelado,3,2025-11-09,2026-01-08,2082.99,1755.12,309.72,ABERTA | PAGA,1,2025-11-09,2025-11-09,722.87,0.00,0.00,0.00,0.3019,0.7105,4.0,0.00
10322.0,PF,97310324171,2024-02-10,Recife,PE,Emergente,417.0,813.22,200754,2025-06-29,Loja Parceira,Parcelado,1737.94,12,0.067200,APROVADA,,1,1,2025-07-06,2025-07-06,9886.53,0.0452000000,18.0,ATIVO,Loja Parceira,Parcelado,9,2025-08-05,2026-04-02,9925.61,8403.57,1483.02,ABERTA | PAGA,6,2025-10-14,2026-04-07,6556.68,0.00,0.00,0.00,5.6886,12.1573,7.0,0.00
10179.0,PF,68784991216,2025-06-19,São Paulo,SP,Premium,709.0,9209.38,200755,2025-12-20,App,Antecipação,11227.54,12,0.044000,RECUSADA,Documentação,0,0,,,0.00,,,,,,0,,,0.00,0.00,0.00,,0,,,0.00,0.00,0.00,0.00,0.0000,0.0000,,0.00
10189.0,PF,84419866524,2025-02-05,Rio de Janeiro,RJ,Mass Market,417.0,1813.25,200756,2025-08-06,WhatsApp,Antecipação,3408.53,18,0.091800,APROVADA,,1,1,2025-08-13,2025-08-13,25173.33,0.0464000000,18.0,LIQUIDADO,WhatsApp,Antecipação,9,2025-09-12,2026-05-10,24781.83,21397.32,3776.04,ABERTA | PAGA,6,2025-10-02,2026-03-31,16487.37,0.00,0.00,0.00,7.3854,13.8830,7.0,0.00
10406.0,PF,83411080996,2025-02-23,Porto Alegre,RS,PME,424.0,2976.52,200757,2025-05-12,Loja Parceira,Capital de Giro,3936.10,6,0.023000,RECUSADA,Renda insuficiente,0,0,,,0.00,,,,,,0,,,0.00,0.00,0.00,,0,,,0.00,0.00,0.00,0.00,0.0000,0.0000,,0.00
10153.0,PF,30305486874,2024-07-27,São Paulo,SP,PME,398.0,2322.57,200758,2025-06-24,App,Antecipação,8000.71,12,0.084700,APROVADA,,1,1,2025-06-28,2025-06-28,6335.82,0.0232000000,12.0,ATIVO,App,Antecipação,12,2025-07-28,2026-06-23,6357.97,5385.48,950.40,ABERTA | ATRASADA | Aberta | PAGA,9,2025-07-28,2026-05-14,3695.28,8.96,5.30,10.27,0.7919,2.7279,4.0,14.26
,,,,,,,,,200759,2025-06-08,Loja Parceira,Antecipação,9216.30,12,0.039900,RECUSADA,Renda insuficiente,0,0,,,0.00,,,,,,0,,,0.00,0.00,0.00,,0,,,0.00,0.00,0.00,0.00,0.0000,,,0.00
10465.0,PF,7356475705,2024-12-02,Belo Horizonte,MG,Mass Market,451.0,1488.36,200760,2025-04-04,Loja Parceira,Parcelado,16134.13,6,0.066400,RECUSADA,Política,0,0,,,0.00,,,,,,0,,,0.00,0.00,0.00,,0,,,0.00,0.00,0.00,0.00,0.0000,0.0000,,0.00
10310.0,PF,93252500292,2025-11-04,Rio de Janeiro,RJ,Emergente,749.0,1941.12,200761,2025-09-07,Loja Parceira,Parcelado,20512.56,12,0.045000,APROVADA,,1,1,2025-09-19,2025-09-19,29556.26,0.0833000000,18.0,ATIVO,Loja Parceira,Parcelado,9,2025-10-19,2026-06-16,29654.85,25122.78,4433.40,ABERTA | ATRASADA | PAGA,8,2025-10-21,2026-04-22,19151.85,120.38,90.42,0.00,1.4409,15.2264,12.0,210.80
10261.0,PJ,85807836134074,2025-02-21,Belo Horizonte,MG,MEI,557.0,22564.79,200762,2025-12-21,App,Parcelado,17986.74,24,0.090900,RECUSADA,Fraude,0,0,,,0.00,,,,,,0,,,0.00,0.00,0.00,,0,,,0.00,0.00,0.00,0.00,0.0000,0.0000,,0.00
10418.0,PF,97723692929,2025-05-29,Goiânia,GO,Premium,474.0,4501.61,200763,2025-10-25,Loja Parceira,Capital de Giro,4876.63,24,0.114300,APROVADA,,1,1,2025-10-29,2025-10-29,12005.47,0.0724000000,24.0,ATIVO,Loja Parceira,Capital de Giro,12,2025-11-28,2026-10-24,12114.65,10204.68,1800.84,ABERTA | PAGA,12,2025-11-28,2026-11-13,7981.27,0.00,0.00,20.82,2.4618,2.6669,4.0,0.00
10405.0,PJ,57775478129142,2025-08-09,São Paulo,SP,Emergente,511.0,6724.90,200764,2025-05-16,Indicação,Parcelado,5576.54,3,0.111300,RECUSADA,Score baixo,0,0,,,0.00,,,,,,0,,,0.00,0.00,0.00,,0,,,0.00,0.00,0.00,0.00,0.0000,0.0000,,0.00
10426.0,PF,36887258874,2025-07-07,Salvador,BA,Premium,622.0,23323.12,200765,2025-09-24,App,Capital de Giro,26423.69,6,0.076300,APROVADA,,1,1,2025-09-28,2025-09-28,6539.06,0.0622000000,6.0,ATIVO,App,Capital de Giro,6,2025-10-28,2026-03-27,6538.09,5558.22,980.88,ABERTA | PAGA,5,2025-11-27,2026-03-29,4287.29,0.00,0.00,15.25,0.2475,0.2804,4.0,0.00
10142.0,PF,39240758181,2024-06-28,Fortaleza,CE,MEI,331.0,3172.02,200766,2025-01-07,WhatsApp,Parcelado,16971.39,9,0.063600,APROVADA,,1,1,2025-01-16,2025-01-16,7637.84,0.0322000000,18.0,LIQUIDADO,WhatsApp,Parcelado,9,2025-02-15,2025-10-13,7608.62,6492.15,1145.70,ABERTA | ATRASADA | PAGA,8,2025-03-18,2025-10-18,5832.48,22.32,2.45,7.91,0.4500,2.4079,9.0,24.77
10341.0,PF,44665743748,2024-03-26,Florianópolis,SC,Mass Market,454.0,4978.75,200767,2025-04-05,Televendas,Capital de Giro,26163.17,9,0.100900,RECUSADA,Política,0,0,,,0.00,,,,,,0,,,0.00,0.00,0.00,,0,,,0.00,0.00,0.00,0.00,0.0000,0.0000,,0.00
10315.0,PF,70433154100,2024-04-23,Fortaleza,CE,PME,499.0,4389.48,200768,2025-07-31,Loja Parceira,Antecipação,11460.62,6,0.086700,RECUSADA,Score baixo,0,0,,,0.00,,,,,,0,,,0.00,0.00,0.00,,0,,,0.00,0.00,0.00,0.00,0.0000,0.0000,,0.00
10100.0,PF,51604817549,2024-02-28,Recife,PE,Premium,524.0,11064.06,200769,2025-02-23,App,Capital de Giro,18624.80,6,0.034300,APROVADA,,1,1,2025-02-28,2025-02-28,16375.04,0.0223000000,9.0,ATIVO,App,Capital de Giro,9,2025-03-30,2025-11-25,16318.68,13918.77,2456.28,ABERTA | ATRASADA | PAGA,8,2025-03-31,2025-10-28,12478.57,40.03,41.25,48.42,0.8792,1.4800,5.0,81.28
10243.0,PF,19398280737,2025-07-01,Florianópolis,SC,PME,505.0,4673.81,200770,2025-06-17,Loja Parceira,Consignado,15948.07,24,0.101200,RECUSADA,Política,0,0,,,0.00,,,,,,0,,,0.00,0.00,0.00,,0,,,0.00,0.00,0.00,0.00,0.0000,0.0000,,0.00
10489.0,PJ,40961055661390,2024-08-12,Salvador,BA,Emergente,481.0,5516.90,200771,2025-09-10,Loja Parceira,Antecipação,9914.14,24,0.060000,APROVADA,,1,1,2025-09-18,2025-09-18,19835.88,0.1035000000,12.0,ATIVO,Loja Parceira,Antecipação,12,2025-10-18,2026-09-13,19821.37,16860.48,2975.40,ABERTA | ATRASADA | PAGA,10,2025-11-19,2026-09-15,14528.59,21.11,24.18,44.38,2.0008,3.5955,8.0,45.29
10011.0,PJ,80184514627048,2024-08-01,Fortaleza,CE,PME,636.0,69901.42,200772,2025-05-11,Televendas,Consignado,14362.50,3,0.034800,APROVADA,,1,1,2025-05-17,2025-05-17,25448.40,0.0669000000,9.0,LIQUIDADO,Televendas,Consignado,9,2025-06-16,2026-02-11,25597.12,21631.14,3817.26,ABERTA | ATRASADA | PAGA,8,2025-08-20,2026-01-17,17008.64,20.27,47.91,39.25,1.7719,0.3641,6.0,68.18
10238.0,PF,66183982622,2025-04-27,Fortaleza,CE,MEI,674.0,8089.38,200773,2025-01-20,Loja Parceira,Consignado,15323.48,9,0.044600,RECUSADA,Política,0,0,,,0.00,,,,,,0,,,0.00,0.00,0.00,,0,,,0.00,0.00,0.00,0.00,0.0000,0.0000,,0.00
10048.0,PF,34873471434,2025-06-16,Goiânia,GO,Premium,706.0,16827.39,200774,2025-05-12,Indicação,Antecipação,6422.74,12,0.043100,APROVADA,,1,1,2025-05-21,2025-05-21,6511.39,0.0914000000,3.0,ATIVO,Indicação,Antecipação,3,2025-06-20,2025-08-19,6471.84,5534.67,976.71,ABERTA,0,,,0.00,0.00,0.00,0.00,1.0138,0.3870,9.0,0.00
10041.0,PF,82366299468,2025-12-23,Rio de Janeiro,RJ,Emergente,353.0,1044.25,200775,2025-08-20,App,Capital de Giro,9792.81,6,0.069500,APROVADA,,1,1,2025-08-21,2025-08-21,13597.65,0.0471000000,6.0,ATIVO,App,Capital de Giro,6,2025-09-20,2026-02-17,13503.23,11557.98,2039.64,PAGA,7,2025-09-20,2026-03-09,13421.93,0.00,0.00,5.65,1.3885,13.0215,1.0,0.00
10165.0,PJ,29114678669125,2025-10-14,Salvador,BA,Mass Market,508.0,11027.46,200776,2025-12-14,App,Parcelado,23846.59,12,0.039600,RECUSADA,Documentação,0,0,,,0.00,,,,,,0,,,0.00,0.00,0.00,,0,,,0.00,0.00,0.00,0.00,0.0000,0.0000,,0.00
10081.0,PF,34824771093,2024-08-20,Belo Horizonte,MG,Emergente,575.0,1716.96,200777,2025-01-18,Loja Parceira,Parcelado,27515.75,12,0.028000,APROVADA,,1,1,2025-01-27,2025-01-27,4567.90,0.0381000000,12.0,CANCELADO,Loja Parceira,Parcelado,12,2025-02-26,2026-01-22,4555.27,3882.72,685.20,ABERTA | ATRASADA,8,2025-03-30,2025-10-26,2654.82,40.53,26.74,0.00,0.1660,2.6605,9.0,67.27
10428.0,PF,89026012796,2024-02-27,Belo Horizonte,MG,Mass Market,422.0,4942.83,200778,2025-04-17,App,Capital de Giro,11113.93,18,0.028000,RECUSADA,Renda insuficiente,0,0,,,0.00,,,,,,0,,,0.00,0.00,0.00,,0,,,0.00,0.00,0.00,0.00,0.0000,0.0000,,0.00
10290.0,PF,37597383206,2024-10-29,Recife,PE,Emergente,415.0,904.10,200779,2025-08-21,App,Parcelado,9555.68,18,0.076200,APROVADA,,1,1,2025-08-28,2025-08-28,25597.97,0.0508000000,12.0,ATIVO,App,Parcelado,12,2025-09-27,2026-08-23,25450.42,21758.28,3839.64,ABERTA | ATRASADA | PAGA,8,2025-10-27,2026-09-27,16662.96,67.27,59.67,8.60,2.6788,28.3132,7.0,126.94
10157.0,PJ,62757059640165,2025-05-18,Porto Alegre,RS,Mass Market,647.0,20210.04,200780,2025-01-28,App,Parcelado,6258.32,12,0.092100,APROVADA,,1,1,2025-02-04,2025-02-04,4185.13,0.0498000000,18.0,LIQUIDADO,App,Parcelado,9,2025-03-06,2025-11-01,4177.20,3557.34,627.75,ABERTA | PAGA,7,2025-03-06,2025-11-02,3164.64,0.00,0.00,1.81,0.6687,0.2071,7.0,0.00
10215.0,PF,68826343517,2025-04-26,Porto Alegre,RS,PME,306.0,3976.56,200781,2025-03-12,App,Consignado,20515.49,12,0.048800,APROVADA,,1,1,2025-03-21,2025-03-21,11326.30,0.0469000000,12.0,CANCELADO,App,Consignado,12,2025-04-20,2026-03-16,11429.47,9627.36,1698.96,ABERTA | ATRASADA,2,2025-06-24,2025-07-19,1785.64,5.01,19.89,0.00,0.5521,2.8483,9.0,24.90
10489.0,PJ,40961055661390,2024-08-12,Salvador,BA,Emergente,481.0,5516.90,200782,2025-08-17,App,Antecipação,10031.44,9,0.018600,RECUSADA,Fraude,0,0,,,0.00,,,,,,0,,,0.00,0.00,0.00,,0,,,0.00,0.00,0.00,0.00,0.0000,0.0000,,0.00
10157.0,PJ,62757059640165,2025-05-18,Porto Alegre,RS,Mass Market,647.0,20210.04,200783,2025-10-06,Indicação,Antecipação,29638.61,12,0.028400,RECUSADA,Fraude,0,0,,,0.00,,,,,,0,,,0.00,0.00,0.00,,0,,,0.00,0.00,0.00,0.00,0.0000,0.0000,,0.00
10461.0,PF,66326634163,2024-03-19,Rio de Janeiro,RJ,MEI,632.0,4549.58,200784,2025-08-06,App,Parcelado,10107.70,12,0.111000,APROVADA,,1,1,2025-08-07,2025-08-07,13145.61,0.0864000000,6.0,ATIVO,App,Parcelado,6,2025-09-06,2026-02-03,13172.11,11173.74,1971.84,ABERTA | PAGA,4,2025-10-11,2026-02-04,8535.80,0.00,0.00,0.00,1.3006,2.8894,1.0,0.00
10133.0,PF,82071518203,2025-02-21,Florianópolis,SC,Mass Market,681.0,1139.72,200785,2025-03-02,WhatsApp,Parcelado,12127.01,6,0.066800,APROVADA,,1,1,2025-03-08,2025-03-08,15937.13,0.0707000000,3.0,LIQUIDADO,WhatsApp,Parcelado,3,2025-04-07,2025-06-06,16490.11,13546.56,2390.58,ABERTA | PAGA,2,2025-04-09,2025-05-09,11106.46,0.00,0.00,0.00,1.3142,13.9834,6.0,0.00
10066.0,PF,18233749894,2025-10-18,Porto Alegre,RS,Emergente,523.0,1504.21,200786,2025-04-28,WhatsApp,Parcelado,18298.36,6,0.062600,PENDENTE,,0,0,,,0.00,,,,,,0,,,0.00,0.00,0.00,,0,,,0.00,0.00,0.00,0.00,0.0000,0.0000,,0.00
10335.0,PF,67850821486,2024-09-04,Curitiba,PR,Emergente,597.0,800.00,200787,2025-04-26,Indicação,Parcelado,24149.69,9,0.019000,APROVADA,,1,1,2025-05-01,2025-05-01,29584.72,0.0143000000,12.0,LIQUIDADO,Indicação,Parcelado,12,2025-05-31,2026-04-26,29354.82,25146.96,4437.72,ABERTA | PAGA,10,2025-08-19,2026-05-31,19094.07,0.00,0.00,3.00,1.2251,36.9809,5.0,0.00
10006.0,PF,34192832764,2025-04-27,Rio de Janeiro,RJ,Premium,460.0,6717.46,200788,2025-11-04,App,Parcelado,14350.80,24,0.091500,RECUSADA,Score baixo,0,0,,,0.00,,,,,,0,,,0.00,0.00,0.00,,0,,,0.00,0.00,0.00,0.00,0.0000,0.0000,,0.00
10435.0,PF,45184894769,2024-03-12,Curitiba,PR,Premium,469.0,6714.33,200789,2025-10-19,Televendas,Parcelado,12968.35,6,0.070400,APROVADA,,1,1,2025-10-20,2025-10-20,28698.17,0.0643000000,3.0,ATIVO,Televendas,Parcelado,3,2025-11-19,2026-01-18,28497.42,24393.45,4304.73,ATRASADA | PAGA,3,2025-12-09,2026-01-18,28508.59,64.73,2.69,0.00,2.2129,4.2742,1.0,67.42
10013.0,PF,57015430391,2024-10-09,Goiânia,GO,Emergente,441.0,1174.08,200790,2025-04-09,Loja Parceira,Consignado,29871.32,9,0.036200,RECUSADA,Score baixo,0,0,,,0.00,,,,,,0,,,0.00,0.00,0.00,,0,,,0.00,0.00,0.00,0.00,0.0000,0.0000,,0.00
10072.0,PF,41232812067,2025-02-16,Fortaleza,CE,Mass Market,429.0,1751.93,200791,2025-09-12,Loja Parceira,Capital de Giro,809.56,9,0.026600,APROVADA,,1,1,2025-09-18,2025-09-18,27156.73,0.0728000000,6.0,ATIVO,Loja Parceira,Capital de Giro,6,2025-10-18,2026-03-17,27335.63,23083.20,4073.52,ABERTA | PAGA,4,2025-10-19,2026-04-06,17800.31,0.00,0.00,83.96,33.5450,15.5010,6.0,0.00
10398.0,PJ,14766072832684,2025-11-30,Florianópolis,SC,MEI,403.0,6176.82,200792,2025-05-12,Loja Parceira,Parcelado,26904.43,12,0.055300,RECUSADA,Fraude,0,0,,,0.00,,,,,,0,,,0.00,0.00,0.00,,0,,,0.00,0.00,0.00,0.00,0.0000,0.0000,,0.00
10404.0,PF,56205336452,2025-11-19,Fortaleza,CE,Emergente,469.0,968.02,200793,2025-07-14,Televendas,Parcelado,4899.65,6,0.102900,RECUSADA,Renda insuficiente,0,0,,,0.00,,,,,,0,,,0.00,0.00,0.00,,0,,,0.00,0.00,0.00,0.00,0.0000,0.0000,,0.00
10162.0,PF,73121727155,2024-12-31,Goiânia,GO,PME,706.0,15316.85,200794,2025-05-08,App,Parcelado,23684.80,24,0.105900,APROVADA,,1,1,2025-05-14,2025-05-14,22071.02,0.0762000000,18.0,CANCELADO,App,Parcelado,9,2025-06-13,2026-02-08,22321.86,18760.41,3310.65,ABERTA | ATRASADA,2,2025-12-15,2025-12-20,5059.34,30.66,16.90,0.00,0.9319,1.4410,6.0,47.56
10065.0,PF,85574443135,2025-05-17,Porto Alegre,RS,PME,547.0,5803.40,200795,2025-02-22,WhatsApp,Parcelado,18728.98,24,0.078300,APROVADA,,1,1,2025-02-23,2025-02-23,22869.93,0.0735000000,9.0,ATIVO,WhatsApp,Parcelado,9,2025-03-25,2025-11-20,22851.78,19439.46,3430.53,ABERTA | PAGA,6,2025-04-29,2025-11-21,14729.71,0.00,0.00,55.89,1.2211,3.9408,1.0,0.00
10346.0,PF,75842824172,2024-07-17,Belo Horizonte,MG,Premium,465.0,4092.51,200796,2025-02-19,Loja Parceira,Consignado,10584.49,12,0.091400,RECUSADA,Score baixo,0,0,,,0.00,,,,,,0,,,0.00,0.00,0.00,,0,,,0.00,0.00,0.00,0.00,0.0000,0.0000,,0.00
10129.0,PF,,2025-08-24,Florianópolis,SC,Mass Market,411.0,1020.81,200797,2025-04-13,WhatsApp,Parcelado,26279.31,12,0.027100,RECUSADA,Fraude,0,0,,,0.00,,,,,,0,,,0.00,0.00,0.00,,0,,,0.00,0.00,0.00,0.00,0.0000,0.0000,,0.00
10418.0,PF,97723692929,2025-05-29,Goiânia,GO,Premium,474.0,4501.61,200798,2025-10-11,Indicação,Parcelado,880.76,3,0.076800,APROVADA,,1,1,2025-10-19,2025-10-19,9851.53,0.0127000000,12.0,LIQUIDADO,Indicação,Parcelado,12,2025-11-18,2026-10-14,9881.55,8373.84,1477.68,ABERTA | ATRASADA | PAGA,10,2025-11-23,2026-11-03,5741.94,10.55,5.98,0.32,11.1853,2.1884,8.0,16.53
10465.0,PF,7356475705,2024-12-02,Belo Horizonte,MG,Mass Market,451.0,1488.36,200799,2025-05-30,App,Parcelado,7187.37,9,0.085000,APROVADA,,1,1,2025-06-09,2025-06-09,10326.07,0.0865000000,18.0,LIQUIDADO,App,Parcelado,9,2025-07-09,2026-03-06,10143.48,8777.16,1548.90,ABERTA | PAGA,8,2025-07-19,2026-03-26,8916.72,0.00,0.00,0.00,1.4367,6.9379,10.0,0.00
10205.0,PF,51801704622,2025-12-02,Belo Horizonte,MG,Emergente,538.0,1150.43,200800,2025-12-02,Indicação,Parcelado,17223.34,18,0.036100,RECUSADA,Score baixo,0,0,,,0.00,,,,,,0,,,0.00,0.00,0.00,,0,,,0.00,0.00,0.00,0.00,0.0000,0.0000,,0.00
10275.0,PF,65234138999,2025-03-24,Fortaleza,CE,Emergente,599.0,1420.74,200801,2025-03-01,App,Capital de Giro,10870.50,3,0.107400,aprovada,,0,0,,,0.00,,,,,,0,,,0.00,0.00,0.00,,0,,,0.00,0.00,0.00,0.00,0.0000,0.0000,,0.00
10465.0,PF,7356475705,2024-12-02,Belo Horizonte,MG,Mass Market,451.0,1488.36,200802,2025-03-21,App,Capital de Giro,18506.14,9,0.035500,RECUSADA,Score baixo,0,0,,,0.00,,,,,,0,,,0.00,0.00,0.00,,0,,,0.00,0.00,0.00,0.00,0.0000,0.0000,,0.00
10255.0,PF,99125134125,2025-09-19,Porto Alegre,RS,MEI,463.0,2182.04,200803,2025-07-03,App,Capital de Giro,1211.25,12,0.047900,APROVADA,,1,1,2025-07-08,2025-07-08,19096.73,0.0794000000,18.0,ATIVO,App,Capital de Giro,9,2025-08-07,2026-04-04,18836.41,16232.22,2864.52,ABERTA | ATRASADA | PAGA,8,2025-08-09,2026-05-09,12283.76,61.98,37.85,0.00,15.7661,8.7518,5.0,99.83
10265.0,PF,32536729466,2025-06-12,Salvador,BA,PME,459.0,4249.28,200804,2025-10-30,App,Parcelado,3935.54,6,0.080200,RECUSADA,Score baixo,0,0,,,0.00,,,,,,0,,,0.00,0.00,0.00,,0,,,0.00,0.00,0.00,0.00,0.0000,0.0000,,0.00
10024.0,PF,98050097882,2025-06-04,Florianópolis,SC,Mass Market,546.0,800.00,200805,2025-10-17,Loja Parceira,Capital de Giro,4249.34,24,0.082000,PENDENTE,,0,0,,,0.00,,,,,,0,,,0.00,0.00,0.00,,0,,,0.00,0.00,0.00,0.00,0.0000,0.0000,,0.00
10449.0,PF,50615939982,2024-08-25,Fortaleza,CE,Premium,392.0,5731.77,200806,2025-07-23,App,Capital de Giro,6083.87,6,0.088400,PENDENTE,,0,0,,,0.00,,,,,,0,,,0.00,0.00,0.00,,0,,,0.00,0.00,0.00,0.00,0.0000,0.0000,,0.00
10280.0,PJ,,2025-10-07,São Paulo,SP,Mass Market,538.0,11045.30,200807,2025-09-09,App,Antecipação,14050.28,18,0.026800,APROVADA,,1,1,2025-09-18,2025-09-18,16070.32,0.0201000000,24.0,ATIVO,App,Antecipação,12,2025-10-18,2026-09-13,16240.59,13659.72,2410.56,ABERTA | PAGA,7,2025-10-18,2026-10-18,9281.86,0.00,0.00,1.73,1.1438,1.4549,9.0,0.00
10252.0,PJ,93796603341918,2024-02-17,São Paulo,SP,PME,504.0,40386.24,200808,2025-12-13,Indicação,Parcelado,22687.80,12,0.104200,RECUSADA,Renda insuficiente,0,0,,,0.00,,,,,,0,,,0.00,0.00,0.00,,0,,,0.00,0.00,0.00,0.00,0.0000,0.0000,,0.00
10309.0,PF,1039308705,2025-08-31,Recife,PE,Mass Market,341.0,1776.72,200809,2025-11-04,Televendas,Parcelado,27213.40,18,0.070900,APROVADA,,1,1,2025-11-10,2025-11-10,3907.78,0.0141000000,6.0,LIQUIDADO,Televendas,Parcelado,6,2025-12-10,2026-05-09,3853.08,3321.60,586.14,ABERTA | ATRASADA | PAGA,4,2026-01-10,2026-05-11,2508.52,13.41,8.47,0.00,0.1436,2.1994,6.0,21.88
10288.0,PF,80238061744,2024-05-31,Rio de Janeiro,RJ,Premium,701.0,20396.06,200810,2025-09-17,Televendas,Capital de Giro,25143.49,9,0.064500,RECUSADA,Documentação,0,0,,,0.00,,,,,,0,,,0.00,0.00,0.00,,0,,,0.00,0.00,0.00,0.00,0.0000,0.0000,,0.00
10163.0,PF,18844225831,2024-05-11,Recife,PE,Mass Market,395.0,1589.62,200811,2025-09-13,Televendas,Capital de Giro,6308.19,12,0.118000,APROVADA,,1,1,2025-09-21,2025-09-21,27147.38,0.0601000000,9.0,ATIVO,Televendas,Capital de Giro,9,2025-10-21,2026-06-18,27283.25,23075.28,4072.14, ATRASADA  | ABERTA | PAGA,6,2025-10-22,2026-06-23,18037.09,37.24,31.44,0.00,4.3035,17.0779,8.0,68.68
10094.0,PJ,17594647436713,2025-03-26,Goiânia,GO,MEI,539.0,5881.22,200812,2025-10-20,WhatsApp,Parcelado,13513.94,18,0.092700,APROVADA,,1,1,2025-10-21,2025-10-21,24236.93,0.0961000000,6.0,ATIVO,WhatsApp,Parcelado,6,2025-11-20,2026-04-19,24263.62,20601.42,3635.52,ABERTA | PAGA,4,2025-12-22,2026-02-20,11807.14,0.00,0.00,55.47,1.7935,4.1211,1.0,0.00
10269.0,PF,1701277063,2024-11-07,Belo Horizonte,MG,Premium,357.0,4275.24,200813,2025-06-01,App,Parcelado,6382.64,12,0.027400,PENDENTE,,0,0,,,0.00,,,,,,0,,,0.00,0.00,0.00,,0,,,0.00,0.00,0.00,0.00,0.0000,0.0000,,0.00
10320.0,PF,33688444310,2025-08-17,Florianópolis,SC,Premium,649.0,26683.15,200814,2025-11-30,App,Parcelado,8301.92,9,0.094400, RECUSADA ,,0,0,,,0.00,,,,,,0,,,0.00,0.00,0.00,,0,,,0.00,0.00,0.00,0.00,0.0000,0.0000,,0.00
10109.0,PF,26811775891,2024-04-29,Florianópolis,SC,Premium,636.0,15573.12,200815,2025-02-12,WhatsApp,Antecipação,15354.64,12,0.025000,RECUSADA,Renda insuficiente,0,0,,,0.00,,,,,,0,,,0.00,0.00,0.00,,0,,,0.00,0.00,0.00,0.00,0.0000,0.0000,,0.00
10335.0,PF,67850821486,2024-09-04,Curitiba,PR,Emergente,597.0,800.00,200816,2025-02-17,App,Parcelado,2509.22,18,0.017900,RECUSADA,Score baixo,0,0,,,0.00,,,,,,0,,,0.00,0.00,0.00,,0,,,0.00,0.00,0.00,0.00,0.0000,0.0000,,0.00
10309.0,PF,1039308705,2025-08-31,Recife,PE,Mass Market,341.0,1776.72,200817,2025-01-07,WhatsApp,Consignado,6936.14,12,0.057400,RECUSADA,Score baixo,0,0,,,0.00,,,,,,0,,,0.00,0.00,0.00,,0,,,0.00,0.00,0.00,0.00,0.0000,0.0000,,0.00
10237.0,PF,1581995604,2024-07-26,Rio de Janeiro,RJ,Emergente,464.0,1141.14,200818,2025-05-07,App,Parcelado,28093.66,24,0.119300,APROVADA,,1,1,2025-05-12,2025-05-12,28437.69,0.0540000000,3.0,ATIVO,App,Parcelado,3,2025-06-11,2025-08-10,28114.59,24172.05,4265.64,PAGA,3,2025-06-16,2025-08-10,27630.35,0.00,0.00,164.01,1.0122,24.9204,5.0,0.00
10380.0,PF,65472269848,2025-09-28,Recife,PE,MEI,302.0,2382.91,200819,2025-09-09,App,Consignado,14250.43,9,0.033400,APROVADA,,1,1,2025-09-10,2025-09-10,16368.63,0.0767000000,18.0,ATIVO,App,Consignado,9,2025-10-10,2026-06-07,16265.33,13913.37,2455.29,ABERTA | ATRASADA | PAGA,7,2025-12-11,2026-06-07,12482.14,49.21,34.22,0.00,1.1486,6.8692,1.0,83.43
10435.0,PF,45184894769,2024-03-12,Curitiba,PR,Premium,469.0,6714.33,200820,2025-02-20,Loja Parceira,Antecipação,13638.90,12,0.085600,RECUSADA,Score baixo,0,0,,,0.00,,,,,,0,,,0.00,0.00,0.00,,0,,,0.00,0.00,0.00,0.00,0.0000,0.0000,,0.00
10386.0,PF,43973598933,2024-01-17,Recife,PE,Emergente,529.0,3667.07,200821,2025-06-10,Loja Parceira,Parcelado,929.73,18,0.033200,APROVADA,,1,1,2025-06-20,2025-06-20,16625.46,0.0795000000,12.0,ATIVO,Loja Parceira,Parcelado,12,2025-07-20,2026-06-15,16512.15,14131.68,2493.84,ABERTA | PAGA,10,2025-07-25,2026-06-17,12026.35,0.00,0.00,51.14,17.8820,4.5337,10.0,0.00
10482.0,PF,19576122868,2025-06-03,Goiânia,GO,MEI,549.0,4288.27,200822,2025-12-26,Loja Parceira,Antecipação,7798.29,18,0.091100,APROVADA,,1,1,2025-12-28,2025-12-28,22156.20,0.0219000000,12.0,LIQUIDADO,Loja Parceira,Antecipação,12,2026-01-27,2026-12-23,22159.60,18832.80,3323.40,ABERTA | ATRASADA | PAGA,12,2026-01-28,2026-12-13,14497.91,41.04,36.49,0.00,2.8412,5.1667,2.0,77.53
10424.0,PF,81806356512,2024-08-30,Porto Alegre,RS,MEI,406.0,3016.32,200823,2025-07-10,WhatsApp,Parcelado,26055.63,24,0.068100,APROVADA,,1,1,2025-07-19,2025-07-19,22235.75,0.0633000000,12.0,ATIVO,WhatsApp,Parcelado,12,2025-08-18,2026-07-14,22124.50,18900.36,3335.40,ABERTA | PAGA,7,2025-08-23,2026-07-16,12671.06,0.00,0.00,26.50,0.8534,7.3718,9.0,0.00
10389.0,PJ,90947985158328,2024-06-02,Goiânia,GO,PME,672.0,38131.37,200824,2025-12-20,App,Consignado,5356.54,24,0.086400,APROVADA,,1,1,2025-12-23,2025-12-23,23643.83,0.0229000000,12.0,ATIVO,App,Consignado,12,2026-01-22,2026-12-18,23619.78,20097.24,3546.60,ABERTA | ATRASADA | PAGA,11,2026-01-23,2026-12-28,21274.02,7.61,7.49,0.00,4.4140,0.6201,3.0,15.10
10024.0,PF,98050097882,2025-06-04,Florianópolis,SC,Mass Market,546.0,800.00,200825,2025-03-04,App,Capital de Giro,12746.19,12,0.036300,RECUSADA,Renda insuficiente,0,0,,,0.00,,,,,,0,,,0.00,0.00,0.00,,0,,,0.00,0.00,0.00,0.00,0.0000,0.0000,,0.00
10140.0,PJ,70653794738347,2025-10-02,São Paulo,SP,Emergente,459.0,3829.13,200826,2025-04-21,Televendas,Parcelado,922.76,6,0.093300,APROVADA,,1,1,2025-04-23,2025-04-23,25377.44,0.0302000000,9.0,LIQUIDADO,Televendas,Parcelado,9,2025-05-23,2026-01-18,25507.74,21570.84,3806.64,ABERTA | ATRASADA | PAGA,10,2025-05-24,2026-01-18,24820.18,227.20,64.28,37.54,27.5017,6.6275,2.0,291.48
10116.0,PJ,49451983273158,2025-05-05,Recife,PE,Premium,684.0,26967.99,200827,2025-09-28,WhatsApp,Capital de Giro,14610.90,3,0.119500,RECUSADA,Política,0,0,,,0.00,,,,,,0,,,0.00,0.00,0.00,,0,,,0.00,0.00,0.00,0.00,0.0000,0.0000,,0.00
10481.0,PF,86338392886,2025-06-23,Goiânia,GO,MEI,415.0,2139.96,200828,2025-02-13,App,Consignado,1120.12,18,0.084900,APROVADA,,1,1,2025-02-22,2025-02-22,23715.58,0.0749000000,12.0,LIQUIDADO,App,Consignado,12,2025-03-24,2026-02-17,23731.57,20158.20,3557.28,ABERTA | PAGA,6,2025-07-02,2026-01-18,11745.67,0.00,0.00,0.00,21.1724,11.0823,9.0,0.00
10391.0,PF,43987801573,2024-07-28,Porto Alegre,RS,MEI,418.0,3191.70,200829,2025-02-16,Televendas,Parcelado,24678.48,24,0.066800,APROVADA,,1,1,2025-02-25,2025-02-25,5789.24,0.0699000000,18.0,ATIVO,Televendas,Parcelado,9,2025-03-27,2025-11-22,5690.20,4920.84,868.41,ABERTA | PAGA,4,2025-05-01,2025-12-12,2540.68,0.00,0.00,2.02,0.2346,1.8138,9.0,0.00
10404.0,PF,56205336452,2025-11-19,Fortaleza,CE,Emergente,469.0,968.02,200830,2025-09-10,App,Capital de Giro,24833.19,6,0.111900,APROVADA,,1,1,2025-09-19,2025-09-19,4238.03,0.0428000000,9.0,ATIVO,App,Capital de Giro,9,2025-10-19,2026-06-16,4189.27,3602.34,635.67,ABERTA | ATRASADA | PAGA,7,2025-10-21,2026-06-18,2736.57,7.71,18.33,6.56,0.1707,4.3780,9.0,26.04
10481.0,PF,86338392886,2025-06-23,Goiânia,GO,MEI,415.0,2139.96,200831,2025-09-08,Loja Parceira,Capital de Giro,23738.39,6,0.016700,APROVADA,,1,1,2025-09-09,2025-09-09,21934.83,0.0755000000,24.0,ATIVO,Loja Parceira,Capital de Giro,12,2025-10-09,2026-09-04,21924.98,18644.64,3290.28,ABERTA | PAGA,9,2025-11-09,2026-07-26,12688.61,0.00,0.00,36.19,0.9240,10.2501,1.0,0.00
10451.0,PF,69961125355,2024-02-17,Curitiba,PR,Mass Market,469.0,1635.00,200832,2025-04-22,App,Antecipação,8859.24,3,0.091600,APROVADA,,1,1,2025-04-30,2025-04-30,24077.52,0.0800000000,12.0,ATIVO,App,Antecipação,12,2025-05-30,2026-04-25,23940.98,20465.88,3611.64,ABERTA | ATRASADA | PAGA,8,2025-05-30,2026-03-16,13851.83,16.74,2.95,25.40,2.7178,14.7263,8.0,19.69
10024.0,PF,98050097882,2025-06-04,Florianópolis,SC,Mass Market,546.0,800.00,200833,2025-03-18,WhatsApp,Parcelado,25198.50,18,0.108300,RECUSADA,Renda insuficiente,0,0,,,0.00,,,,,,0,,,0.00,0.00,0.00,,0,,,0.00,0.00,0.00,0.00,0.0000,0.0000,,0.00
10078.0,PF,71756551256,2025-09-04,Rio de Janeiro,RJ,Premium,307.0,7316.93,200834,2025-12-24,WhatsApp,Parcelado,16518.44,9,0.021500,APROVADA,,1,1,2025-12-27,2025-12-27,9636.98,0.0225000000,6.0,ATIVO,WhatsApp,Parcelado,6,2026-01-26,2026-06-25,9507.62,8191.44,1445.52,ABERTA | ATRASADA | PAGA,5,2026-03-02,2026-06-30,6259.50,10.42,1.65,0.00,0.5834,1.3171,3.0,12.07
10067.0,PJ,13435240824008,2025-10-25,Rio de Janeiro,RJ,MEI,397.0,8179.71,200835,2025-06-04,App,Parcelado,11527.34,12,0.062300,APROVADA,,1,1,2025-06-09,2025-06-09,8158.51,0.0354000000,3.0,ATIVO,App,Parcelado,3,2025-07-09,2025-09-07,8047.84,6934.74,1223.79,ABERTA | ATRASADA | PAGA,2,2025-08-13,2025-09-27,5217.01,3.83,30.85,0.00,0.7078,0.9974,5.0,34.68
10172.0,PF,27677359255,2025-10-15,Rio de Janeiro,RJ,Emergente,591.0,1533.57,200836,2025-10-05,Televendas,Capital de Giro,18947.23,12,0.036500,APROVADA,,1,1,2025-10-17,2025-10-17,15164.13,0.0733000000,24.0,ATIVO,Televendas,Capital de Giro,12,2025-11-16,2026-10-12,15252.43,12889.56,2274.60,ABERTA | ATRASADA | PAGA,11,2025-11-21,2026-10-12,12595.79,40.14,19.69,5.95,0.8003,9.8881,12.0,59.83
10443.0,PF,18750036915,2024-07-07,Belo Horizonte,MG,PME,513.0,5876.44,200837,2025-02-10,App,Parcelado,864.06,18,0.074500,APROVADA,,1,1,2025-02-13,2025-02-13,17658.71,0.0616000000,18.0,LIQUIDADO,App,Parcelado,9,2025-03-15,2025-11-10,17475.45,15009.93,2648.79,ABERTA | ATRASADA | PAGA,7,2025-03-16,2025-11-10,11630.21,56.72,61.29,0.00,20.4369,3.0050,3.0,118.01
10011.0,PJ,80184514627048,2024-08-01,Fortaleza,CE,PME,636.0,69901.42,200838,2025-01-07,App,Consignado,4717.35,12,0.083200,PENDENTE,,0,0,,,0.00,,,,,,0,,,0.00,0.00,0.00,,0,,,0.00,0.00,0.00,0.00,0.0000,0.0000,,0.00
10287.0,PF,63536541951,2025-06-22,Rio de Janeiro,RJ,Emergente,318.0,1139.05,200839,2025-06-26,App,Parcelado,22397.66,12,0.046800,APROVADA,,1,1,2025-07-02,2025-07-02,10214.51,0.0562000000,12.0,ATIVO,App,Parcelado,12,2025-08-01,2026-06-27,10309.50,8682.36,1532.16,ABERTA | PAGA,10,2025-08-02,2026-06-27,6748.32,0.00,0.00,18.66,0.4561,8.9676,6.0,0.00
10127.0,PJ,64535218188355,2025-07-20,Rio de Janeiro,RJ,Emergente,305.0,3463.70,200840,2025-06-06,App,Capital de Giro,7702.77,6,0.063300,APROVADA,,1,1,2025-06-09,2025-06-09,11045.35,0.0686000000,24.0,LIQUIDADO,App,Capital de Giro,12,2025-07-09,2026-06-04,10931.76,9388.56,1656.84,ABERTA | ATRASADA | PAGA,7,2025-10-09,2026-06-05,5347.00,25.72,15.34,0.00,1.4339,3.1889,3.0,41.06
10095.0,PF,69594406409,2025-03-18,Rio de Janeiro,RJ,Premium,639.0,20994.79,200841,2025-03-13,App,Parcelado,18141.27,12,0.044300,APROVADA,,1,1,2025-03-22,2025-03-22,29734.09,0.0182000000,9.0,LIQUIDADO,App,Parcelado,9,2025-04-21,2025-12-17,29505.79,25273.98,4460.13,ABERTA | PAGA,11,2025-04-22,2025-12-17,25849.89,0.00,0.00,2.61,1.6390,1.4163,9.0,0.00
10091.0,PF,24005045562,2024-04-06,São Paulo,SP,MEI,518.0,8688.65,200842,2025-01-12,Loja Parceira,Parcelado,11860.53,18,0.053800,PENDENTE,,0,0,,,0.00,,,,,,0,,,0.00,0.00,0.00,,0,,,0.00,0.00,0.00,0.00,0.0000,0.0000,,0.00
10140.0,PJ,70653794738347,2025-10-02,São Paulo,SP,Emergente,459.0,3829.13,200843,2025-08-29,Televendas,Parcelado,25716.77,24,0.031800,APROVADA,,1,1,2025-09-03,2025-09-03,11117.46,0.0270000000,9.0,ATIVO,Televendas,Parcelado,9,2025-10-03,2026-05-31,11098.02,9449.82,1667.61,ABERTA | ATRASADA | PAGA,5,2025-10-13,2026-05-02,5927.13,3.08,18.01,0.00,0.4323,2.9034,5.0,21.09
10030.0,PF,12411824493,2024-01-14,Belo Horizonte,MG,Premium,636.0,13700.39,200844,2025-08-04,Loja Parceira,Parcelado,28596.25,6,0.108000,RECUSADA,Score baixo,0,0,,,0.00,,,,,,0,,,0.00,0.00,0.00,,0,,,0.00,0.00,0.00,0.00,0.0000,0.0000,,0.00
10333.0,PF,74505444713,2024-04-18,Curitiba,PR,PME,544.0,15015.97,200845,2025-06-20,App,Capital de Giro,26565.16,3,0.016100,APROVADA,,1,1,2025-06-24,2025-06-24,8780.94,0.0410000000,6.0,ATIVO,App,Capital de Giro,6,2025-07-24,2025-12-21,8542.88,7463.82,1317.12,ABERTA | PAGA,4,2025-07-25,2025-11-21,5685.50,0.00,0.00,0.00,0.3305,0.5848,4.0,0.00
10019.0,PF,11656670106,2025-03-11,São Paulo,SP,MEI,367.0,1952.96,200846,2025-11-27,App,Consignado,8483.29,3,0.107700,PENDENTE,,0,0,,,0.00,,,,,,0,,,0.00,0.00,0.00,,0,,,0.00,0.00,0.00,0.00,0.0000,0.0000,,0.00
10145.0,PF,30515220472,2024-01-29,Fortaleza,CE,Emergente,312.0,800.00,200847,2025-01-16,App,Capital de Giro,6227.80,9,0.075000,RECUSADA,Renda insuficiente,0,0,,,0.00,,,,,,0,,,0.00,0.00,0.00,,0,,,0.00,0.00,0.00,0.00,0.0000,0.0000,,0.00
10476.0,PF,87829456511,2025-02-18,São Paulo,SP,Emergente,446.0,800.00,200848,2025-04-20,App,Consignado,14495.83,18,0.049800,RECUSADA,Fraude,0,0,,,0.00,,,,,,0,,,0.00,0.00,0.00,,0,,,0.00,0.00,0.00,0.00,0.0000,0.0000,,0.00
10315.0,PF,70433154100,2024-04-23,Fortaleza,CE,PME,499.0,4389.48,200849,2025-01-04,WhatsApp,Antecipação,716.36,3,0.090900,APROVADA,,1,1,2025-01-07,2025-01-07,4881.26,0.0166000000,6.0,ATIVO,WhatsApp,Antecipação,6,2025-02-06,2025-07-06,4902.68,4149.06,732.18,ABERTA | PAGA,2,2025-04-07,2025-06-11,1609.67,0.00,0.00,0.00,6.8140,1.1120,3.0,0.00
10446.0,PJ,43866322702672,2025-10-31,Salvador,BA,Premium,453.0,15415.88,200850,2025-02-05,App,Capital de Giro,1261.38,12,0.068300,APROVADA,,1,1,2025-02-11,2025-02-11,29798.05,0.0619000000,12.0,LIQUIDADO,App,Capital de Giro,12,2025-03-13,2026-02-06,29830.24,25328.40,4469.76,ABERTA | ATRASADA | PAGA,12,2025-04-13,2026-02-26,24393.82,18.20,7.55,75.64,23.6234,1.9329,6.0,25.75
10389.0,PJ,90947985158328,2024-06-02,Goiânia,GO,PME,672.0,38131.37,200851,2025-02-15,WhatsApp,Antecipação,16822.07,9,0.067400,APROVADA,,1,1,2025-02-23,2025-02-23,5680.20,0.0286000000,3.0,ATIVO,WhatsApp,Antecipação,3,2025-03-25,2025-05-24,5722.85,4828.17,852.03,ABERTA | ATRASADA,1,2025-06-13,2025-06-13,1904.18,31.19,37.58,0.00,0.3377,0.1490,8.0,68.77
10159.0,PF,56909275571,2024-12-04,Salvador,BA,Premium,453.0,7070.23,200852,2025-08-08,Televendas,Capital de Giro,15853.26,3,0.026600,APROVADA,,1,1,2025-08-08,2025-08-08,15095.25,0.0497000000,18.0,ATIVO,Televendas,Capital de Giro,9,2025-09-07,2026-05-05,15170.11,12830.94,2264.31,ABERTA | ATRASADA | PAGA,8,2025-09-07,2026-05-06,13427.98,39.11,31.64,34.83,0.9522,2.1350,0.0,70.75
10348.0,PF,54947170999,2025-10-02,Florianópolis,SC,PME,602.0,3995.55,200853,2025-08-02,Loja Parceira,Parcelado,29840.17,12,0.055900,APROVADA,,1,1,2025-08-04,2025-08-04,20673.37,0.0544000000,6.0,ATIVO,Loja Parceira,Parcelado,6,2025-09-03,2026-01-31,20377.00,17572.38,3100.98,ABERTA | PAGA,4,2025-10-08,2026-02-01,10128.17,0.00,0.00,0.00,0.6928,5.1741,2.0,0.00
10042.0,PF,4436995777,2025-11-20,Florianópolis,SC,MEI,745.0,6516.07,200854,2025-03-14,Televendas,Capital de Giro,6454.33,6,0.040300,APROVADA,,1,1,2025-03-24,2025-03-24,10377.14,0.0655000000,9.0,ATIVO,Televendas,Capital de Giro,9,2025-04-23,2025-12-19,10650.22,8820.54,1556.55,ABERTA | PAGA,8,2025-05-23,2025-11-20,8221.24,0.00,0.00,8.33,1.6078,1.5925,10.0,0.00
10253.0,PF,25537147859,2024-12-09,São Paulo,SP,PME,510.0,5544.04,200855,2025-09-02,Loja Parceira,Parcelado,8114.07,9,0.016600,RECUSADA,Score baixo,0,0,,,0.00,,,,,,0,,,0.00,0.00,0.00,,0,,,0.00,0.00,0.00,0.00,0.0000,0.0000,,0.00
10129.0,PF,,2025-08-24,Florianópolis,SC,Mass Market,411.0,1020.81,200856,2025-01-11,Loja Parceira,Capital de Giro,3849.45,18,0.052800,APROVADA,,1,1,2025-01-19,2025-01-19,3757.08,0.0641000000,9.0,ATIVO,Loja Parceira,Capital de Giro,9,2025-02-18,2025-10-16,3754.78,3193.56,563.58,ABERTA | ATRASADA | PAGA,8,2025-03-25,2025-10-16,2482.88,9.42,11.03,0.00,0.9760,3.6805,8.0,20.45
10059.0,PF,6716572628,2024-04-06,Belo Horizonte,MG,PME,684.0,12007.73,200857,2025-02-22,Loja Parceira,Capital de Giro,27567.52,12,0.024400,APROVADA,,1,1,2025-03-03,2025-03-03,25107.09,0.0407000000,12.0,ATIVO,Loja Parceira,Capital de Giro,12,2025-04-02,2026-02-26,25154.73,21341.04,3766.08,ABERTA | PAGA,13,2025-04-02,2026-04-02,18708.92,0.00,0.00,35.93,0.9107,2.0909,9.0,0.00
10150.0,PJ,51888880670654,2024-11-16,Curitiba,PR,Premium,424.0,15247.41,200858,2025-09-29,Loja Parceira,Parcelado,23445.43,6,0.042000,APROVADA,,1,1,2025-10-06,2025-10-06,14890.77,0.0229000000,12.0,LIQUIDADO,Loja Parceira,Parcelado,12,2025-11-05,2026-10-01,14806.85,12657.12,2233.56,ABERTA | ATRASADA | PAGA,11,2025-11-25,2026-10-03,12116.46,15.71,17.21,1.93,0.6351,0.9766,7.0,32.92
10466.0,PF,12046187234,2025-03-07,São Paulo,SP,PME,480.0,4469.09,200859,2025-04-11,App,Parcelado,24759.00,24,0.024700,PENDENTE,,0,0,,,0.00,,,,,,0,,,0.00,0.00,0.00,,0,,,0.00,0.00,0.00,0.00,0.0000,0.0000,,0.00
10286.0,PF,307562208,2025-08-04,Belo Horizonte,MG,Premium,732.0,18797.92,200860,2025-07-31,App,Consignado,27131.53,12,0.025600,APROVADA,,1,1,2025-08-07,2025-08-07,4609.25,0.0567000000,9.0,ATIVO,App,Consignado,9,2025-09-06,2026-05-04,4602.40,3917.88,691.38,ABERTA | ATRASADA | PAGA,3,2025-10-11,2026-02-04,1482.22,1.66,4.76,0.00,0.1699,0.2452,7.0,6.42
10498.0,PJ,5147705383388,2024-06-07,Porto Alegre,RS,Mass Market,698.0,26408.43,200861,2025-05-09,App,Capital de Giro,15984.55,18,0.035900,RECUSADA,Renda insuficiente,0,0,,,0.00,,,,,,0,,,0.00,0.00,0.00,,0,,,0.00,0.00,0.00,0.00,0.0000,0.0000,,0.00
10004.0,PF,61849593103,2025-11-20,Florianópolis,SC,MEI,575.0,8898.96,200862,2025-11-08,Loja Parceira,Parcelado,13810.20,3,0.120000,APROVADA,,1,1,2025-11-17,2025-11-17,7160.01,0.0189000000,12.0,LIQUIDADO,Loja Parceira,Parcelado,12,2025-12-17,2026-11-12,7127.13,6086.04,1074.00,ABERTA | PAGA,9,2026-02-15,2026-10-15,4680.38,0.00,0.00,2.19,0.5185,0.8046,9.0,0.00
10466.0,PF,12046187234,2025-03-07,São Paulo,SP,PME,480.0,4469.09,200863,2025-10-12,App,Capital de Giro,10246.55,3,0.015200,APROVADA,,1,1,2025-10-12,2025-10-12,15256.83,0.0888000000,9.0,ATIVO,App,Capital de Giro,9,2025-11-11,2026-07-09,15198.76,12968.28,2288.52,ABERTA | ATRASADA | PAGA,6,2025-12-16,2026-05-15,8264.06,45.46,28.84,0.00,1.4890,3.4139,0.0,74.30
10417.0,PF,42869904137,2024-10-13,Florianópolis,SC,Premium,543.0,8446.75,200864,2025-08-12,Indicação,Capital de Giro,17881.83,3,0.082100,APROVADA,,1,1,2025-08-20,2025-08-20,9635.62,0.0939000000,24.0,ATIVO,Indicação,Capital de Giro,12,2025-09-19,2026-08-15,9713.25,8190.24,1445.40,ABERTA | ATRASADA | PAGA,10,2025-10-21,2026-08-20,8101.56,26.03,21.43,11.98,0.5388,1.1407,8.0,47.46
10265.0,PF,32536729466,2025-06-12,Salvador,BA,PME,459.0,4249.28,200865,2025-07-03,WhatsApp,Parcelado,13901.21,6,0.029800,APROVADA,,1,1,2025-07-04,2025-07-04,24562.13,0.0935000000,6.0,ATIVO,WhatsApp,Parcelado,6,2025-08-03,2025-12-31,24715.23,20877.84,3684.30,ABERTA | PAGA,7,2025-08-03,2026-01-05,20232.79,0.00,0.00,38.68,1.7669,5.7803,1.0,0.00
10344.0,PF,28309652074,2025-09-18,Curitiba,PR,Mass Market,478.0,1468.28,200866,2025-01-25,App,Consignado,13821.18,12,0.111700,RECUSADA,Renda insuficiente,0,0,,,0.00,,,,,,0,,,0.00,0.00,0.00,,0,,,0.00,0.00,0.00,0.00,0.0000,0.0000,,0.00
10129.0,PF,,2025-08-24,Florianópolis,SC,Mass Market,411.0,1020.81,200867,2025-10-26,App,Capital de Giro,28139.37,24,0.024800,RECUSADA,Renda insuficiente,0,0,,,0.00,,,,,,0,,,0.00,0.00,0.00,,0,,,0.00,0.00,0.00,0.00,0.0000,0.0000,,0.00
10381.0,PF,58333945228,2024-08-31,Curitiba,PR,PME,576.0,6460.99,200868,2025-10-05,Televendas,Parcelado,29528.93,12,0.115300,APROVADA,,1,1,2025-10-10,2025-10-10,2354.30,0.0552000000,9.0,CANCELADO,Televendas,Parcelado,9,2025-11-09,2026-07-07,2344.22,2001.15,353.16,ABERTA | ATRASADA,3,2026-03-10,2026-07-07,752.02,9.77,9.51,0.00,0.0797,0.3644,5.0,19.28
10266.0,PF,71168457759,2025-03-17,Goiânia,GO,Premium,303.0,3988.66,200869,2025-07-12,Televendas,Antecipação,23996.29,9,0.079100,PENDENTE,,0,0,,,0.00,,,,,,0,,,0.00,0.00,0.00,,0,,,0.00,0.00,0.00,0.00,0.0000,0.0000,,0.00
10177.0,PF,4797480162,2025-06-03,Salvador,BA,PME,540.0,6368.24,200870,2025-09-18,WhatsApp,Antecipação,22824.36,12,0.015100,APROVADA,,1,1,2025-09-24,2025-09-24,28887.94,0.0423000000,12.0,ATIVO,WhatsApp,Antecipação,12,2025-10-24,2026-09-19,28980.74,24554.76,4333.20,ABERTA | ATRASADA | PAGA,9,2025-10-26,2026-09-24,18965.30,54.40,21.49,0.00,1.2657,4.5363,6.0,75.89
10252.0,PJ,93796603341918,2024-02-17,São Paulo,SP,PME,504.0,40386.24,200871,2025-12-17,App,Parcelado,20576.47,6,0.108900,PENDENTE,,0,0,,,0.00,,,,,,0,,,0.00,0.00,0.00,,0,,,0.00,0.00,0.00,0.00,0.0000,0.0000,,0.00
10414.0,PF,43222591365,2024-02-06,Goiânia,GO,PME,527.0,7872.86,200872,2025-03-04,App,Parcelado,5399.21,12,0.069800,PENDENTE,,0,0,,,0.00,,,,,,0,,,0.00,0.00,0.00,,0,,,0.00,0.00,0.00,0.00,0.0000,0.0000,,0.00
10055.0,PJ,10033092327193,2024-11-07,Curitiba,PR,Premium,507.0,39469.72,200873,2025-10-02,App,Parcelado,2243.62,12,0.042600,APROVADA,,1,1,2025-10-03,2025-10-03,28709.26,0.0669000000,6.0,LIQUIDADO,App,Parcelado,6,2025-11-02,2026-04-01,28206.23,24402.90,4306.38,ABERTA | PAGA,3,2025-11-04,2026-04-11,13775.75,0.00,0.00,0.00,12.7960,0.7274,1.0,0.00
10462.0,PF,89448463122,2025-02-09,São Paulo,SP,Premium,787.0,4337.69,200874,2025-01-02,App,Capital de Giro,20876.43,18,0.095600,APROVADA,,1,1,2025-01-08,2025-01-08,2045.97,0.0330000000,3.0,ATIVO,App,Capital de Giro,3,2025-02-07,2025-04-08,2072.27,1739.07,306.90,ABERTA | PAGA,4,2025-02-07,2025-03-19,1356.45,0.00,0.00,0.00,0.0980,0.4717,6.0,0.00
10456.0,PF,5577848728,2024-09-11,Salvador,BA,Premium,375.0,4047.97,200875,2025-09-22,WhatsApp,Capital de Giro,21999.19,24,0.112300,APROVADA,,1,1,2025-09-24,2025-09-24,3299.78,0.0875000000,6.0,ATIVO,WhatsApp,Capital de Giro,6,2025-10-24,2026-03-23,3242.70,2804.82,494.94,ATRASADA | PAGA,7,2025-11-25,2026-04-27,3214.02,12.01,8.71,1.96,0.1500,0.8152,2.0,20.72
10470.0,PF,30097925132,2024-12-18,Porto Alegre,RS,MEI,498.0,10053.60,200876,2025-12-03,WhatsApp,Capital de Giro,1885.70,6,0.065800,RECUSADA,Score baixo,0,0,,,0.00,,,,,,0,,,0.00,0.00,0.00,,0,,,0.00,0.00,0.00,0.00,0.0000,0.0000,,0.00
10082.0,PF,24808613171,2025-12-11,Porto Alegre,RS,MEI,711.0,8444.73,200877,2025-12-02,Loja Parceira,Consignado,27877.53,12,0.048100,APROVADA,,1,1,2025-12-09,2025-12-09,3774.35,0.0408000000,3.0,ATIVO,Loja Parceira,Consignado,3,2026-01-08,2026-03-09,3769.44,3208.20,566.16,ABERTA | PAGA,2,2026-01-08,2026-03-19,2522.36,0.00,0.00,0.00,0.1354,0.4469,7.0,0.00
10392.0,PF,99305616484,2025-01-23,Rio de Janeiro,RJ,MEI,673.0,10782.73,200878,2025-11-06,Televendas,Antecipação,3188.65,24,0.097800,PENDENTE,,0,0,,,0.00,,,,,,0,,,0.00,0.00,0.00,,0,,,0.00,0.00,0.00,0.00,0.0000,0.0000,,0.00
10098.0,PF,56232858842,2024-06-17,Curitiba,PR,PME,481.0,9614.90,200879,2025-06-22,Loja Parceira,Parcelado,8934.07,18,0.086600,RECUSADA,Documentação,0,0,,,0.00,,,,,,0,,,0.00,0.00,0.00,,0,,,0.00,0.00,0.00,0.00,0.0000,0.0000,,0.00
10148.0,PF,71179808932,2025-12-03,São Paulo,SP,PME,325.0,4067.45,200880,2025-09-12,Loja Parceira,Parcelado,20335.50,12,0.108300,APROVADA,,1,1,2025-09-23,2025-09-23,19268.46,0.0182000000,12.0,LIQUIDADO,Loja Parceira,Parcelado,12,2025-10-23,2026-09-18,19282.54,16378.20,2890.32,ABERTA | ATRASADA | PAGA,9,2025-12-22,2026-10-23,14287.22,71.56,27.40,0.00,0.9475,4.7372,11.0,98.96
10328.0,PF,6163294511,2025-02-25,Rio de Janeiro,RJ,PME,571.0,8903.50,200881,2025-03-09,App,Parcelado,5511.24,24,0.087700,APROVADA,,1,1,2025-03-15,2025-03-15,5179.80,0.0928000000,18.0,ATIVO,App,Parcelado,9,2025-04-14,2025-12-10,5174.84,4402.80,776.97,ABERTA | PAGA,6,2025-07-14,2025-12-12,3407.41,0.00,0.00,18.09,0.9399,0.5818,6.0,0.00
10155.0,PF,27758416169,2024-08-02,Curitiba,PR,Emergente,598.0,1836.43,200882,2025-09-03,Indicação,Parcelado,2134.77,3,0.040600,RECUSADA,Renda insuficiente,0,0,,,0.00,,,,,,0,,,0.00,0.00,0.00,,0,,,0.00,0.00,0.00,0.00,0.0000,0.0000,,0.00
10189.0,PF,84419866524,2025-02-05,Rio de Janeiro,RJ,Mass Market,417.0,1813.25,200883,2025-02-09,App,Capital de Giro,10268.82,24,0.112800,APROVADA,,1,1,2025-02-14,2025-02-14,20665.98,0.0793000000,9.0,LIQUIDADO,App,Capital de Giro,9,2025-03-16,2025-11-11,20478.25,17566.11,3099.87,ABERTA | ATRASADA | PAGA,4,2025-04-15,2025-10-17,9017.74,23.22,8.92,0.00,2.0125,11.3972,5.0,32.14
10493.0,PF,41686227837,2025-03-11,Salvador,BA,PME,699.0,5367.90,200884,2025-10-31,Indicação,Antecipação,23096.16,3,0.026000,RECUSADA,Fraude,0,0,,,0.00,,,,,,0,,,0.00,0.00,0.00,,0,,,0.00,0.00,0.00,0.00,0.0000,0.0000,,0.00
10370.0,PF,77217535408,2025-01-11,Porto Alegre,RS,PME,528.0,5290.83,200885,2025-12-24,Televendas,Parcelado,12703.52,12,0.043100,APROVADA,,1,1,2025-12-26,2025-12-26,17363.28,0.0918000000,3.0,LIQUIDADO,Televendas,Parcelado,3,2026-01-25,2026-03-26,17757.51,14758.80,2604.48,ATRASADA | PAGA,4,2026-02-25,2026-03-28,17535.44,79.61,57.79,147.96,1.3668,3.2818,2.0,137.40
10262.0,PF,51713395962,2025-12-15,Recife,PE,Premium,512.0,9674.36,200886,2025-06-04,App,Capital de Giro,19762.70,24,0.069600,APROVADA,,1,1,2025-06-05,2025-06-05,2455.56,0.0899000000,12.0,ATIVO,App,Capital de Giro,12,2025-07-05,2026-05-31,2451.00,2087.28,368.28,ABERTA | ATRASADA | PAGA,9,2025-09-23,2026-07-05,1619.17,3.71,2.83,0.00,0.1243,0.2538,1.0,6.54
10079.0,PF,74680715451,2024-04-16,Salvador,BA,Mass Market,608.0,5295.38,200887,2025-07-07,Loja Parceira,Antecipação,17598.76,9,0.074400,APROVADA,,1,1,2025-07-07,2025-07-07,22514.50,0.1017000000,18.0,ATIVO,Loja Parceira,Antecipação,9,2025-08-06,2026-04-03,22298.07,19137.33,3377.16,ABERTA | ATRASADA | PAGA,9,2025-08-16,2026-04-04,19648.83,64.38,32.67,0.00,1.2793,4.2517,0.0,97.05
10399.0,PJ,24508821009968,2025-02-12,Florianópolis,SC,Mass Market,323.0,9273.72,200888,2025-05-29,Televendas,Parcelado,1155.45,12,0.016600,RECUSADA,Política,0,0,,,0.00,,,,,,0,,,0.00,0.00,0.00,,0,,,0.00,0.00,0.00,0.00,0.0000,0.0000,,0.00
10251.0,PF,58673622660,2025-09-07,Curitiba,PR,PME,430.0,11251.88,200889,2025-10-05,Loja Parceira,Parcelado,29661.93,9,0.097000,APROVADA,,1,1,2025-10-09,2025-10-09,25465.48,0.0540000000,3.0,ATIVO,Loja Parceira,Parcelado,3,2025-11-08,2026-01-07,25160.70,21645.66,3819.81,ABERTA | PAGA,2,2025-11-18,2026-01-07,16236.39,0.00,0.00,0.00,0.8585,2.2632,4.0,0.00
10096.0,PF,9743953394,2025-03-23,São Paulo,SP,Mass Market,532.0,1508.52,200890,2025-04-25,Indicação,Parcelado,1722.13,24,0.053000,RECUSADA,Documentação,0,0,,,0.00,,,,,,0,,,0.00,0.00,0.00,,0,,,0.00,0.00,0.00,0.00,0.0000,0.0000,,0.00
10259.0,PF,72190340438,2024-06-01,São Paulo,SP,Mass Market,520.0,5502.77,200891,2025-06-19,Indicação,Parcelado,29050.18,18,0.057700,APROVADA,,1,1,2025-06-24,2025-06-24,5653.90,0.1043000000,9.0,ATIVO,Indicação,Parcelado,9,2025-07-24,2026-03-21,5677.39,4805.82,848.07,ABERTA | PAGA,4,2025-09-22,2026-01-30,2487.55,0.00,0.00,0.00,0.1946,1.0275,5.0,0.00
10259.0,PF,72190340438,2024-06-01,São Paulo,SP,Mass Market,520.0,5502.77,200892,2025-07-09,App,Consignado,16720.99,18,0.100000,RECUSADA,Documentação,0,0,,,0.00,,,,,,0,,,0.00,0.00,0.00,,0,,,0.00,0.00,0.00,0.00,0.0000,0.0000,,0.00
10102.0,PF,17461200471,2024-04-07,Goiânia,GO,PME,432.0,5248.70,200893,2025-06-30,App,Parcelado,28913.19,12,0.054800,RECUSADA,Documentação,0,0,,,0.00,,,,,,0,,,0.00,0.00,0.00,,0,,,0.00,0.00,0.00,0.00,0.0000,0.0000,,0.00
10039.0,PF,34060883561,2024-10-09,Florianópolis,SC,Premium,508.0,8868.85,200894,2025-05-12,Indicação,Parcelado,3885.23,18,0.020000,APROVADA,,1,1,2025-05-17,2025-05-17,805.20,0.1092000000,12.0,ATIVO,Indicação,Parcelado,12,2025-06-16,2026-05-12,812.83,684.48,120.84,ABERTA | ATRASADA | PAGA,8,2025-07-17,2026-05-14,469.11,0.73,0.59,0.01,0.2072,0.0908,5.0,1.32
10272.0,PJ,51627136111554,2025-02-23,Florianópolis,SC,Emergente,300.0,7218.63,200895,2025-04-15,WhatsApp,Parcelado,14967.05,9,0.033500,RECUSADA,Política,0,0,,,0.00,,,,,,0,,,0.00,0.00,0.00,,0,,,0.00,0.00,0.00,0.00,0.0000,0.0000,,0.00
10100.0,PF,51604817549,2024-02-28,Recife,PE,Premium,524.0,11064.06,200896,2025-09-20,App,Consignado,5500.37,12,0.115400,APROVADA,,1,1,2025-09-21,2025-09-21,539.99,0.0839000000,9.0,ATIVO,App,Consignado,9,2025-10-21,2026-06-18,535.21,459.00,81.00,ABERTA | ATRASADA | PAGA,6,2025-10-22,2026-06-28,351.25,0.25,0.79,0.16,0.0982,0.0488,1.0,1.04
10358.0,PJ,167618472304,2025-01-04,Florianópolis,SC,Premium,428.0,14362.48,200897,2025-01-30,App,Parcelado,2003.76,18,0.022400,APROVADA,,1,1,2025-02-01,2025-02-01,7792.55,0.0538000000,18.0,ATIVO,App,Parcelado,9,2025-03-03,2025-10-29,7776.64,6623.64,1168.92,ABERTA | ATRASADA | PAGA,7,2025-04-02,2025-12-03,5059.11,16.36,14.96,0.00,3.8890,0.5426,2.0,31.32
10379.0,PF,16995866934,2025-09-11,São Paulo,SP,Emergente,535.0,1821.39,200898,2025-06-29,Loja Parceira,Parcelado,18717.11,9,0.052300,APROVADA,,1,1,2025-07-06,2025-07-06,18685.60,0.0437000000,24.0,ATIVO,Loja Parceira,Parcelado,12,2025-08-05,2026-07-01,18729.61,15882.72,2802.84,ABERTA | PAGA,10,2025-10-09,2026-07-06,13791.86,0.00,0.00,0.00,0.9983,10.2590,7.0,0.00
10307.0,PF,80396522395,2025-08-30,Recife,PE,Mass Market,481.0,1151.49,200899,2025-05-21,Indicação,Parcelado,6629.61,3,0.067800,RECUSADA,Renda insuficiente,0,0,,,0.00,,,,,,0,,,0.00,0.00,0.00,,0,,,0.00,0.00,0.00,0.00,0.0000,0.0000,,0.00
10411.0,PJ,56770051844989,2024-02-07,Fortaleza,CE,MEI,445.0,4832.81,200448,2025-06-08,Televendas,Capital de Giro,3249.29,18,0.109300,APROVADA,,1,1,2025-06-17,2025-06-17,25413.39,0.1032000000,12.0,ATIVO,Televendas,Capital de Giro,12,2025-07-17,2026-06-12,25372.90,21601.44,3812.04,ABERTA | ATRASADA | PAGA,10,2025-08-18,2026-06-13,16633.79,45.29,73.05,24.60,7.8212,5.2585,9.0,118.34
10459.0,PF,8254780774,2024-10-23,Rio de Janeiro,RJ,MEI,410.0,3245.29,200735,2025-10-27,WhatsApp,Parcelado,13994.57,18,0.078500,RECUSADA,Fraude,0,0,,,0.00,,,,,,0,,,0.00,0.00,0.00,,0,,,0.00,0.00,0.00,0.00,0.0000,0.0000,,0.00
10101.0,PF,65137098593,2025-07-23,São Paulo,SP,Emergente,584.0,1400.00,888888888,2025-07-31,App,Antecipação,5089.36,12,0.022800,APROVADA,,0,0,,,0.00,,,,,,0,,,0.00,0.00,0.00,,0,,,0.00,0.00,0.00,0.00,0.0000,0.0000,,0.00
